Type,Air temperature [K],Process temperature [K],Rotational speed [rpm],Torque [Nm],Tool wear [min],Machine failure,TWF,HDF,PWF,OSF,RNF,Type_enc,temp_diff,power_proxy,wear_category,high_wear,high_torque,low_speed,strain_index,overheat,failure_mode_count
M,298.1,308.6,1551,42.8,0,0,0,0,0,0,0,1,10.5,6.9511,Fresh(0-50),0,0,0,0,0,0
L,298.2,308.7,1408,46.3,3,0,0,0,0,0,0,0,10.5,6.8262,Fresh(0-50),0,0,1,0,0,0
L,298.1,308.5,1498,49.4,5,0,0,0,0,0,0,0,10.4,7.7488,Fresh(0-50),0,1,0,0,0,0
L,298.2,308.6,1433,39.5,7,0,0,0,0,0,0,0,10.4,5.9271,Fresh(0-50),0,0,0,0,0,0
L,298.2,308.7,1408,40.0,9,0,0,0,0,0,0,0,10.5,5.8974,Fresh(0-50),0,0,1,0,0,0
M,298.1,308.6,1425,41.9,11,0,0,0,0,0,0,1,10.5,6.2521,Fresh(0-50),0,0,0,0,0,0
L,298.1,308.6,1558,42.4,14,0,0,0,0,0,0,0,10.5,6.9172,Fresh(0-50),0,0,0,0,0,0
L,298.1,308.6,1527,40.2,16,0,0,0,0,0,0,0,10.5,6.4278,Fresh(0-50),0,0,0,0,0,0
M,298.3,308.7,1667,28.6,18,0,0,0,0,0,0,1,10.4,4.9923,Fresh(0-50),0,0,0,0,0,0
M,298.5,309.0,1741,28.0,21,0,0,0,0,0,0,1,10.5,5.1045,Fresh(0-50),0,0,0,0,0,0
H,298.4,308.9,1782,23.9,24,0,0,0,0,0,0,2,10.5,4.4597,Fresh(0-50),0,0,0,0,0,0
H,298.6,309.1,1423,44.3,29,0,0,0,0,0,0,2,10.5,6.6009,Fresh(0-50),0,0,0,0,0,0
M,298.6,309.1,1339,51.1,34,0,0,0,0,0,0,1,10.5,7.1647,Fresh(0-50),0,1,1,1,0,0
M,298.6,309.2,1742,30.0,37,0,0,0,0,0,0,1,10.6,5.4723,Fresh(0-50),0,0,0,0,0,0
L,298.6,309.2,2035,19.6,40,0,0,0,0,0,0,0,10.6,4.1765,Fresh(0-50),0,0,0,0,0,0
L,298.6,309.2,1542,48.4,42,0,0,0,0,0,0,0,10.6,7.815,Fresh(0-50),0,1,0,0,0,0
M,298.6,309.2,1311,46.6,44,0,0,0,0,0,0,1,10.6,6.3971,Fresh(0-50),0,0,1,0,0,0
M,298.7,309.2,1410,45.6,47,0,0,0,0,0,0,1,10.5,6.7326,Fresh(0-50),0,0,1,0,0,0
H,298.8,309.2,1306,54.5,50,0,0,0,0,0,0,2,10.4,7.4531,Fresh(0-50),0,1,1,1,0,0
M,298.9,309.3,1632,32.5,55,0,0,0,0,0,0,1,10.4,5.5539,Low(51-100),0,0,0,0,0,0
H,298.9,309.3,1375,42.7,58,0,0,0,0,0,0,2,10.4,6.1479,Low(51-100),0,0,1,0,0,0
L,298.8,309.3,1450,44.8,63,0,0,0,0,0,0,0,10.5,6.8021,Low(51-100),0,0,0,0,0,0
M,298.9,309.3,1581,30.7,65,0,0,0,0,0,0,1,10.4,5.0824,Low(51-100),0,0,0,0,0,0
L,299.0,309.4,1758,25.7,68,0,0,0,0,0,0,0,10.4,4.731,Low(51-100),0,0,0,0,0,0
M,299.0,309.4,1561,37.3,70,0,0,0,0,0,0,1,10.4,6.0969,Low(51-100),0,0,0,0,0,0
L,299.0,309.5,1861,23.3,73,0,0,0,0,0,0,0,10.5,4.5405,Low(51-100),0,0,0,0,0,0
L,299.1,309.5,1512,39.0,75,0,0,0,0,0,0,0,10.4,6.1747,Low(51-100),0,0,0,0,0,0
H,299.1,309.4,1811,24.6,77,0,0,0,0,0,0,2,10.3,4.665,Low(51-100),0,0,0,0,0,0
L,299.1,309.4,1439,44.2,82,0,0,0,0,0,0,0,10.3,6.6601,Low(51-100),0,0,0,0,0,0
L,299.0,309.4,1693,30.1,84,0,0,0,0,0,0,0,10.4,5.3361,Low(51-100),0,0,0,0,0,0
M,299.1,309.5,1339,48.2,86,0,0,0,0,0,0,1,10.4,6.7581,Low(51-100),0,1,1,1,0,0
L,299.0,309.4,1798,25.5,89,0,0,0,0,0,0,0,10.4,4.8009,Low(51-100),0,0,0,0,0,0
L,299.0,309.4,1419,48.3,91,0,0,0,0,0,0,0,10.4,7.1767,Low(51-100),0,1,1,1,0,0
L,298.9,309.3,1665,32.5,93,0,0,0,0,0,0,0,10.4,5.6662,Low(51-100),0,0,0,0,0,0
M,298.8,309.1,1559,34.7,95,0,0,0,0,0,0,1,10.3,5.6646,Low(51-100),0,0,0,0,0,0
M,298.8,309.2,1452,48.6,98,0,0,0,0,0,0,1,10.4,7.3892,Low(51-100),0,1,0,0,0,0
M,298.9,309.2,1581,36.7,101,0,0,0,0,0,0,1,10.3,6.0757,Medium(101-150),0,0,0,0,0,0
L,298.8,309.1,1439,39.2,104,0,0,0,0,0,0,0,10.3,5.9067,Medium(101-150),0,0,0,0,0,0
H,298.9,309.2,1379,50.7,106,0,0,0,0,0,0,2,10.3,7.321,Medium(101-150),0,1,1,1,0,0
L,298.8,309.1,1350,52.5,111,0,0,0,0,0,0,0,10.3,7.4215,Medium(101-150),0,1,1,1,0,0
L,298.8,309.1,1362,45.4,113,0,0,0,0,0,0,0,10.3,6.4748,Medium(101-150),0,0,1,0,0,0
L,298.8,309.1,1368,50.8,115,0,0,0,0,0,0,0,10.3,7.2769,Medium(101-150),0,1,1,1,0,0
M,298.8,309.1,1368,49.1,117,0,0,0,0,0,0,1,10.3,7.0334,Medium(101-150),0,1,1,1,0,0
H,298.8,309.2,1372,48.5,120,0,0,0,0,0,0,2,10.4,6.9677,Medium(101-150),0,1,1,1,0,0
M,298.8,309.1,1472,47.5,125,0,0,0,0,0,0,1,10.3,7.3215,Medium(101-150),0,1,0,0,0,0
L,298.8,309.1,1489,49.1,128,0,0,0,0,0,0,0,10.3,7.6555,Medium(101-150),0,1,0,0,0,0
M,298.7,309.0,1843,25.8,130,0,0,0,0,0,0,1,10.3,4.979,Medium(101-150),0,0,0,0,0,0
L,298.8,309.1,1418,46.3,133,0,0,0,0,0,0,0,10.3,6.8747,Medium(101-150),0,0,1,0,0,0
H,298.8,309.2,1425,53.9,135,0,0,0,0,0,0,2,10.4,8.0427,Medium(101-150),0,1,0,0,0,0
M,298.9,309.2,1412,44.1,140,0,0,0,0,0,0,1,10.3,6.5203,Medium(101-150),0,0,1,0,0,0
L,298.9,309.1,2861,4.6,143,1,0,0,1,0,0,0,10.2,1.3781,Medium(101-150),0,0,0,0,0,1
L,298.9,309.1,1383,54.9,145,0,0,0,0,0,0,0,10.2,7.9504,Medium(101-150),0,1,1,1,0,0
H,298.8,309.0,1497,43.8,147,0,0,0,0,0,0,2,10.2,6.8658,Medium(101-150),0,0,0,0,0,0
L,298.7,309.0,1565,35.1,152,0,0,0,0,0,0,0,10.3,5.752,High(151-200),0,0,0,0,0,0
L,298.7,309.0,1691,30.1,154,0,0,0,0,0,0,0,10.3,5.3297,High(151-200),0,0,0,0,0,0
L,298.8,309.1,1512,40.7,156,0,0,0,0,0,0,0,10.3,6.4438,High(151-200),0,0,0,0,0,0
L,298.8,309.1,1477,42.4,158,0,0,0,0,0,0,0,10.3,6.5576,High(151-200),0,0,0,0,0,0
L,298.8,309.1,1513,40.3,160,0,0,0,0,0,0,0,10.3,6.3847,High(151-200),0,0,0,0,0,0
M,298.8,309.0,1661,29.5,162,0,0,0,0,0,0,1,10.2,5.1308,High(151-200),0,0,0,0,0,0
L,298.8,309.1,1378,54.4,165,0,0,0,0,0,0,0,10.3,7.8495,High(151-200),0,1,1,1,0,0
L,298.8,309.1,1393,52.6,167,0,0,0,0,0,0,0,10.3,7.6724,High(151-200),0,1,1,1,0,0
M,298.8,309.0,1592,38.2,169,0,0,0,0,0,0,1,10.2,6.368,High(151-200),0,0,0,0,0,0
L,298.8,309.0,1829,22.9,172,0,0,0,0,0,0,0,10.2,4.3858,High(151-200),0,0,0,0,0,0
M,298.9,309.0,1812,25.9,174,0,0,0,0,0,0,1,10.1,4.9142,High(151-200),0,0,0,0,0,0
L,299.0,309.1,1523,38.6,177,0,0,0,0,0,0,0,10.1,6.1558,High(151-200),0,0,0,0,0,0
L,299.0,309.1,1394,45.1,179,0,0,0,0,0,0,0,10.1,6.5832,High(151-200),0,0,1,0,0,0
M,298.9,308.9,1679,28.7,181,0,0,0,0,0,0,1,10.0,5.0458,High(151-200),0,0,0,0,0,0
H,298.8,308.9,1466,44.1,184,0,0,0,0,0,0,2,10.1,6.7697,High(151-200),0,0,0,0,0,0
L,298.8,308.9,1527,32.4,189,0,0,0,0,0,0,0,10.1,5.1806,High(151-200),0,0,0,0,0,0
L,298.9,309.0,1410,65.7,191,1,0,0,1,1,0,0,10.1,9.7002,High(151-200),0,1,1,1,0,2
M,298.9,309.0,1924,22.6,193,0,0,0,0,0,0,1,10.1,4.5531,High(151-200),0,0,0,0,0,0
L,298.9,309.1,1452,45.5,196,0,0,0,0,0,0,0,10.2,6.9179,High(151-200),0,0,0,0,0,0
L,298.9,309.1,1369,44.4,198,0,0,0,0,0,0,0,10.2,6.3648,High(151-200),0,0,1,0,0,0
L,299.0,309.1,1592,35.0,200,0,0,0,0,0,0,0,10.1,5.8346,High(151-200),0,0,0,0,0,0
L,298.9,309.0,1601,32.3,202,0,0,0,0,0,0,0,10.1,5.4149,Critical(>200),1,0,0,0,0,0
L,298.8,308.9,1379,46.7,204,0,0,0,0,0,0,0,10.1,6.7434,Critical(>200),1,0,1,0,0,0
L,298.8,308.9,1461,47.9,206,0,0,0,0,0,0,0,10.1,7.3279,Critical(>200),1,1,0,0,0,0
L,298.8,308.9,1455,41.3,208,1,1,0,0,0,0,0,10.1,6.2923,Critical(>200),1,0,0,0,0,1
L,298.8,308.9,1398,51.5,0,0,0,0,0,0,0,0,10.1,7.539,Fresh(0-50),0,1,1,1,0,0
L,298.8,308.9,1402,37.9,2,0,0,0,0,0,0,0,10.1,5.564,Fresh(0-50),0,0,1,0,0,0
H,298.8,308.8,1445,49.9,4,0,0,0,0,0,0,2,10.0,7.5503,Fresh(0-50),0,1,0,0,0,0
L,298.9,308.9,1450,47.5,9,0,0,0,0,0,0,0,10.0,7.212,Fresh(0-50),0,1,0,0,0,0
L,298.9,308.9,1453,40.8,11,0,0,0,0,0,0,0,10.0,6.2076,Fresh(0-50),0,0,0,0,0,0
L,299.0,309.0,1469,40.1,13,0,0,0,0,0,0,0,10.0,6.1683,Fresh(0-50),0,0,0,0,0,0
L,298.9,308.9,1422,47.6,15,0,0,0,0,0,0,0,10.0,7.0877,Fresh(0-50),0,1,1,1,0,0
M,299.0,309.0,1804,26.8,17,0,0,0,0,0,0,1,10.0,5.0625,Fresh(0-50),0,0,0,0,0,0
H,299.0,309.0,1436,43.9,20,0,0,0,0,0,0,2,10.0,6.6011,Fresh(0-50),0,0,0,0,0,0
L,299.0,309.0,1544,31.8,25,0,0,0,0,0,0,0,10.0,5.1413,Fresh(0-50),0,0,0,0,0,0
M,299.0,309.0,1419,45.2,27,0,0,0,0,0,0,1,10.0,6.7161,Fresh(0-50),0,0,1,0,0,0
M,298.9,308.9,1487,39.5,30,0,0,0,0,0,0,1,10.0,6.1504,Fresh(0-50),0,0,0,0,0,0
L,298.9,308.9,1753,25.8,33,0,0,0,0,0,0,0,10.0,4.7359,Fresh(0-50),0,0,0,0,0,0
L,298.9,308.9,1830,24.9,35,0,0,0,0,0,0,0,10.0,4.7714,Fresh(0-50),0,0,0,0,0,0
M,298.9,308.9,1727,27.1,37,0,0,0,0,0,0,1,10.0,4.9007,Fresh(0-50),0,0,0,0,0,0
L,299.1,309.0,1450,43.0,40,0,0,0,0,0,0,0,9.9,6.5288,Fresh(0-50),0,0,0,0,0,0
L,299.0,308.9,1622,31.9,42,0,0,0,0,0,0,0,9.9,5.418,Fresh(0-50),0,0,0,0,0,0
M,299.0,309.0,1351,52.2,44,0,0,0,0,0,0,1,10.0,7.3845,Fresh(0-50),0,1,1,1,0,0
M,299.0,309.0,1575,35.3,47,0,0,0,0,0,0,1,10.0,5.8217,Fresh(0-50),0,0,0,0,0,0
M,298.9,308.9,1750,29.9,50,0,0,0,0,0,0,1,10.0,5.4791,Fresh(0-50),0,0,0,0,0,0
L,298.9,308.8,1529,32.7,53,0,0,0,0,0,0,0,9.9,5.2354,Low(51-100),0,0,0,0,0,0
L,298.8,308.8,1523,44.4,55,0,0,0,0,0,0,0,10.0,7.0808,Low(51-100),0,0,0,0,0,0
L,298.8,308.9,1852,25.0,57,0,0,0,0,0,0,0,10.1,4.8482,Low(51-100),0,0,0,0,0,0
L,298.8,308.8,1991,20.7,59,0,0,0,0,0,0,0,10.0,4.3156,Low(51-100),0,0,0,0,0,0
L,298.8,308.8,1555,40.6,61,0,0,0,0,0,0,0,10.0,6.6108,Low(51-100),0,0,0,0,0,0
M,298.8,308.8,1441,40.5,63,0,0,0,0,0,0,1,10.0,6.111,Low(51-100),0,0,0,0,0,0
L,298.8,308.7,1450,43.4,66,0,0,0,0,0,0,0,9.9,6.5895,Low(51-100),0,0,0,0,0,0
L,298.8,308.7,1591,31.1,68,0,0,0,0,0,0,0,9.9,5.1812,Low(51-100),0,0,0,0,0,0
L,298.8,308.7,1445,48.5,70,0,0,0,0,0,0,0,9.9,7.3385,Low(51-100),0,1,0,0,0,0
M,298.8,308.8,1497,46.8,72,0,0,0,0,0,0,1,10.0,7.3361,Low(51-100),0,0,0,0,0,0
H,298.9,308.8,1621,32.7,75,0,0,0,0,0,0,2,9.9,5.5504,Low(51-100),0,0,0,0,0,0
L,298.9,308.7,1572,34.1,80,0,0,0,0,0,0,0,9.8,5.6131,Low(51-100),0,0,0,0,0,0
L,298.8,308.6,1872,22.5,82,0,0,0,0,0,0,0,9.8,4.4105,Low(51-100),0,0,0,0,0,0
H,298.7,308.6,1499,43.5,84,0,0,0,0,0,0,2,9.9,6.8279,Low(51-100),0,0,0,0,0,0
M,298.8,308.7,1498,39.5,89,0,0,0,0,0,0,1,9.9,6.1959,Low(51-100),0,0,0,0,0,0
M,298.8,308.6,1486,41.9,92,0,0,0,0,0,0,1,9.8,6.5197,Low(51-100),0,0,0,0,0,0
L,298.8,308.6,1680,29.4,95,0,0,0,0,0,0,0,9.8,5.1719,Low(51-100),0,0,0,0,0,0
L,298.8,308.6,1431,45.7,97,0,0,0,0,0,0,0,9.8,6.8478,Low(51-100),0,0,0,0,0,0
L,298.9,308.7,1564,34.1,99,0,0,0,0,0,0,0,9.8,5.5845,Low(51-100),0,0,0,0,0,0
L,298.8,308.6,1599,33.0,101,0,0,0,0,0,0,0,9.8,5.5253,Medium(101-150),0,0,0,0,0,0
M,298.8,308.6,1707,28.1,103,0,0,0,0,0,0,1,9.8,5.0227,Medium(101-150),0,0,0,0,0,0
L,298.7,308.5,1467,40.7,106,0,0,0,0,0,0,0,9.8,6.252,Medium(101-150),0,0,0,0,0,0
L,298.9,308.7,1433,44.7,108,0,0,0,0,0,0,0,9.8,6.7073,Medium(101-150),0,0,0,0,0,0
L,298.9,308.7,1558,41.2,110,0,0,0,0,0,0,0,9.8,6.7214,Medium(101-150),0,0,0,0,0,0
L,299.0,308.8,1310,50.7,112,0,0,0,0,0,0,0,9.8,6.9547,Medium(101-150),0,1,1,1,0,0
L,298.9,308.7,1546,43.4,114,0,0,0,0,0,0,0,9.8,7.0258,Medium(101-150),0,0,0,0,0,0
L,298.9,308.7,1727,29.4,116,0,0,0,0,0,0,0,9.8,5.3166,Medium(101-150),0,0,0,0,0,0
L,298.9,308.6,1560,32.2,118,0,0,0,0,0,0,0,9.7,5.2599,Medium(101-150),0,0,0,0,0,0
L,299.0,308.6,1329,60.5,120,0,0,0,0,0,0,0,9.6,8.4193,Medium(101-150),0,1,1,1,0,0
L,298.9,308.6,1413,46.5,122,0,0,0,0,0,0,0,9.7,6.8801,Medium(101-150),0,0,1,0,0,0
L,299.0,308.6,1587,38.6,124,0,0,0,0,0,0,0,9.6,6.4145,Medium(101-150),0,0,0,0,0,0
L,298.9,308.5,1559,34.3,126,0,0,0,0,0,0,0,9.6,5.5993,Medium(101-150),0,0,0,0,0,0
L,298.8,308.4,1473,41.1,128,0,0,0,0,0,0,0,9.6,6.3393,Medium(101-150),0,0,0,0,0,0
L,298.8,308.4,1737,27.7,130,0,0,0,0,0,0,0,9.6,5.0382,Medium(101-150),0,0,0,0,0,0
M,298.7,308.4,1441,43.2,132,0,0,0,0,0,0,1,9.7,6.5185,Medium(101-150),0,0,0,0,0,0
M,298.7,308.4,1430,49.6,135,0,0,0,0,0,0,1,9.7,7.427,Medium(101-150),0,1,0,0,0,0
L,298.8,308.4,1369,53.0,138,0,0,0,0,0,0,0,9.6,7.5976,Medium(101-150),0,1,1,1,0,0
M,298.8,308.5,1711,28.5,140,0,0,0,0,0,0,1,9.7,5.1061,Medium(101-150),0,0,0,0,0,0
H,298.7,308.5,1420,45.7,143,0,0,0,0,0,0,2,9.8,6.7952,Medium(101-150),0,0,1,0,0,0
L,298.7,308.6,1297,55.3,148,0,0,0,0,0,0,0,9.9,7.5104,Medium(101-150),0,1,1,1,0,0
H,298.8,308.6,1449,49.4,150,0,0,0,0,0,0,2,9.8,7.4954,Medium(101-150),0,1,0,0,0,0
L,298.8,308.6,1268,55.8,155,0,0,0,0,0,0,0,9.8,7.4088,High(151-200),0,1,1,1,0,0
L,298.8,308.6,1511,36.1,157,0,0,0,0,0,0,0,9.8,5.7117,High(151-200),0,0,0,0,0,0
L,298.7,308.5,1544,35.2,159,0,0,0,0,0,0,0,9.8,5.691,High(151-200),0,0,0,0,0,0
M,298.6,308.4,1778,28.2,161,0,0,0,0,0,0,1,9.8,5.2502,High(151-200),0,0,0,0,0,0
H,298.6,308.4,1407,50.5,164,0,0,0,0,0,0,2,9.8,7.4402,High(151-200),0,1,1,1,0,0
M,298.6,308.4,1391,42.4,169,0,0,0,0,0,0,1,9.8,6.1757,High(151-200),0,0,1,0,0,0
L,298.5,308.4,1513,33.6,172,0,0,0,0,0,0,0,9.9,5.3232,High(151-200),0,0,0,0,0,0
H,298.5,308.4,1612,36.1,174,0,0,0,0,0,0,2,9.9,6.0935,High(151-200),0,0,0,0,0,0
L,298.4,308.4,1515,40.1,179,0,0,0,0,0,0,0,10.0,6.3614,High(151-200),0,0,0,0,0,0
M,298.3,308.3,1379,48.0,181,0,0,0,0,0,0,1,10.0,6.9311,High(151-200),0,1,1,1,0,0
L,298.4,308.3,1473,39.9,184,0,0,0,0,0,0,0,9.9,6.1542,High(151-200),0,0,0,0,0,0
L,298.4,308.3,1422,42.7,186,0,0,0,0,0,0,0,9.9,6.3581,High(151-200),0,0,1,0,0,0
M,298.4,308.2,1463,37.6,188,0,0,0,0,0,0,1,9.8,5.7601,High(151-200),0,0,0,0,0,0
M,298.4,308.2,1584,41.0,191,0,0,0,0,0,0,1,9.8,6.8004,High(151-200),0,0,0,0,0,0
L,298.4,308.2,1850,27.0,194,0,0,0,0,0,0,0,9.8,5.2304,High(151-200),0,0,0,0,0,0
L,298.4,308.2,1528,36.2,196,0,0,0,0,0,0,0,9.8,5.792,High(151-200),0,0,0,0,0,0
H,298.4,308.2,1987,19.8,198,0,0,0,0,0,0,2,9.8,4.1196,High(151-200),0,0,0,0,0,0
M,298.4,308.1,1495,46.0,203,0,0,0,0,0,0,1,9.7,7.201,Critical(>200),1,0,0,0,0,0
H,298.4,308.2,1478,43.5,206,0,0,0,0,0,0,2,9.8,6.7323,Critical(>200),1,0,0,0,0,0
M,298.4,308.2,1499,40.0,211,0,0,0,0,0,0,1,9.8,6.2785,Critical(>200),1,0,0,0,0,0
L,298.4,308.2,1471,47.0,214,0,0,0,0,0,0,0,9.8,7.2395,Critical(>200),1,1,0,0,0,0
L,298.4,308.2,1282,60.7,216,1,0,0,0,1,0,0,9.8,8.1484,Critical(>200),1,1,1,1,0,1
L,298.3,308.1,1412,52.3,218,1,0,0,0,1,0,0,9.8,7.7327,Critical(>200),1,1,1,1,0,1
L,298.3,308.1,1586,35.5,0,0,0,0,0,0,0,0,9.8,5.8956,Fresh(0-50),0,0,0,0,0,0
M,298.4,308.2,1468,43.8,2,0,0,0,0,0,0,1,9.8,6.7328,Fresh(0-50),0,0,0,0,0,0
M,298.5,308.3,1440,43.6,5,0,0,0,0,0,0,1,9.8,6.5742,Fresh(0-50),0,0,0,0,0,0
L,298.5,308.4,1733,26.0,8,0,0,0,0,0,0,0,9.9,4.7181,Fresh(0-50),0,0,0,0,0,0
H,298.4,308.2,1612,32.6,10,0,0,0,0,0,0,2,9.8,5.5027,Fresh(0-50),0,0,0,0,0,0
H,298.4,308.3,1458,42.9,15,0,0,0,0,0,0,2,9.9,6.5495,Fresh(0-50),0,0,0,0,0,0
L,298.4,308.3,1433,62.3,20,1,0,0,1,0,0,0,9.9,9.3483,Fresh(0-50),0,1,0,0,0,1
L,298.4,308.3,1318,59.1,22,0,0,0,0,0,0,0,9.9,8.1564,Fresh(0-50),0,1,1,1,0,0
M,298.4,308.2,1610,35.0,24,0,0,0,0,0,0,1,9.8,5.9005,Fresh(0-50),0,0,0,0,0,0
L,298.2,308.1,1462,50.8,27,0,0,0,0,0,0,0,9.9,7.7769,Fresh(0-50),0,1,0,0,0,0
M,298.1,308.0,1924,20.8,29,0,0,0,0,0,0,1,9.9,4.1905,Fresh(0-50),0,0,0,0,0,0
M,298.2,308.0,1591,33.7,32,0,0,0,0,0,0,1,9.8,5.6143,Fresh(0-50),0,0,0,0,0,0
L,298.2,308.1,1306,58.3,35,0,0,0,0,0,0,0,9.9,7.9728,Fresh(0-50),0,1,1,1,0,0
L,298.2,308.1,1382,43.5,37,0,0,0,0,0,0,0,9.9,6.295,Fresh(0-50),0,0,1,0,0,0
L,298.2,308.1,1618,34.7,39,0,0,0,0,0,0,0,9.9,5.879,Fresh(0-50),0,0,0,0,0,0
L,298.2,308.2,1988,21.4,41,0,0,0,0,0,0,0,10.0,4.4548,Fresh(0-50),0,0,0,0,0,0
L,298.2,308.2,1436,50.2,43,0,0,0,0,0,0,0,10.0,7.5484,Fresh(0-50),0,1,0,0,0,0
L,298.2,308.3,1304,49.8,45,0,0,0,0,0,0,0,10.1,6.7999,Fresh(0-50),0,1,1,1,0,0
L,298.2,308.3,1475,49.9,47,0,0,0,0,0,0,0,10.1,7.7071,Fresh(0-50),0,1,0,0,0,0
H,298.2,308.3,1824,24.2,49,0,0,0,0,0,0,2,10.1,4.6221,Fresh(0-50),0,0,0,0,0,0
M,298.1,308.2,1342,48.1,54,0,0,0,0,0,0,1,10.1,6.7592,Low(51-100),0,1,1,1,0,0
L,298.1,308.2,1485,40.7,57,0,0,0,0,0,0,0,10.1,6.3287,Low(51-100),0,0,0,0,0,0
L,298.2,308.2,1667,30.6,59,0,0,0,0,0,0,0,10.0,5.3414,Low(51-100),0,0,0,0,0,0
L,298.2,308.2,1446,38.2,61,0,0,0,0,0,0,0,10.0,5.784,Low(51-100),0,0,0,0,0,0
L,298.1,308.3,1301,56.0,63,0,0,0,0,0,0,0,10.2,7.6289,Low(51-100),0,1,1,1,0,0
L,298.2,308.4,1379,43.1,65,0,0,0,0,0,0,0,10.2,6.2235,Low(51-100),0,0,1,0,0,0
L,298.3,308.5,1606,33.6,67,0,0,0,0,0,0,0,10.2,5.6504,Low(51-100),0,0,0,0,0,0
M,298.3,308.4,1539,43.4,69,0,0,0,0,0,0,1,10.1,6.994,Low(51-100),0,0,0,0,0,0
L,298.2,308.4,1477,49.9,72,0,0,0,0,0,0,0,10.2,7.7175,Low(51-100),0,1,0,0,0,0
L,298.2,308.4,1666,34.6,74,0,0,0,0,0,0,0,10.2,6.036,Low(51-100),0,0,0,0,0,0
H,298.2,308.4,1398,51.8,76,0,0,0,0,0,0,2,10.2,7.5829,Low(51-100),0,1,1,1,0,0
H,298.2,308.4,1678,34.6,81,0,0,0,0,0,0,2,10.2,6.0795,Low(51-100),0,0,0,0,0,0
M,298.2,308.5,2678,10.7,86,1,0,0,1,0,0,1,10.3,3.0005,Low(51-100),0,0,0,0,0,1
L,298.3,308.5,1453,42.9,89,0,0,0,0,0,0,0,10.2,6.5271,Low(51-100),0,0,0,0,0,0
H,298.3,308.6,1432,49.5,91,0,0,0,0,0,0,2,10.3,7.4224,Low(51-100),0,1,0,0,0,0
M,298.4,308.6,1527,40.9,96,0,0,0,0,0,0,1,10.2,6.5397,Low(51-100),0,0,0,0,0,0
L,298.4,308.7,1588,35.0,99,0,0,0,0,0,0,0,10.3,5.8199,Low(51-100),0,0,0,0,0,0
L,298.4,308.6,1433,47.1,101,0,0,0,0,0,0,0,10.2,7.0675,Medium(101-150),0,1,0,0,0,0
L,298.4,308.6,1609,35.0,103,0,0,0,0,0,0,0,10.2,5.8969,Medium(101-150),0,0,0,0,0,0
L,298.3,308.5,1575,41.2,105,0,0,0,0,0,0,0,10.2,6.7948,Medium(101-150),0,0,0,0,0,0
M,298.4,308.5,1636,35.7,107,0,0,0,0,0,0,1,10.1,6.1157,Medium(101-150),0,0,0,0,0,0
L,298.4,308.5,1490,37.9,110,0,0,0,0,0,0,0,10.1,5.9132,Medium(101-150),0,0,0,0,0,0
L,298.4,308.5,1741,32.8,112,0,0,0,0,0,0,0,10.1,5.9796,Medium(101-150),0,0,0,0,0,0
M,298.5,308.6,1344,53.0,114,0,0,0,0,0,0,1,10.1,7.4588,Medium(101-150),0,1,1,1,0,0
L,298.5,308.7,1609,35.3,117,0,0,0,0,0,0,0,10.2,5.9474,Medium(101-150),0,0,0,0,0,0
M,298.4,308.7,1421,60.7,119,1,0,0,1,0,0,1,10.3,9.0319,Medium(101-150),0,1,1,1,0,1
L,298.4,308.6,1591,36.7,122,0,0,0,0,0,0,0,10.2,6.1141,Medium(101-150),0,0,0,0,0,0
L,298.4,308.6,1477,44.0,124,0,0,0,0,0,0,0,10.2,6.805,Medium(101-150),0,0,0,0,0,0
L,298.4,308.7,1523,36.1,126,0,0,0,0,0,0,0,10.3,5.7571,Medium(101-150),0,0,0,0,0,0
L,298.5,308.7,1575,33.9,128,0,0,0,0,0,0,0,10.2,5.5908,Medium(101-150),0,0,0,0,0,0
H,298.4,308.7,1344,52.9,130,0,0,0,0,0,0,2,10.3,7.4448,Medium(101-150),0,1,1,1,0,0
L,298.4,308.7,1386,44.9,135,0,0,0,0,0,0,0,10.3,6.5164,Medium(101-150),0,0,1,0,0,0
M,298.3,308.6,1589,37.1,137,0,0,0,0,0,0,1,10.3,6.173,Medium(101-150),0,0,0,0,0,0
L,298.3,308.6,1548,40.3,140,0,0,0,0,0,0,0,10.3,6.5324,Medium(101-150),0,0,0,0,0,0
L,298.3,308.6,1499,38.3,142,0,0,0,0,0,0,0,10.3,6.0117,Medium(101-150),0,0,0,0,0,0
L,298.3,308.5,1664,31.6,144,0,0,0,0,0,0,0,10.2,5.506,Medium(101-150),0,0,0,0,0,0
L,298.3,308.6,1447,38.1,146,0,0,0,0,0,0,0,10.3,5.7728,Medium(101-150),0,0,0,0,0,0
M,298.3,308.5,1434,46.2,148,0,0,0,0,0,0,1,10.2,6.9373,Medium(101-150),0,0,0,0,0,0
L,298.3,308.5,1416,52.7,151,0,0,0,0,0,0,0,10.2,7.8139,High(151-200),0,1,1,1,0,0
H,298.4,308.5,1827,24.3,153,0,0,0,0,0,0,2,10.1,4.6488,High(151-200),0,0,0,0,0,0
L,298.4,308.6,1304,45.0,158,0,0,0,0,0,0,0,10.2,6.1445,High(151-200),0,0,1,0,0,0
L,298.4,308.6,1569,34.4,160,0,0,0,0,0,0,0,10.2,5.6517,High(151-200),0,0,0,0,0,0
L,298.3,308.6,1584,29.3,162,0,0,0,0,0,0,0,10.3,4.8598,High(151-200),0,0,0,0,0,0
L,298.3,308.5,1362,53.8,164,0,0,0,0,0,0,0,10.2,7.6728,High(151-200),0,1,1,1,0,0
L,298.3,308.4,1329,49.2,166,0,0,0,0,0,0,0,10.1,6.8468,High(151-200),0,1,1,1,0,0
L,298.3,308.5,1539,36.1,168,0,0,0,0,0,0,0,10.2,5.8176,High(151-200),0,0,0,0,0,0
M,298.3,308.5,1629,37.1,170,0,0,0,0,0,0,1,10.2,6.3284,High(151-200),0,0,0,0,0,0
L,298.3,308.5,1538,32.2,173,0,0,0,0,0,0,0,10.2,5.1857,High(151-200),0,0,0,0,0,0
L,298.3,308.6,1570,34.8,175,0,0,0,0,0,0,0,10.3,5.721,High(151-200),0,0,0,0,0,0
L,298.3,308.4,1408,43.1,177,0,0,0,0,0,0,0,10.1,6.3544,High(151-200),0,0,1,0,0,0
L,298.2,308.4,1424,47.6,179,0,0,0,0,0,0,0,10.2,7.0976,High(151-200),0,1,0,0,0,0
L,298.2,308.4,1512,34.9,181,0,0,0,0,0,0,0,10.2,5.5255,High(151-200),0,0,0,0,0,0
L,298.2,308.4,1478,42.9,183,0,0,0,0,0,0,0,10.2,6.6394,High(151-200),0,0,0,0,0,0
M,298.1,308.3,1680,33.7,185,0,0,0,0,0,0,1,10.2,5.9284,High(151-200),0,0,0,0,0,0
L,298.1,308.3,1495,38.7,188,0,0,0,0,0,0,0,10.2,6.0583,High(151-200),0,0,0,0,0,0
M,298.0,308.1,1552,36.6,190,0,0,0,0,0,0,1,10.1,5.948,High(151-200),0,0,0,0,0,0
L,297.9,308.1,1393,50.3,193,0,0,0,0,0,0,0,10.2,7.337,High(151-200),0,1,1,1,0,0
L,298.0,308.2,1611,30.6,195,0,0,0,0,0,0,0,10.2,5.1619,High(151-200),0,0,0,0,0,0
M,298.0,308.1,1339,51.6,197,0,0,0,0,0,0,1,10.1,7.2348,High(151-200),0,1,1,1,0,0
L,298.0,308.1,1777,24.3,200,0,0,0,0,0,0,0,10.1,4.5216,High(151-200),0,0,0,0,0,0
L,298.0,308.2,1348,58.8,202,1,0,0,0,1,0,0,10.2,8.2997,Critical(>200),1,1,1,1,0,1
L,298.0,308.2,1442,44.1,204,0,0,0,0,0,0,0,10.2,6.6589,Critical(>200),1,0,0,0,0,0
M,298.0,308.2,1395,49.1,206,0,0,0,0,0,0,1,10.2,7.1722,Critical(>200),1,1,1,1,0,0
M,297.9,308.1,1627,31.4,209,0,0,0,0,0,0,1,10.2,5.3495,Critical(>200),1,0,0,0,0,0
L,297.9,308.1,1585,33.5,212,0,0,0,0,0,0,0,10.2,5.5599,Critical(>200),1,0,0,0,0,0
L,298.0,308.2,1469,45.5,214,0,0,0,0,0,0,0,10.2,6.9989,Critical(>200),1,0,0,0,0,0
L,298.0,308.3,1362,56.8,216,1,0,0,0,1,0,0,10.3,8.1007,Critical(>200),1,1,1,1,0,1
L,298.0,308.3,1405,56.2,218,1,0,0,0,1,0,0,10.3,8.2682,Critical(>200),1,1,1,1,0,1
L,298.0,308.3,1662,32.7,0,0,0,0,0,0,0,0,10.3,5.6908,Fresh(0-50),0,0,0,0,0,0
M,298.0,308.2,1466,42.6,2,0,0,0,0,0,0,1,10.2,6.5394,Fresh(0-50),0,0,0,0,0,0
L,298.0,308.2,1620,35.8,5,0,0,0,0,0,0,0,10.2,6.0729,Fresh(0-50),0,0,0,0,0,0
L,298.0,308.2,1357,48.2,7,0,0,0,0,0,0,0,10.2,6.8489,Fresh(0-50),0,1,1,1,0,0
L,298.0,308.2,1514,37.9,9,0,0,0,0,0,0,0,10.2,6.0084,Fresh(0-50),0,0,0,0,0,0
L,298.0,308.2,1489,40.4,11,0,0,0,0,0,0,0,10.2,6.299,Fresh(0-50),0,0,0,0,0,0
L,298.1,308.3,1331,63.0,13,0,0,0,0,0,0,0,10.2,8.7804,Fresh(0-50),0,1,1,1,0,0
L,298.0,308.0,1615,29.5,15,0,0,0,0,0,0,0,10.0,4.9887,Fresh(0-50),0,0,0,0,0,0
L,298.1,308.2,1482,37.9,17,0,0,0,0,0,0,0,10.1,5.8814,Fresh(0-50),0,0,0,0,0,0
M,298.1,308.2,1420,63.9,19,1,0,0,1,0,0,1,10.1,9.5014,Fresh(0-50),0,1,1,1,0,1
M,298.2,308.3,1522,49.1,22,0,0,0,0,0,0,1,10.1,7.8252,Fresh(0-50),0,1,0,0,0,0
L,298.1,308.2,1654,32.1,25,0,0,0,0,0,0,0,10.1,5.5595,Fresh(0-50),0,0,0,0,0,0
M,298.1,308.2,1736,26.8,27,0,0,0,0,0,0,1,10.1,4.8717,Fresh(0-50),0,0,0,0,0,0
M,298.0,308.1,1587,32.3,30,0,0,0,0,0,0,1,10.1,5.3675,Fresh(0-50),0,0,0,0,0,0
L,298.1,308.2,1390,47.5,33,0,0,0,0,0,0,0,10.1,6.9136,Fresh(0-50),0,1,1,1,0,0
L,298.0,308.1,1454,37.1,35,0,0,0,0,0,0,0,10.1,5.6485,Fresh(0-50),0,0,0,0,0,0
H,298.0,308.1,1440,43.7,37,0,0,0,0,0,0,2,10.1,6.5893,Fresh(0-50),0,0,0,0,0,0
L,297.9,308.0,1954,21.1,42,0,0,0,0,0,0,0,10.1,4.3172,Fresh(0-50),0,0,0,0,0,0
H,297.9,308.0,1800,24.8,44,0,0,0,0,0,0,2,10.1,4.6743,Fresh(0-50),0,0,0,0,0,0
L,298.0,308.0,1524,37.0,49,0,0,0,0,0,0,0,10.0,5.9045,Fresh(0-50),0,0,0,0,0,0
H,298.0,308.0,1520,39.6,51,0,0,0,0,0,0,2,10.0,6.3028,Low(51-100),0,0,0,0,0,0
M,298.1,308.1,1452,40.8,56,0,0,0,0,0,0,1,10.0,6.2033,Low(51-100),0,0,0,0,0,0
L,298.1,308.1,1484,40.4,59,0,0,0,0,0,0,0,10.0,6.2779,Low(51-100),0,0,0,0,0,0
L,298.1,308.0,1426,46.0,61,0,0,0,0,0,0,0,9.9,6.8687,Low(51-100),0,0,0,0,0,0
L,298.1,308.0,1652,28.5,63,0,0,0,0,0,0,0,9.9,4.9301,Low(51-100),0,0,0,0,0,0
L,298.0,308.0,1401,54.7,65,0,0,0,0,0,0,0,10.0,8.0246,Low(51-100),0,1,1,1,0,0
M,298.0,307.9,1750,26.6,67,0,0,0,0,0,0,1,9.9,4.8743,Low(51-100),0,0,0,0,0,0
H,298.0,308.0,1479,50.7,70,0,0,0,0,0,0,2,10.0,7.8519,Low(51-100),0,1,0,0,0,0
M,298.0,308.0,1620,29.4,75,0,0,0,0,0,0,1,10.0,4.9872,Low(51-100),0,0,0,0,0,0
L,298.0,308.1,1819,23.4,78,0,0,0,0,0,0,0,10.1,4.457,Low(51-100),0,0,0,0,0,0
M,298.1,308.1,1456,43.7,80,0,0,0,0,0,0,1,10.0,6.6625,Low(51-100),0,0,0,0,0,0
L,298.1,308.0,1626,36.5,83,0,0,0,0,0,0,0,9.9,6.2146,Low(51-100),0,0,0,0,0,0
M,298.1,308.1,1390,49.8,85,0,0,0,0,0,0,1,10.0,7.2484,Low(51-100),0,1,1,1,0,0
L,298.2,308.2,1469,43.0,88,0,0,0,0,0,0,0,10.0,6.6143,Low(51-100),0,0,0,0,0,0
L,298.2,308.3,2051,19.2,90,0,0,0,0,0,0,0,10.1,4.1235,Low(51-100),0,0,0,0,0,0
L,298.2,308.3,1568,36.0,92,0,0,0,0,0,0,0,10.1,5.9108,Low(51-100),0,0,0,0,0,0
L,298.2,308.3,1589,33.2,94,0,0,0,0,0,0,0,10.1,5.5241,Low(51-100),0,0,0,0,0,0
L,298.2,308.3,1805,31.6,96,0,0,0,0,0,0,0,10.1,5.9726,Low(51-100),0,0,0,0,0,0
H,298.2,308.4,1385,42.2,98,0,0,0,0,0,0,2,10.2,6.1201,Low(51-100),0,0,1,0,0,0
L,298.1,308.4,1436,46.7,103,0,0,0,0,0,0,0,10.3,7.0221,Medium(101-150),0,0,0,0,0,0
L,298.1,308.4,1438,45.6,105,0,0,0,0,0,0,0,10.3,6.8663,Medium(101-150),0,0,0,0,0,0
L,298.0,308.3,1473,42.6,107,0,0,0,0,0,0,0,10.3,6.5707,Medium(101-150),0,0,0,0,0,0
L,298.1,308.4,1335,40.2,109,0,0,0,0,0,0,0,10.3,5.6196,Medium(101-150),0,0,1,0,0,0
H,298.1,308.5,1392,44.8,111,0,0,0,0,0,0,2,10.4,6.53,Medium(101-150),0,0,1,0,0,0
M,298.1,308.5,1372,51.1,116,0,0,0,0,0,0,1,10.4,7.3413,Medium(101-150),0,1,1,1,0,0
M,298.1,308.6,1716,30.7,119,0,0,0,0,0,0,1,10.5,5.5164,Medium(101-150),0,0,0,0,0,0
L,298.0,308.5,1395,46.2,122,0,0,0,0,0,0,0,10.5,6.7486,Medium(101-150),0,0,1,0,0,0
L,298.0,308.5,1713,25.3,124,0,0,0,0,0,0,0,10.5,4.5381,Medium(101-150),0,0,0,0,0,0
H,297.9,308.5,2129,18.7,126,0,0,0,0,0,0,2,10.6,4.1688,Medium(101-150),0,0,0,0,0,0
M,297.8,308.3,1567,35.6,131,0,0,0,0,0,0,1,10.5,5.8414,Medium(101-150),0,0,0,0,0,0
L,297.8,308.4,1622,38.3,134,0,0,0,0,0,0,0,10.6,6.505,Medium(101-150),0,0,0,0,0,0
L,297.7,308.4,1740,27.1,136,0,0,0,0,0,0,0,10.7,4.9376,Medium(101-150),0,0,0,0,0,0
H,297.8,308.4,1512,35.1,138,0,0,0,0,0,0,2,10.6,5.5572,Medium(101-150),0,0,0,0,0,0
M,297.8,308.4,1479,43.5,143,0,0,0,0,0,0,1,10.6,6.7368,Medium(101-150),0,0,0,0,0,0
L,297.8,308.4,1737,27.5,146,0,0,0,0,0,0,0,10.6,5.0018,Medium(101-150),0,0,0,0,0,0
L,297.8,308.4,2129,19.2,148,0,0,0,0,0,0,0,10.6,4.2803,Medium(101-150),0,0,0,0,0,0
L,297.8,308.4,1374,47.1,150,0,0,0,0,0,0,0,10.6,6.7765,Medium(101-150),0,1,1,1,0,0
M,297.8,308.4,1579,36.6,152,0,0,0,0,0,0,1,10.6,6.0515,High(151-200),0,0,0,0,0,0
L,297.9,308.5,1305,47.2,155,0,0,0,0,0,0,0,10.6,6.4498,High(151-200),0,1,1,1,0,0
M,297.9,308.5,1449,40.8,157,0,0,0,0,0,0,1,10.6,6.1905,High(151-200),0,0,0,0,0,0
H,298.0,308.6,1526,41.8,160,0,0,0,0,0,0,2,10.6,6.6792,High(151-200),0,0,0,0,0,0
M,298.0,308.6,1453,44.1,165,0,0,0,0,0,0,1,10.6,6.7097,High(151-200),0,0,0,0,0,0
L,297.9,308.6,1468,36.0,168,0,0,0,0,0,0,0,10.7,5.5338,High(151-200),0,0,0,0,0,0
L,298.0,308.6,1313,50.8,170,0,0,0,0,0,0,0,10.6,6.9843,High(151-200),0,1,1,1,0,0
M,297.9,308.5,1300,53.0,172,0,0,0,0,0,0,1,10.6,7.2147,High(151-200),0,1,1,1,0,0
L,297.9,308.4,1646,40.6,175,0,0,0,0,0,0,0,10.5,6.9977,High(151-200),0,0,0,0,0,0
L,297.8,308.4,1714,33.2,177,0,0,0,0,0,0,0,10.6,5.9586,High(151-200),0,0,0,0,0,0
L,297.8,308.4,1685,28.4,179,0,0,0,0,0,0,0,10.6,5.0109,High(151-200),0,0,0,0,0,0
L,297.8,308.4,1512,39.9,181,0,0,0,0,0,0,0,10.6,6.3172,High(151-200),0,0,0,0,0,0
L,297.8,308.4,1612,32.1,183,0,0,0,0,0,0,0,10.6,5.4183,High(151-200),0,0,0,0,0,0
H,297.8,308.4,1550,38.2,185,0,0,0,0,0,0,2,10.6,6.2,High(151-200),0,0,0,0,0,0
L,297.8,308.4,1518,32.5,190,0,0,0,0,0,0,0,10.6,5.166,High(151-200),0,0,0,0,0,0
L,297.8,308.5,1448,40.0,192,0,0,0,0,0,0,0,10.7,6.0649,High(151-200),0,0,0,0,0,0
L,297.8,308.5,1561,46.3,194,0,0,0,0,0,0,0,10.7,7.568,High(151-200),0,0,0,0,0,0
M,297.8,308.5,1488,41.9,196,0,0,0,0,0,0,1,10.7,6.5285,High(151-200),0,0,0,0,0,0
L,297.8,308.5,1699,27.8,199,0,0,0,0,0,0,0,10.7,4.9458,High(151-200),0,0,0,0,0,0
L,297.7,308.5,1501,41.4,201,0,0,0,0,0,0,0,10.8,6.507,Critical(>200),1,0,0,0,0,0
L,297.7,308.5,1373,56.7,203,1,0,0,0,1,0,0,10.8,8.1517,Critical(>200),1,1,1,1,0,1
H,297.6,308.4,1703,31.4,205,0,0,0,0,0,0,2,10.8,5.5994,Critical(>200),1,0,0,0,0,0
H,297.7,308.5,1720,29.9,210,0,0,0,0,0,0,2,10.8,5.3851,Critical(>200),1,0,0,0,0,0
M,297.6,308.4,1398,41.9,215,0,0,0,0,0,0,1,10.8,6.1336,Critical(>200),1,0,1,0,0,0
M,297.6,308.4,1391,51.9,218,0,0,0,0,0,0,1,10.8,7.5595,Critical(>200),1,1,1,1,0,0
M,297.6,308.3,1538,40.2,0,0,0,0,0,0,0,1,10.7,6.4741,Fresh(0-50),0,0,0,0,0,0
L,297.5,308.2,1647,31.3,3,0,0,0,0,0,0,0,10.7,5.398,Fresh(0-50),0,0,0,0,0,0
M,297.5,308.1,1469,44.8,5,0,0,0,0,0,0,1,10.6,6.8912,Fresh(0-50),0,0,0,0,0,0
L,297.4,308.1,1749,25.9,8,0,0,0,0,0,0,0,10.7,4.7434,Fresh(0-50),0,0,0,0,0,0
M,297.6,308.2,1995,20.5,10,0,0,0,0,0,0,1,10.6,4.2825,Fresh(0-50),0,0,0,0,0,0
L,297.6,308.3,1742,27.7,13,0,0,0,0,0,0,0,10.7,5.0527,Fresh(0-50),0,0,0,0,0,0
L,297.5,308.2,1563,38.2,15,0,0,0,0,0,0,0,10.7,6.252,Fresh(0-50),0,0,0,0,0,0
M,297.5,308.2,1713,32.2,17,0,0,0,0,0,0,1,10.7,5.7758,Fresh(0-50),0,0,0,0,0,0
L,297.4,308.1,1474,39.4,20,0,0,0,0,0,0,0,10.7,6.0812,Fresh(0-50),0,0,0,0,0,0
M,297.4,308.2,1530,32.6,22,0,0,0,0,0,0,1,10.8,5.2228,Fresh(0-50),0,0,0,0,0,0
L,297.4,308.2,1471,46.5,25,0,0,0,0,0,0,0,10.8,7.1625,Fresh(0-50),0,0,0,0,0,0
L,297.5,308.3,1388,48.6,27,0,0,0,0,0,0,0,10.8,7.0635,Fresh(0-50),0,1,1,1,0,0
M,297.5,308.2,2448,13.8,29,0,0,0,0,0,0,1,10.7,3.5374,Fresh(0-50),0,0,0,0,0,0
L,297.5,308.3,1585,32.9,32,0,0,0,0,0,0,0,10.8,5.4604,Fresh(0-50),0,0,0,0,0,0
M,297.5,308.3,1459,45.2,34,0,0,0,0,0,0,1,10.8,6.9054,Fresh(0-50),0,0,0,0,0,0
L,297.5,308.3,1544,40.8,37,0,0,0,0,0,0,0,10.8,6.5964,Fresh(0-50),0,0,0,0,0,0
L,297.6,308.3,1617,31.7,39,0,0,0,0,0,0,0,10.7,5.3674,Fresh(0-50),0,0,0,0,0,0
L,297.6,308.3,1595,34.3,41,0,0,0,0,0,0,0,10.7,5.7286,Fresh(0-50),0,0,0,0,0,0
H,297.6,308.3,1400,44.3,43,0,0,0,0,0,0,2,10.7,6.4942,Fresh(0-50),0,0,1,0,0,0
M,297.6,308.4,1611,31.0,48,0,0,0,0,0,0,1,10.8,5.2294,Fresh(0-50),0,0,0,0,0,0
M,297.6,308.4,1507,46.0,51,0,0,0,0,0,0,1,10.8,7.2588,Low(51-100),0,0,0,0,0,0
H,297.5,308.3,1674,30.0,54,0,0,0,0,0,0,2,10.8,5.2586,Low(51-100),0,0,0,0,0,0
L,297.6,308.3,1658,34.3,59,0,0,0,0,0,0,0,10.7,5.9549,Low(51-100),0,0,0,0,0,0
L,297.6,308.3,1623,36.9,61,0,0,0,0,0,0,0,10.7,6.2711,Low(51-100),0,0,0,0,0,0
M,297.6,308.4,1398,48.9,63,0,0,0,0,0,0,1,10.8,7.1583,Low(51-100),0,1,1,1,0,0
L,297.6,308.4,1517,34.2,66,0,0,0,0,0,0,0,10.8,5.4326,Low(51-100),0,0,0,0,0,0
M,297.6,308.3,1467,36.7,68,0,0,0,0,0,0,1,10.7,5.6376,Low(51-100),0,0,0,0,0,0
M,297.6,308.3,1567,34.6,71,0,0,0,0,0,0,1,10.7,5.6773,Low(51-100),0,0,0,0,0,0
M,297.5,308.3,1521,38.2,74,0,0,0,0,0,0,1,10.8,6.084,Low(51-100),0,0,0,0,0,0
L,297.5,308.3,1596,36.8,77,0,0,0,0,0,0,0,10.8,6.15,Low(51-100),0,0,0,0,0,0
H,297.6,308.3,1640,30.9,79,0,0,0,0,0,0,2,10.7,5.3064,Low(51-100),0,0,0,0,0,0
L,297.6,308.3,1438,47.8,84,0,0,0,0,0,0,0,10.7,7.1975,Low(51-100),0,1,0,0,0,0
L,297.6,308.4,1407,55.2,86,0,0,0,0,0,0,0,10.8,8.1326,Low(51-100),0,1,1,1,0,0
L,297.6,308.4,1353,57.5,88,0,0,0,0,0,0,0,10.8,8.1463,Low(51-100),0,1,1,1,0,0
M,297.6,308.5,1552,40.9,90,0,0,0,0,0,0,1,10.9,6.6468,Low(51-100),0,0,0,0,0,0
M,297.6,308.4,1569,38.3,93,0,0,0,0,0,0,1,10.8,6.2924,Low(51-100),0,0,0,0,0,0
L,297.5,308.4,1489,39.5,96,0,0,0,0,0,0,0,10.9,6.1587,Low(51-100),0,0,0,0,0,0
H,297.5,308.4,1587,36.1,98,0,0,0,0,0,0,2,10.9,5.999,Low(51-100),0,0,0,0,0,0
M,297.5,308.3,1622,37.2,103,0,0,0,0,0,0,1,10.8,6.3182,Medium(101-150),0,0,0,0,0,0
L,297.5,308.4,1604,38.1,106,0,0,0,0,0,0,0,10.9,6.3992,Medium(101-150),0,0,0,0,0,0
M,297.4,308.3,1405,51.7,108,0,0,0,0,0,0,1,10.9,7.6061,Medium(101-150),0,1,1,1,0,0
L,297.4,308.3,1412,42.0,111,0,0,0,0,0,0,0,10.9,6.2098,Medium(101-150),0,0,1,0,0,0
L,297.4,308.3,1431,43.0,113,0,0,0,0,0,0,0,10.9,6.4432,Medium(101-150),0,0,0,0,0,0
L,297.4,308.2,1533,37.4,115,0,0,0,0,0,0,0,10.8,6.0036,Medium(101-150),0,0,0,0,0,0
M,297.4,308.2,1401,51.9,117,0,0,0,0,0,0,1,10.8,7.6138,Medium(101-150),0,1,1,1,0,0
M,297.4,308.2,1424,53.9,120,0,0,0,0,0,0,1,10.8,8.037,Medium(101-150),0,1,0,0,0,0
L,297.3,308.2,1754,29.4,123,0,0,0,0,0,0,0,10.9,5.3997,Medium(101-150),0,0,0,0,0,0
L,297.3,308.2,1754,26.8,125,0,0,0,0,0,0,0,10.9,4.9222,Medium(101-150),0,0,0,0,0,0
L,297.5,308.3,2564,12.8,127,1,0,0,1,0,0,0,10.8,3.4366,Medium(101-150),0,0,0,0,0,1
L,297.5,308.5,1546,40.4,129,0,0,0,0,0,0,0,11.0,6.5401,Medium(101-150),0,0,0,0,0,0
L,297.5,308.5,1335,48.0,131,0,0,0,0,0,0,0,11.0,6.7099,Medium(101-150),0,1,1,1,0,0
M,297.5,308.6,1842,27.0,133,0,0,0,0,0,0,1,11.1,5.2077,Medium(101-150),0,0,0,0,0,0
L,297.5,308.5,1712,26.8,136,0,0,0,0,0,0,0,11.0,4.8044,Medium(101-150),0,0,0,0,0,0
M,297.6,308.6,1414,45.4,138,0,0,0,0,0,0,1,11.0,6.7221,Medium(101-150),0,0,1,0,0,0
L,297.6,308.7,1319,50.9,141,0,0,0,0,0,0,0,11.1,7.0301,Medium(101-150),0,1,1,1,0,0
L,297.7,308.7,1249,60.4,143,0,0,0,0,0,0,0,11.0,7.8994,Medium(101-150),0,1,1,1,0,0
L,297.6,308.7,1455,48.2,145,0,0,0,0,0,0,0,11.1,7.3436,Medium(101-150),0,1,0,0,0,0
M,297.6,308.7,1408,54.8,147,0,0,0,0,0,0,1,11.1,8.0794,Medium(101-150),0,1,1,1,0,0
L,297.6,308.7,1460,46.7,150,0,0,0,0,0,0,0,11.1,7.1395,Medium(101-150),0,0,0,0,0,0
L,297.6,308.6,1491,38.1,152,0,0,0,0,0,0,0,11.0,5.9484,High(151-200),0,0,0,0,0,0
M,297.6,308.5,1490,43.4,154,0,0,0,0,0,0,1,10.9,6.7713,High(151-200),0,0,0,0,0,0
M,297.5,308.4,1350,52.2,157,0,0,0,0,0,0,1,10.9,7.3791,High(151-200),0,1,1,1,0,0
L,297.5,308.4,1528,39.9,160,0,0,0,0,0,0,0,10.9,6.384,High(151-200),0,0,0,0,0,0
L,297.4,308.3,1571,37.7,162,0,0,0,0,0,0,0,10.9,6.2017,High(151-200),0,0,0,0,0,0
L,297.4,308.3,1490,42.6,164,0,0,0,0,0,0,0,10.9,6.6465,High(151-200),0,0,0,0,0,0
M,297.4,308.3,1774,28.9,166,0,0,0,0,0,0,1,10.9,5.3684,High(151-200),0,0,0,0,0,0
H,297.4,308.3,1502,43.6,169,0,0,0,0,0,0,2,10.9,6.8573,High(151-200),0,0,0,0,0,0
L,297.4,308.4,1392,49.7,174,0,0,0,0,0,0,0,11.0,7.2442,High(151-200),0,1,1,1,0,0
L,297.4,308.5,2100,16.9,176,0,0,0,0,0,0,0,11.1,3.7162,High(151-200),0,0,0,0,0,0
L,297.5,308.5,1722,30.4,178,0,0,0,0,0,0,0,11.0,5.4815,High(151-200),0,0,0,0,0,0
L,297.4,308.6,1678,32.3,180,0,0,0,0,0,0,0,11.2,5.6753,High(151-200),0,0,0,0,0,0
L,297.3,308.6,1273,59.8,182,0,0,0,0,0,0,0,11.3,7.9712,High(151-200),0,1,1,1,0,0
L,297.3,308.6,1297,45.9,184,0,0,0,0,0,0,0,11.3,6.2337,High(151-200),0,0,1,0,0,0
L,297.3,308.5,1350,57.6,186,0,0,0,0,0,0,0,11.2,8.1424,High(151-200),0,1,1,1,0,0
L,297.4,308.6,1439,51.9,188,0,0,0,0,0,0,0,11.2,7.8203,High(151-200),0,1,0,0,0,0
M,297.4,308.5,1600,42.1,190,0,0,0,0,0,0,1,11.1,7.0534,High(151-200),0,0,0,0,0,0
M,297.4,308.6,1434,44.4,193,0,0,0,0,0,0,1,11.2,6.667,High(151-200),0,0,0,0,0,0
L,297.4,308.6,1459,41.3,196,0,0,0,0,0,0,0,11.2,6.3096,High(151-200),0,0,0,0,0,0
M,297.5,308.6,1472,44.9,198,0,0,0,0,0,0,1,11.1,6.9207,High(151-200),0,0,0,0,0,0
L,297.5,308.7,1429,44.3,201,0,0,0,0,0,0,0,11.2,6.6288,Critical(>200),1,0,0,0,0,0
L,297.5,308.6,1388,48.2,203,0,0,0,0,0,0,0,11.1,7.0054,Critical(>200),1,1,1,1,0,0
L,297.4,308.4,1573,34.5,205,0,0,0,0,0,0,0,11.0,5.6826,Critical(>200),1,0,0,0,0,0
L,297.4,308.4,1588,32.5,207,0,0,0,0,0,0,0,11.0,5.4042,Critical(>200),1,0,0,0,0,0
L,297.5,308.4,1511,42.8,209,0,0,0,0,0,0,0,10.9,6.7718,Critical(>200),1,0,0,0,0,0
L,297.4,308.5,1495,37.8,211,0,0,0,0,0,0,0,11.1,5.9174,Critical(>200),1,0,0,0,0,0
L,297.4,308.4,1394,50.1,213,0,0,0,0,0,0,0,11.0,7.313,Critical(>200),1,1,1,1,0,0
L,297.4,308.4,2151,17.7,0,0,0,0,0,0,0,0,11.0,3.9867,Fresh(0-50),0,0,0,0,0,0
M,297.3,308.3,1501,38.2,2,0,0,0,0,0,0,1,11.0,6.004,Fresh(0-50),0,0,0,0,0,0
M,297.3,308.3,1301,39.6,5,0,0,0,0,0,0,1,11.0,5.3947,Fresh(0-50),0,0,1,0,0,0
M,297.3,308.3,1657,31.1,8,0,0,0,0,0,0,1,11.0,5.3961,Fresh(0-50),0,0,0,0,0,0
L,297.3,308.3,1333,55.2,11,0,0,0,0,0,0,0,11.0,7.7049,Fresh(0-50),0,1,1,1,0,0
L,297.3,308.3,1484,43.9,13,0,0,0,0,0,0,0,11.0,6.8217,Fresh(0-50),0,0,0,0,0,0
L,297.3,308.4,1430,45.7,15,0,0,0,0,0,0,0,11.1,6.843,Fresh(0-50),0,0,0,0,0,0
M,297.3,308.4,1665,28.9,17,0,0,0,0,0,0,1,11.1,5.0386,Fresh(0-50),0,0,0,0,0,0
L,297.4,308.5,1501,44.9,20,0,0,0,0,0,0,0,11.1,7.0571,Fresh(0-50),0,0,0,0,0,0
M,297.5,308.5,1496,42.2,22,0,0,0,0,0,0,1,11.0,6.6106,Fresh(0-50),0,0,0,0,0,0
M,297.6,308.6,1595,36.9,25,0,0,0,0,0,0,1,11.0,6.1629,Fresh(0-50),0,0,0,0,0,0
L,297.5,308.6,1208,62.3,28,0,0,0,0,0,0,0,11.1,7.8805,Fresh(0-50),0,1,1,1,0,0
L,297.5,308.6,1596,37.1,30,0,0,0,0,0,0,0,11.1,6.2002,Fresh(0-50),0,0,0,0,0,0
L,297.5,308.5,1446,41.9,32,0,0,0,0,0,0,0,11.0,6.3442,Fresh(0-50),0,0,0,0,0,0
M,297.6,308.5,1466,39.7,34,0,0,0,0,0,0,1,10.9,6.0943,Fresh(0-50),0,0,0,0,0,0
M,297.6,308.5,1848,23.7,37,0,0,0,0,0,0,1,10.9,4.5861,Fresh(0-50),0,0,0,0,0,0
M,297.5,308.5,1484,44.7,40,0,0,0,0,0,0,1,11.0,6.9461,Fresh(0-50),0,0,0,0,0,0
L,297.4,308.3,1493,41.2,43,0,0,0,0,0,0,0,10.9,6.441,Fresh(0-50),0,0,0,0,0,0
L,297.3,308.3,1504,36.3,45,0,0,0,0,0,0,0,11.0,5.7168,Fresh(0-50),0,0,0,0,0,0
L,297.3,308.3,1538,38.5,47,0,0,0,0,0,0,0,11.0,6.2003,Fresh(0-50),0,0,0,0,0,0
L,297.4,308.4,1341,52.2,49,0,0,0,0,0,0,0,11.0,7.3299,Fresh(0-50),0,1,1,1,0,0
M,297.4,308.3,1535,34.6,51,0,0,0,0,0,0,1,10.9,5.5614,Low(51-100),0,0,0,0,0,0
L,297.4,308.5,1389,39.2,54,0,0,0,0,0,0,0,11.1,5.7014,Low(51-100),0,0,1,0,0,0
H,297.5,308.5,1393,46.6,56,0,0,0,0,0,0,2,11.0,6.7973,Low(51-100),0,0,1,0,0,0
L,297.4,308.5,1399,61.5,61,1,0,0,1,0,0,0,11.1,9.0093,Low(51-100),0,1,1,1,0,1
H,297.4,308.5,1469,45.1,63,0,0,0,0,0,0,2,11.1,6.9374,Low(51-100),0,0,0,0,0,0
L,297.4,308.4,1582,37.2,68,0,0,0,0,0,0,0,11.0,6.1623,Low(51-100),0,0,0,0,0,0
L,297.5,308.6,1793,26.7,70,0,0,0,0,0,0,0,11.1,5.0129,Low(51-100),0,0,0,0,0,0
L,297.5,308.6,1452,39.0,72,0,0,0,0,0,0,0,11.1,5.9296,Low(51-100),0,0,0,0,0,0
M,297.6,308.7,1376,59.9,74,0,0,0,0,0,0,1,11.1,8.6306,Low(51-100),0,1,1,1,0,0
L,297.5,308.6,1552,44.9,77,0,0,0,0,0,0,0,11.1,7.2968,Low(51-100),0,0,0,0,0,0
L,297.6,308.7,1622,37.9,79,0,0,0,0,0,0,0,11.1,6.437,Low(51-100),0,0,0,0,0,0
M,297.6,308.7,1419,41.7,81,0,0,0,0,0,0,1,11.1,6.1961,Low(51-100),0,0,1,0,0,0
H,297.5,308.6,1440,46.1,84,0,0,0,0,0,0,2,11.1,6.9512,Low(51-100),0,0,0,0,0,0
M,297.4,308.6,1643,31.0,89,0,0,0,0,0,0,1,11.2,5.3333,Low(51-100),0,0,0,0,0,0
L,297.4,308.7,1510,36.2,92,0,0,0,0,0,0,0,11.3,5.7238,Low(51-100),0,0,0,0,0,0
L,297.4,308.7,1468,46.6,94,0,0,0,0,0,0,0,11.3,7.1632,Low(51-100),0,0,0,0,0,0
L,297.4,308.7,1429,57.4,96,0,0,0,0,0,0,0,11.3,8.589,Low(51-100),0,1,0,0,0,0
H,297.3,308.7,1478,47.6,98,0,0,0,0,0,0,2,11.4,7.3668,Low(51-100),0,1,0,0,0,0
L,297.4,308.6,1276,53.6,103,0,0,0,0,0,0,0,11.2,7.1616,Medium(101-150),0,1,1,1,0,0
L,297.3,308.6,1486,42.6,105,0,0,0,0,0,0,0,11.3,6.6286,Medium(101-150),0,0,0,0,0,0
L,297.4,308.6,1476,42.3,107,0,0,0,0,0,0,0,11.2,6.5377,Medium(101-150),0,0,0,0,0,0
H,297.3,308.6,1431,42.0,109,0,0,0,0,0,0,2,11.3,6.2934,Medium(101-150),0,0,0,0,0,0
L,297.4,308.7,1402,40.2,114,0,0,0,0,0,0,0,11.3,5.9016,Medium(101-150),0,0,1,0,0,0
L,297.4,308.7,1433,43.4,116,0,0,0,0,0,0,0,11.3,6.5123,Medium(101-150),0,0,0,0,0,0
L,297.4,308.7,2874,4.2,118,1,0,0,1,0,0,0,11.3,1.264,Medium(101-150),0,0,0,0,0,1
L,297.3,308.6,1511,35.7,120,0,0,0,0,0,0,0,11.3,5.6485,Medium(101-150),0,0,0,0,0,0
M,297.3,308.6,1456,42.9,122,0,0,0,0,0,0,1,11.3,6.5406,Medium(101-150),0,0,0,0,0,0
L,297.2,308.5,1550,41.5,125,0,0,0,0,0,0,0,11.3,6.7356,Medium(101-150),0,0,0,0,0,0
L,297.2,308.5,2182,16.5,127,0,0,0,0,0,0,0,11.3,3.7699,Medium(101-150),0,0,0,0,0,0
L,297.3,308.7,1619,31.6,129,0,0,0,0,0,0,0,11.4,5.3571,Medium(101-150),0,0,0,0,0,0
M,297.3,308.8,1586,32.7,131,0,0,0,0,0,0,1,11.5,5.4306,Medium(101-150),0,0,0,0,0,0
H,297.3,308.8,1499,44.2,134,0,0,0,0,0,0,2,11.5,6.9378,Medium(101-150),0,0,0,0,0,0
H,297.3,308.8,1419,42.4,139,0,0,0,0,0,0,2,11.5,6.3001,Medium(101-150),0,0,1,0,0,0
M,297.4,309.0,1497,41.8,144,0,0,0,0,0,0,1,11.6,6.5523,Medium(101-150),0,0,0,0,0,0
M,297.4,309.0,1520,37.0,147,0,0,0,0,0,0,1,11.6,5.889,Medium(101-150),0,0,0,0,0,0
L,297.4,309.1,1478,49.8,150,0,0,0,0,0,0,0,11.7,7.7073,Medium(101-150),0,1,0,0,0,0
L,297.4,309.1,1380,41.1,152,0,0,0,0,0,0,0,11.7,5.9391,High(151-200),0,0,1,0,0,0
L,297.4,309.0,1570,37.9,154,0,0,0,0,0,0,0,11.6,6.2307,High(151-200),0,0,0,0,0,0
H,297.4,309.0,1468,41.4,156,0,0,0,0,0,0,2,11.6,6.3639,High(151-200),0,0,0,0,0,0
L,297.4,309.0,1833,22.6,161,0,0,0,0,0,0,0,11.6,4.3378,High(151-200),0,0,0,0,0,0
M,297.4,308.9,1323,57.3,163,0,0,0,0,0,0,1,11.5,7.938,High(151-200),0,1,1,1,0,0
L,297.4,309.0,1583,32.0,166,0,0,0,0,0,0,0,11.6,5.3043,High(151-200),0,0,0,0,0,0
M,297.3,309.0,1556,39.5,168,0,0,0,0,0,0,1,11.7,6.4358,High(151-200),0,0,0,0,0,0
L,297.3,309.0,1548,37.4,171,0,0,0,0,0,0,0,11.7,6.0623,High(151-200),0,0,0,0,0,0
L,297.4,309.0,1324,56.9,173,0,0,0,0,0,0,0,11.6,7.8885,High(151-200),0,1,1,1,0,0
L,297.4,309.0,1568,33.7,175,0,0,0,0,0,0,0,11.6,5.5332,High(151-200),0,0,0,0,0,0
M,297.4,309.0,1685,30.7,177,0,0,0,0,0,0,1,11.6,5.4167,High(151-200),0,0,0,0,0,0
M,297.4,309.1,1582,35.9,180,0,0,0,0,0,0,1,11.7,5.947,High(151-200),0,0,0,0,0,0
M,297.4,309.1,1463,35.0,183,0,0,0,0,0,0,1,11.7,5.3618,High(151-200),0,0,0,0,0,0
L,297.4,309.2,1584,42.8,186,0,0,0,0,0,0,0,11.8,7.099,High(151-200),0,0,0,0,0,0
M,297.5,309.2,1347,55.8,188,0,0,0,0,0,0,1,11.7,7.8704,High(151-200),0,1,1,1,0,0
L,297.4,309.2,1459,37.9,191,0,0,0,0,0,0,0,11.8,5.7902,High(151-200),0,0,0,0,0,0
L,297.4,309.2,1420,45.6,193,0,0,0,0,0,0,0,11.8,6.7803,High(151-200),0,0,1,0,0,0
L,297.5,309.3,1404,43.5,195,0,0,0,0,0,0,0,11.8,6.3952,High(151-200),0,0,1,0,0,0
L,297.5,309.3,1470,38.8,197,0,0,0,0,0,0,0,11.8,5.9724,High(151-200),0,0,0,0,0,0
L,297.6,309.4,1326,49.8,199,0,0,0,0,0,0,0,11.8,6.9146,High(151-200),0,1,1,1,0,0
H,297.5,309.3,1459,49.7,201,0,0,0,0,0,0,2,11.8,7.5929,Critical(>200),1,1,0,0,0,0
M,297.5,309.2,1530,40.0,206,0,0,0,0,0,0,1,11.7,6.4084,Critical(>200),1,0,0,0,0,0
L,297.4,309.0,1505,39.2,209,0,0,0,0,0,0,0,11.6,6.1776,Critical(>200),1,0,0,0,0,0
L,297.5,309.1,1611,30.2,211,0,0,0,0,0,0,0,11.6,5.0945,Critical(>200),1,0,0,0,0,0
L,297.5,309.1,1515,35.1,213,0,0,0,0,0,0,0,11.6,5.5682,Critical(>200),1,0,0,0,0,0
M,297.5,309.2,1804,27.4,215,0,0,0,0,0,0,1,11.7,5.1759,Critical(>200),1,0,0,0,0,0
M,297.6,309.3,1464,46.2,218,0,0,0,0,0,0,1,11.7,7.0824,Critical(>200),1,0,0,0,0,0
L,297.6,309.2,1390,43.3,221,0,0,0,0,0,0,0,11.6,6.3023,Critical(>200),1,0,1,0,0,0
M,297.6,309.2,1442,48.1,0,0,0,0,0,0,0,1,11.6,7.2628,Fresh(0-50),0,1,0,0,0,0
M,297.6,309.3,1529,41.9,3,0,0,0,0,0,0,1,11.7,6.7084,Fresh(0-50),0,0,0,0,0,0
L,297.6,309.3,1610,35.0,6,0,0,0,0,0,0,0,11.7,5.9005,Fresh(0-50),0,0,0,0,0,0
L,297.6,309.3,1543,34.3,8,0,0,0,0,0,0,0,11.7,5.5419,Fresh(0-50),0,0,0,0,0,0
H,297.8,309.4,1445,48.2,10,0,0,0,0,0,0,2,11.6,7.2931,Fresh(0-50),0,1,0,0,0,0
L,297.7,309.3,1893,24.6,15,0,0,0,0,0,0,0,11.6,4.8762,Fresh(0-50),0,0,0,0,0,0
M,297.6,309.3,1415,41.3,17,0,0,0,0,0,0,1,11.7,6.1193,Fresh(0-50),0,0,1,0,0,0
L,297.5,309.3,1564,37.5,20,0,0,0,0,0,0,0,11.8,6.1414,Fresh(0-50),0,0,0,0,0,0
L,297.5,309.3,1479,39.4,22,0,0,0,0,0,0,0,11.8,6.1018,Fresh(0-50),0,0,0,0,0,0
L,297.5,309.2,1426,44.8,24,0,0,0,0,0,0,0,11.7,6.6895,Fresh(0-50),0,0,0,0,0,0
L,297.4,309.2,1428,38.8,26,0,0,0,0,0,0,0,11.8,5.8017,Fresh(0-50),0,0,0,0,0,0
L,297.4,309.2,1620,33.2,28,0,0,0,0,0,0,0,11.8,5.6318,Fresh(0-50),0,0,0,0,0,0
L,297.5,309.2,1715,28.0,30,0,0,0,0,0,0,0,11.7,5.0283,Fresh(0-50),0,0,0,0,0,0
L,297.5,309.3,1732,29.9,32,0,0,0,0,0,0,0,11.8,5.4227,Fresh(0-50),0,0,0,0,0,0
M,297.5,309.4,1391,58.2,34,0,0,0,0,0,0,1,11.9,8.4771,Fresh(0-50),0,1,1,1,0,0
L,297.6,309.5,1924,20.6,37,0,0,0,0,0,0,0,11.9,4.1502,Fresh(0-50),0,0,0,0,0,0
M,297.7,309.5,2027,19.8,39,0,0,0,0,0,0,1,11.8,4.2026,Fresh(0-50),0,0,0,0,0,0
L,297.6,309.5,1617,36.2,42,0,0,0,0,0,0,0,11.9,6.1294,Fresh(0-50),0,0,0,0,0,0
L,297.5,309.4,1497,35.8,44,0,0,0,0,0,0,0,11.9,5.6118,Fresh(0-50),0,0,0,0,0,0
M,297.5,309.5,1448,43.7,46,0,0,0,0,0,0,1,12.0,6.6259,Fresh(0-50),0,0,0,0,0,0
L,297.4,309.4,1401,45.9,49,0,0,0,0,0,0,0,12.0,6.7336,Fresh(0-50),0,0,1,0,0,0
L,297.4,309.4,1620,35.4,51,0,0,0,0,0,0,0,12.0,6.005,Low(51-100),0,0,0,0,0,0
L,297.4,309.4,1466,45.5,53,0,0,0,0,0,0,0,12.0,6.9846,Low(51-100),0,0,0,0,0,0
L,297.6,309.5,1373,50.6,55,0,0,0,0,0,0,0,11.9,7.2747,Low(51-100),0,1,1,1,0,0
M,297.6,309.6,1592,35.8,57,0,0,0,0,0,0,1,12.0,5.9679,Low(51-100),0,0,0,0,0,0
M,297.5,309.5,1553,42.4,60,0,0,0,0,0,0,1,12.0,6.895,Low(51-100),0,0,0,0,0,0
L,297.6,309.5,1569,36.2,63,0,0,0,0,0,0,0,11.9,5.9474,Low(51-100),0,0,0,0,0,0
M,297.6,309.5,1709,32.2,65,0,0,0,0,0,0,1,11.9,5.7623,Low(51-100),0,0,0,0,0,0
L,297.6,309.5,1549,34.9,68,0,0,0,0,0,0,0,11.9,5.6607,Low(51-100),0,0,0,0,0,0
L,297.5,309.4,1443,45.4,70,0,0,0,0,0,0,0,11.9,6.8599,Low(51-100),0,0,0,0,0,0
L,297.5,309.3,1675,29.8,72,0,0,0,0,0,0,0,11.8,5.2267,Low(51-100),0,0,0,0,0,0
L,297.5,309.3,1623,33.4,74,0,0,0,0,0,0,0,11.8,5.6763,Low(51-100),0,0,0,0,0,0
H,297.4,309.3,1365,52.4,76,0,0,0,0,0,0,2,11.9,7.4896,Low(51-100),0,1,1,1,0,0
L,297.4,309.3,1759,24.8,81,0,0,0,0,0,0,0,11.9,4.5679,Low(51-100),0,0,0,0,0,0
H,297.4,309.3,1516,43.0,83,0,0,0,0,0,0,2,11.9,6.826,Low(51-100),0,0,0,0,0,0
M,297.4,309.3,1499,36.8,88,0,0,0,0,0,0,1,11.9,5.7763,Low(51-100),0,0,0,0,0,0
M,297.4,309.3,1775,25.8,91,0,0,0,0,0,0,1,11.9,4.7953,Low(51-100),0,0,0,0,0,0
L,297.4,309.4,1473,45.5,94,0,0,0,0,0,0,0,12.0,7.018,Low(51-100),0,0,0,0,0,0
L,297.4,309.4,1296,52.3,96,0,0,0,0,0,0,0,12.0,7.0975,Low(51-100),0,1,1,1,0,0
L,297.5,309.4,1803,24.7,98,0,0,0,0,0,0,0,11.9,4.6633,Low(51-100),0,0,0,0,0,0
H,297.5,309.3,1563,36.1,100,0,0,0,0,0,0,2,11.8,5.9083,Low(51-100),0,0,0,0,0,0
M,297.5,309.4,1831,26.6,105,0,0,0,0,0,0,1,11.9,5.1,Medium(101-150),0,0,0,0,0,0
L,297.6,309.4,1958,22.1,108,0,0,0,0,0,0,0,11.8,4.5311,Medium(101-150),0,0,0,0,0,0
L,297.5,309.4,1809,24.3,110,0,0,0,0,0,0,0,11.9,4.603,Medium(101-150),0,0,0,0,0,0
M,297.5,309.4,1482,39.3,112,0,0,0,0,0,0,1,11.9,6.0987,Medium(101-150),0,0,0,0,0,0
L,297.4,309.3,1332,53.2,115,0,0,0,0,0,0,0,11.9,7.4201,Medium(101-150),0,1,1,1,0,0
L,297.4,309.2,1437,40.4,117,0,0,0,0,0,0,0,11.8,6.079,Medium(101-150),0,0,0,0,0,0
L,297.4,309.2,1698,29.4,119,0,0,0,0,0,0,0,11.8,5.2274,Medium(101-150),0,0,0,0,0,0
L,297.4,309.2,1274,54.3,121,0,0,0,0,0,0,0,11.8,7.2438,Medium(101-150),0,1,1,1,0,0
M,297.4,309.3,1622,35.0,123,0,0,0,0,0,0,1,11.9,5.9445,Medium(101-150),0,0,0,0,0,0
M,297.4,309.3,1564,36.0,126,0,0,0,0,0,0,1,11.9,5.8957,Medium(101-150),0,0,0,0,0,0
H,297.5,309.4,1368,45.3,129,0,0,0,0,0,0,2,11.9,6.489,Medium(101-150),0,0,1,0,0,0
M,297.4,309.4,1539,42.2,134,0,0,0,0,0,0,1,12.0,6.8006,Medium(101-150),0,0,0,0,0,0
L,297.5,309.4,1357,50.1,137,0,0,0,0,0,0,0,11.9,7.1189,Medium(101-150),0,1,1,1,0,0
M,297.5,309.4,1433,48.3,139,0,0,0,0,0,0,1,11.9,7.2475,Medium(101-150),0,1,0,0,0,0
L,297.5,309.4,1650,34.6,142,0,0,0,0,0,0,0,11.9,5.978,Medium(101-150),0,0,0,0,0,0
L,297.5,309.4,1503,40.6,144,0,0,0,0,0,0,0,11.9,6.3897,Medium(101-150),0,0,0,0,0,0
L,297.5,309.4,1318,58.2,146,0,0,0,0,0,0,0,11.9,8.0322,Medium(101-150),0,1,1,1,0,0
M,297.5,309.4,1678,34.4,148,0,0,0,0,0,0,1,11.9,6.0443,Medium(101-150),0,0,0,0,0,0
L,297.6,309.5,1574,30.9,151,0,0,0,0,0,0,0,11.9,5.0928,High(151-200),0,0,0,0,0,0
L,297.7,309.6,1529,35.2,153,0,0,0,0,0,0,0,11.9,5.6357,High(151-200),0,0,0,0,0,0
H,297.6,309.6,1669,32.1,155,0,0,0,0,0,0,2,12.0,5.6099,High(151-200),0,0,0,0,0,0
H,297.7,309.7,1570,35.8,160,0,0,0,0,0,0,2,12.0,5.8854,High(151-200),0,0,0,0,0,0
M,297.6,309.7,1541,33.7,165,0,0,0,0,0,0,1,12.1,5.4379,High(151-200),0,0,0,0,0,0
M,297.7,309.7,1680,30.2,168,0,0,0,0,0,0,1,12.0,5.3127,High(151-200),0,0,0,0,0,0
L,297.8,309.7,1935,22.1,171,0,0,0,0,0,0,0,11.9,4.4779,High(151-200),0,0,0,0,0,0
M,297.7,309.6,1596,35.2,173,0,0,0,0,0,0,1,11.9,5.8826,High(151-200),0,0,0,0,0,0
L,297.7,309.7,1498,41.0,176,0,0,0,0,0,0,0,12.0,6.4312,High(151-200),0,0,0,0,0,0
M,297.8,309.8,1676,29.0,178,0,0,0,0,0,0,1,12.0,5.0894,High(151-200),0,0,0,0,0,0
L,297.8,309.9,1351,49.0,181,0,0,0,0,0,0,0,12.1,6.9318,High(151-200),0,1,1,1,0,0
L,297.9,309.9,1472,45.0,183,0,0,0,0,0,0,0,12.0,6.9361,High(151-200),0,0,0,0,0,0
M,297.9,310.0,1439,41.7,185,0,0,0,0,0,0,1,12.1,6.2834,High(151-200),0,0,0,0,0,0
M,297.9,309.9,1410,55.4,188,0,0,0,0,0,0,1,12.0,8.1795,High(151-200),0,1,1,1,0,0
H,297.7,309.7,1440,51.1,191,0,0,0,0,0,0,2,12.0,7.7051,High(151-200),0,1,0,0,0,0
L,297.7,309.7,1591,37.7,196,0,0,0,0,0,0,0,12.0,6.2807,High(151-200),0,0,0,0,0,0
L,297.8,309.8,1533,36.8,198,0,0,0,0,0,0,0,12.0,5.9073,High(151-200),0,0,0,0,0,0
M,297.8,309.7,1700,31.3,200,0,0,0,0,0,0,1,11.9,5.5717,High(151-200),0,0,0,0,0,0
M,297.8,309.8,1798,25.5,203,0,0,0,0,0,0,1,12.0,4.8009,Critical(>200),1,0,0,0,0,0
L,297.8,309.7,1394,42.9,206,0,0,0,0,0,0,0,11.9,6.2621,Critical(>200),1,0,1,0,0,0
L,297.8,309.7,1341,49.2,208,0,0,0,0,0,0,0,11.9,6.9086,Critical(>200),1,1,1,1,0,0
H,297.7,309.6,1697,32.2,210,0,0,0,0,0,0,2,11.9,5.7218,Critical(>200),1,0,0,0,0,0
H,297.6,309.6,1419,48.2,215,0,0,0,0,0,0,2,12.0,7.1619,Critical(>200),1,1,1,1,0,0
L,297.6,309.5,2001,20.5,220,0,0,0,0,0,0,0,11.9,4.2953,Critical(>200),1,0,0,0,0,0
L,297.6,309.6,1501,49.8,222,1,0,0,0,1,0,0,12.0,7.8272,Critical(>200),1,1,0,0,0,1
H,297.6,309.5,1623,33.1,224,0,0,0,0,0,0,2,11.9,5.6253,Critical(>200),1,0,0,0,0,0
L,297.6,309.4,1628,33.4,229,0,0,0,0,0,0,0,11.8,5.6937,Critical(>200),1,0,0,0,0,0
L,297.6,309.4,1491,40.2,231,0,0,0,0,0,0,0,11.8,6.2763,Critical(>200),1,0,0,0,0,0
L,297.5,309.4,1517,36.7,233,0,0,0,0,0,0,0,11.9,5.8297,Critical(>200),1,0,0,0,0,0
H,297.5,309.3,1525,41.7,235,0,0,0,0,0,0,2,11.8,6.6589,Critical(>200),1,0,0,0,0,0
H,297.5,309.5,1668,27.9,240,0,0,0,0,0,0,2,12.0,4.873,Critical(>200),1,0,0,0,0,0
L,297.5,309.6,1312,50.7,0,0,0,0,0,0,0,0,12.1,6.9653,Fresh(0-50),0,1,1,1,0,0
H,297.6,309.6,1278,50.4,2,0,0,0,0,0,0,2,12.0,6.7446,Fresh(0-50),0,1,1,1,0,0
M,297.6,309.6,1330,53.1,7,0,0,0,0,0,0,1,12.0,7.3951,Fresh(0-50),0,1,1,1,0,0
M,297.6,309.6,1530,37.3,10,0,0,0,0,0,0,1,12.0,5.9758,Fresh(0-50),0,0,0,0,0,0
H,297.6,309.6,1428,46.6,13,0,0,0,0,0,0,2,12.0,6.968,Fresh(0-50),0,0,0,0,0,0
L,297.7,309.6,1480,47.9,18,0,0,0,0,0,0,0,11.9,7.4232,Fresh(0-50),0,1,0,0,0,0
H,297.7,309.7,1616,31.1,20,0,0,0,0,0,0,2,12.0,5.2626,Fresh(0-50),0,0,0,0,0,0
L,297.8,309.7,1547,37.3,25,0,0,0,0,0,0,0,11.9,6.0422,Fresh(0-50),0,0,0,0,0,0
L,297.9,309.7,2194,16.8,27,0,0,0,0,0,0,0,11.8,3.8596,Fresh(0-50),0,0,0,0,0,0
L,297.9,309.8,2000,21.3,29,0,0,0,0,0,0,0,11.9,4.4607,Fresh(0-50),0,0,0,0,0,0
L,297.9,309.8,1336,71.6,31,1,0,0,1,0,0,0,11.9,10.0165,Fresh(0-50),0,1,1,1,0,1
L,297.9,309.9,1542,33.8,33,0,0,0,0,0,0,0,12.0,5.4575,Fresh(0-50),0,0,0,0,0,0
M,297.9,309.8,1693,29.9,35,0,0,0,0,0,0,1,11.9,5.3006,Fresh(0-50),0,0,0,0,0,0
L,297.9,309.8,1461,50.5,38,0,0,0,0,0,0,0,11.9,7.7257,Fresh(0-50),0,1,0,0,0,0
M,298.0,309.9,1565,33.9,40,0,0,0,0,0,0,1,11.9,5.5553,Fresh(0-50),0,0,0,0,0,0
L,298.0,309.9,1403,47.7,43,0,0,0,0,0,0,0,11.9,7.0077,Fresh(0-50),0,1,1,1,0,0
L,298.1,309.9,1629,32.5,45,0,0,0,0,0,0,0,11.8,5.5437,Fresh(0-50),0,0,0,0,0,0
L,298.1,310.0,1534,33.7,47,0,0,0,0,0,0,0,11.9,5.4132,Fresh(0-50),0,0,0,0,0,0
L,298.1,310.0,1553,40.9,49,0,0,0,0,0,0,0,11.9,6.6511,Fresh(0-50),0,0,0,0,0,0
L,298.1,309.9,1563,32.8,51,0,0,0,0,0,0,0,11.8,5.3682,Low(51-100),0,0,0,0,0,0
L,298.1,309.9,1634,30.0,53,0,0,0,0,0,0,0,11.8,5.133,Low(51-100),0,0,0,0,0,0
M,298.0,309.9,1445,45.2,55,0,0,0,0,0,0,1,11.9,6.8392,Low(51-100),0,0,0,0,0,0
L,298.1,309.9,1642,30.4,58,0,0,0,0,0,0,0,11.8,5.2269,Low(51-100),0,0,0,0,0,0
H,298.1,309.9,1686,29.1,60,0,0,0,0,0,0,2,11.8,5.1374,Low(51-100),0,0,0,0,0,0
M,298.1,310.0,1393,43.1,65,0,0,0,0,0,0,1,11.9,6.2867,Low(51-100),0,0,1,0,0,0
H,298.2,310.0,1433,44.2,68,0,0,0,0,0,0,2,11.8,6.6323,Low(51-100),0,0,0,0,0,0
L,298.3,310.0,1507,44.7,73,0,0,0,0,0,0,0,11.7,7.0537,Low(51-100),0,0,0,0,0,0
M,298.3,310.1,1389,49.6,75,0,0,0,0,0,0,1,11.8,7.2141,Low(51-100),0,1,1,1,0,0
L,298.3,310.1,1408,45.3,78,0,0,0,0,0,0,0,11.8,6.6788,Low(51-100),0,0,1,0,0,0
M,298.4,310.2,1725,32.0,80,0,0,0,0,0,0,1,11.8,5.7801,Low(51-100),0,0,0,0,0,0
L,298.4,310.1,1926,23.7,83,0,0,0,0,0,0,0,11.7,4.7797,Low(51-100),0,0,0,0,0,0
H,298.3,310.1,1509,37.6,85,0,0,0,0,0,0,2,11.8,5.9412,Low(51-100),0,0,0,0,0,0
L,298.3,310.1,1545,36.3,90,0,0,0,0,0,0,0,11.8,5.8726,Low(51-100),0,0,0,0,0,0
L,298.4,310.1,1533,35.2,92,0,0,0,0,0,0,0,11.7,5.6504,Low(51-100),0,0,0,0,0,0
L,298.4,310.1,1455,42.2,94,0,0,0,0,0,0,0,11.7,6.4294,Low(51-100),0,0,0,0,0,0
M,298.4,310.1,1335,57.8,96,0,0,0,0,0,0,1,11.7,8.0799,Low(51-100),0,1,1,1,0,0
L,298.3,310.1,1523,45.9,99,0,0,0,0,0,0,0,11.8,7.32,Low(51-100),0,0,0,0,0,0
L,298.3,310.0,1460,47.6,101,0,0,0,0,0,0,0,11.7,7.2771,Medium(101-150),0,1,0,0,0,0
L,298.4,310.0,1554,37.3,103,0,0,0,0,0,0,0,11.6,6.0695,Medium(101-150),0,0,0,0,0,0
H,298.3,310.0,1419,47.1,105,0,0,0,0,0,0,2,11.7,6.9984,Medium(101-150),0,1,1,1,0,0
L,298.3,310.0,1442,43.9,110,0,0,0,0,0,0,0,11.7,6.6287,Medium(101-150),0,0,0,0,0,0
L,298.3,309.9,1507,41.6,112,0,0,0,0,0,0,0,11.6,6.5645,Medium(101-150),0,0,0,0,0,0
L,298.3,310.0,1858,23.9,114,0,0,0,0,0,0,0,11.7,4.6499,Medium(101-150),0,0,0,0,0,0
L,298.3,309.9,1463,43.9,116,0,0,0,0,0,0,0,11.6,6.7252,Medium(101-150),0,0,0,0,0,0
L,298.2,309.7,1585,37.4,118,0,0,0,0,0,0,0,11.5,6.2072,Medium(101-150),0,0,0,0,0,0
L,298.0,309.6,1536,37.3,120,0,0,0,0,0,0,0,11.6,5.9992,Medium(101-150),0,0,0,0,0,0
L,298.0,309.6,1403,51.3,122,0,0,0,0,0,0,0,11.6,7.5365,Medium(101-150),0,1,1,1,0,0
M,297.9,309.6,1515,38.8,124,0,0,0,0,0,0,1,11.7,6.1552,Medium(101-150),0,0,0,0,0,0
L,297.9,309.5,1390,47.9,127,0,0,0,0,0,0,0,11.6,6.9718,Medium(101-150),0,1,1,1,0,0
M,297.8,309.4,1226,58.7,129,0,0,0,0,0,0,1,11.6,7.5357,Medium(101-150),0,1,1,1,0,0
M,297.8,309.4,1495,36.5,132,0,0,0,0,0,0,1,11.6,5.7139,Medium(101-150),0,0,0,0,0,0
H,297.7,309.4,1608,30.2,135,0,0,0,0,0,0,2,11.7,5.085,Medium(101-150),0,0,0,0,0,0
L,297.7,309.4,1392,44.1,140,0,0,0,0,0,0,0,11.7,6.428,Medium(101-150),0,0,1,0,0,0
M,297.7,309.4,1461,43.7,142,0,0,0,0,0,0,1,11.7,6.6854,Medium(101-150),0,0,0,0,0,0
L,297.7,309.3,1559,36.9,145,0,0,0,0,0,0,0,11.6,6.0238,Medium(101-150),0,0,0,0,0,0
H,297.7,309.3,1400,48.9,147,0,0,0,0,0,0,2,11.6,7.1686,Medium(101-150),0,1,1,1,0,0
M,297.7,309.2,1732,28.8,152,0,0,0,0,0,0,1,11.5,5.2232,High(151-200),0,0,0,0,0,0
L,297.6,309.2,1611,33.1,155,0,0,0,0,0,0,0,11.6,5.5837,High(151-200),0,0,0,0,0,0
L,297.6,309.1,1503,38.9,157,0,0,0,0,0,0,0,11.5,6.1222,High(151-200),0,0,0,0,0,0
L,297.7,309.2,1391,44.5,159,0,0,0,0,0,0,0,11.5,6.4816,High(151-200),0,0,1,0,0,0
L,297.8,309.3,2015,20.1,161,0,0,0,0,0,0,0,11.5,4.241,High(151-200),0,0,0,0,0,0
L,297.8,309.2,1683,30.9,163,0,0,0,0,0,0,0,11.4,5.4455,High(151-200),0,0,0,0,0,0
L,297.7,309.1,1435,38.8,165,0,0,0,0,0,0,0,11.4,5.8302,High(151-200),0,0,0,0,0,0
M,297.7,309.1,1732,28.1,167,0,0,0,0,0,0,1,11.4,5.0963,High(151-200),0,0,0,0,0,0
L,297.7,309.2,1365,58.6,170,0,0,0,0,0,0,0,11.5,8.3758,High(151-200),0,1,1,1,0,0
L,297.7,309.1,1562,36.8,172,0,0,0,0,0,0,0,11.4,6.019,High(151-200),0,0,0,0,0,0
L,297.6,309.1,1449,49.1,174,0,0,0,0,0,0,0,11.5,7.4498,High(151-200),0,1,0,0,0,0
M,297.7,309.2,1700,27.4,176,0,0,0,0,0,0,1,11.5,4.8775,High(151-200),0,0,0,0,0,0
M,297.6,309.0,1427,45.6,179,0,0,0,0,0,0,1,11.4,6.8137,High(151-200),0,0,0,0,0,0
M,297.6,308.9,1479,38.1,182,0,0,0,0,0,0,1,11.3,5.9005,High(151-200),0,0,0,0,0,0
L,297.5,308.9,1469,44.0,185,0,0,0,0,0,0,0,11.4,6.7682,High(151-200),0,0,0,0,0,0
L,297.5,308.9,1390,47.4,187,0,0,0,0,0,0,0,11.4,6.8991,High(151-200),0,1,1,1,0,0
L,297.5,308.9,1729,28.1,189,0,0,0,0,0,0,0,11.4,5.0874,High(151-200),0,0,0,0,0,0
L,297.5,309.0,1470,43.5,191,0,0,0,0,0,0,0,11.5,6.6958,High(151-200),0,0,0,0,0,0
L,297.5,308.9,1459,48.5,193,0,0,0,0,0,0,0,11.4,7.4096,High(151-200),0,1,0,0,0,0
L,297.5,308.9,1738,24.0,195,0,0,0,0,0,0,0,11.4,4.3677,High(151-200),0,0,0,0,0,0
H,297.5,308.9,1471,37.7,197,0,0,0,0,0,0,2,11.4,5.807,High(151-200),0,0,0,0,0,0
L,297.6,309.0,1822,25.4,202,0,0,0,0,0,0,0,11.4,4.8459,Critical(>200),1,0,0,0,0,0
L,297.5,308.9,1554,34.8,204,0,0,0,0,0,0,0,11.4,5.6627,Critical(>200),1,0,0,0,0,0
M,297.6,308.9,1433,43.2,206,0,0,0,0,0,0,1,11.3,6.4823,Critical(>200),1,0,0,0,0,0
L,297.6,308.9,1449,47.7,209,0,0,0,0,0,0,0,11.3,7.2374,Critical(>200),1,1,0,0,0,0
L,297.8,309.0,1456,41.2,0,0,0,0,0,0,0,0,11.2,6.2814,Fresh(0-50),0,0,0,0,0,0
M,297.8,309.1,1424,45.5,2,0,0,0,0,0,0,1,11.3,6.7845,Fresh(0-50),0,0,0,0,0,0
H,297.9,309.2,1577,34.7,5,0,0,0,0,0,0,2,11.3,5.73,Fresh(0-50),0,0,0,0,0,0
L,297.9,309.2,1478,39.7,10,0,0,0,0,0,0,0,11.3,6.1441,Fresh(0-50),0,0,0,0,0,0
M,297.8,309.2,1295,61.2,12,0,0,0,0,0,0,1,11.4,8.2988,Fresh(0-50),0,1,1,1,0,0
L,297.8,309.2,1372,47.3,15,0,0,0,0,0,0,0,11.4,6.7954,Fresh(0-50),0,1,1,1,0,0
M,297.8,309.1,1432,42.6,17,0,0,0,0,0,0,1,11.3,6.3878,Fresh(0-50),0,0,0,0,0,0
M,297.7,309.0,1656,33.2,20,0,0,0,0,0,0,1,11.3,5.757,Fresh(0-50),0,0,0,0,0,0
H,297.8,309.0,1410,48.8,23,0,0,0,0,0,0,2,11.2,7.205,Fresh(0-50),0,1,1,1,0,0
L,297.7,309.0,1874,24.4,28,0,0,0,0,0,0,0,11.3,4.788,Fresh(0-50),0,0,0,0,0,0
L,297.7,309.0,1538,43.2,30,0,0,0,0,0,0,0,11.3,6.9572,Fresh(0-50),0,0,0,0,0,0
M,297.7,309.0,1636,29.7,32,0,0,0,0,0,0,1,11.3,5.0879,Fresh(0-50),0,0,0,0,0,0
M,297.7,309.0,1504,40.4,35,0,0,0,0,0,0,1,11.3,6.3625,Fresh(0-50),0,0,0,0,0,0
M,297.7,309.0,1531,42.4,38,0,0,0,0,0,0,1,11.3,6.7973,Fresh(0-50),0,0,0,0,0,0
H,297.6,309.0,1735,26.4,41,0,0,0,0,0,0,2,11.4,4.7962,Fresh(0-50),0,0,0,0,0,0
H,297.6,309.0,1354,55.6,46,0,0,0,0,0,0,2,11.4,7.883,Fresh(0-50),0,1,1,1,0,0
H,297.6,309.0,1413,40.2,51,0,0,0,0,0,0,2,11.4,5.9479,Low(51-100),0,0,1,0,0,0
L,297.7,309.1,1563,39.3,56,0,0,0,0,0,0,0,11.4,6.432,Low(51-100),0,0,0,0,0,0
L,297.7,309.1,1479,42.1,58,0,0,0,0,0,0,0,11.4,6.52,Low(51-100),0,0,0,0,0,0
L,297.7,309.1,1477,38.3,60,0,0,0,0,0,0,0,11.4,5.9235,Low(51-100),0,0,0,0,0,0
L,297.6,309.1,1394,50.0,62,0,0,0,0,0,0,0,11.5,7.2984,Low(51-100),0,1,1,1,0,0
L,297.6,309.0,1487,45.4,64,0,0,0,0,0,0,0,11.4,7.0691,Low(51-100),0,0,0,0,0,0
M,297.6,309.0,1815,25.3,66,0,0,0,0,0,0,1,11.4,4.8083,Low(51-100),0,0,0,0,0,0
M,297.6,308.8,1453,39.7,69,0,0,0,0,0,0,1,11.2,6.0402,Low(51-100),0,0,0,0,0,0
L,297.6,308.8,1539,40.2,72,0,0,0,0,0,0,0,11.2,6.4783,Low(51-100),0,0,0,0,0,0
H,297.5,308.7,1416,39.2,74,0,0,0,0,0,0,2,11.2,5.8123,Low(51-100),0,0,1,0,0,0
M,297.6,308.8,1683,31.6,79,0,0,0,0,0,0,1,11.2,5.5689,Low(51-100),0,0,0,0,0,0
L,297.7,308.8,1515,40.1,82,0,0,0,0,0,0,0,11.1,6.3614,Low(51-100),0,0,0,0,0,0
M,297.7,308.9,1531,48.3,84,0,0,0,0,0,0,1,11.2,7.7432,Low(51-100),0,1,0,0,0,0
H,297.7,308.9,1479,40.9,87,0,0,0,0,0,0,2,11.2,6.3341,Low(51-100),0,0,0,0,0,0
L,297.7,308.9,1516,33.7,92,0,0,0,0,0,0,0,11.2,5.3497,Low(51-100),0,0,0,0,0,0
L,297.7,309.0,1507,38.2,94,0,0,0,0,0,0,0,11.3,6.028,Low(51-100),0,0,0,0,0,0
M,297.8,309.0,1434,43.3,96,0,0,0,0,0,0,1,11.2,6.5018,Low(51-100),0,0,0,0,0,0
L,297.7,308.9,1838,27.3,99,0,0,0,0,0,0,0,11.2,5.2542,Low(51-100),0,0,0,0,0,0
M,297.6,308.8,1416,45.9,101,0,0,0,0,0,0,1,11.2,6.8057,Medium(101-150),0,0,1,0,0,0
M,297.6,308.8,1357,49.7,104,0,0,0,0,0,0,1,11.2,7.0621,Medium(101-150),0,1,1,1,0,0
M,297.5,308.7,1697,28.1,107,0,0,0,0,0,0,1,11.2,4.9933,Medium(101-150),0,0,0,0,0,0
L,297.5,308.7,1443,46.2,110,0,0,0,0,0,0,0,11.2,6.9808,Medium(101-150),0,0,0,0,0,0
L,297.5,308.7,1453,37.6,112,0,0,0,0,0,0,0,11.2,5.7207,Medium(101-150),0,0,0,0,0,0
L,297.4,308.6,1439,46.4,114,0,0,0,0,0,0,0,11.2,6.9916,Medium(101-150),0,0,0,0,0,0
L,297.4,308.6,1609,36.2,116,0,0,0,0,0,0,0,11.2,6.099,Medium(101-150),0,0,0,0,0,0
L,297.4,308.6,1324,59.1,118,0,0,0,0,0,0,0,11.2,8.1935,Medium(101-150),0,1,1,1,0,0
H,297.4,308.6,1420,45.8,120,0,0,0,0,0,0,2,11.2,6.8101,Medium(101-150),0,0,1,0,0,0
L,297.4,308.7,1545,36.9,125,0,0,0,0,0,0,0,11.3,5.9697,Medium(101-150),0,0,0,0,0,0
L,297.5,308.8,1477,39.0,127,0,0,0,0,0,0,0,11.3,6.0317,Medium(101-150),0,0,0,0,0,0
L,297.4,308.8,1447,58.1,129,0,0,0,0,0,0,0,11.4,8.8032,Medium(101-150),0,1,0,0,0,0
L,297.4,308.9,1809,23.8,131,0,0,0,0,0,0,0,11.5,4.5083,Medium(101-150),0,0,0,0,0,0
L,297.5,308.9,1696,30.9,133,0,0,0,0,0,0,0,11.4,5.4876,Medium(101-150),0,0,0,0,0,0
L,297.5,308.9,1427,44.7,135,0,0,0,0,0,0,0,11.4,6.6793,Medium(101-150),0,0,0,0,0,0
M,297.4,308.9,1500,46.3,137,0,0,0,0,0,0,1,11.5,7.2723,Medium(101-150),0,0,0,0,0,0
L,297.5,308.9,1390,44.6,140,0,0,0,0,0,0,0,11.4,6.4915,Medium(101-150),0,0,1,0,0,0
L,297.4,308.8,1640,34.2,142,0,0,0,0,0,0,0,11.4,5.8731,Medium(101-150),0,0,0,0,0,0
M,297.4,308.8,1628,37.4,144,0,0,0,0,0,0,1,11.4,6.3756,Medium(101-150),0,0,0,0,0,0
H,297.3,308.6,1499,37.6,147,0,0,0,0,0,0,2,11.3,5.9018,Medium(101-150),0,0,0,0,0,0
M,297.4,308.7,1425,50.3,152,0,0,0,0,0,0,1,11.3,7.5055,High(151-200),0,1,0,0,0,0
L,297.3,308.6,1586,37.7,155,0,0,0,0,0,0,0,11.3,6.261,High(151-200),0,0,0,0,0,0
M,297.3,308.6,1471,50.7,157,0,0,0,0,0,0,1,11.3,7.8094,High(151-200),0,1,0,0,0,0
M,297.3,308.6,1431,53.0,160,0,0,0,0,0,0,1,11.3,7.9417,High(151-200),0,1,0,0,0,0
L,297.2,308.6,1924,22.1,163,0,0,0,0,0,0,0,11.4,4.4524,High(151-200),0,0,0,0,0,0
M,297.1,308.4,1421,42.0,165,0,0,0,0,0,0,1,11.3,6.2494,High(151-200),0,0,1,0,0,0
H,297.0,308.4,1305,54.6,168,0,0,0,0,0,0,2,11.4,7.461,High(151-200),0,1,1,1,0,0
L,296.9,308.4,1557,32.4,173,0,0,0,0,0,0,0,11.5,5.2824,High(151-200),0,0,0,0,0,0
L,296.9,308.3,1555,38.2,175,0,0,0,0,0,0,0,11.4,6.22,High(151-200),0,0,0,0,0,0
H,296.9,308.3,1474,39.2,177,0,0,0,0,0,0,2,11.4,6.0503,High(151-200),0,0,0,0,0,0
L,296.8,308.3,1506,45.9,182,0,0,0,0,0,0,0,11.5,7.2383,High(151-200),0,0,0,0,0,0
L,296.9,308.4,1390,41.8,184,0,0,0,0,0,0,0,11.5,6.084,High(151-200),0,0,1,0,0,0
M,296.9,308.4,1450,46.9,186,0,0,0,0,0,0,1,11.5,7.1209,High(151-200),0,1,0,0,0,0
L,296.9,308.3,1513,38.8,189,0,0,0,0,0,0,0,11.4,6.1471,High(151-200),0,0,0,0,0,0
L,296.8,308.2,1643,34.7,191,0,0,0,0,0,0,0,11.4,5.9699,High(151-200),0,0,0,0,0,0
L,296.8,308.2,1361,53.8,193,0,0,0,0,0,0,0,11.4,7.6672,High(151-200),0,1,1,1,0,0
L,296.7,308.1,1450,40.9,195,0,0,0,0,0,0,0,11.4,6.2099,High(151-200),0,0,0,0,0,0
L,296.7,308.0,1451,50.7,197,0,0,0,0,0,0,0,11.3,7.7032,High(151-200),0,1,0,0,0,0
L,296.8,308.1,1289,62.0,199,1,0,0,0,1,0,0,11.3,8.3684,High(151-200),0,1,1,1,0,1
L,296.8,308.1,1356,48.3,201,0,0,0,0,0,0,0,11.3,6.8581,Critical(>200),1,1,1,1,0,0
H,296.7,308.1,1528,46.3,203,0,0,0,0,0,0,2,11.4,7.408,Critical(>200),1,0,0,0,0,0
L,296.6,308.0,1978,22.3,208,0,0,0,0,0,0,0,11.4,4.6188,Critical(>200),1,0,0,0,0,0
L,296.7,308.0,1535,36.8,210,0,0,0,0,0,0,0,11.3,5.915,Critical(>200),1,0,0,0,0,0
M,296.8,308.1,1843,24.2,212,0,0,0,0,0,0,1,11.3,4.6702,Critical(>200),1,0,0,0,0,0
L,296.9,308.1,1422,48.7,215,0,0,0,0,0,0,0,11.2,7.2515,Critical(>200),1,1,1,1,0,0
L,296.8,308.0,1536,40.4,217,0,0,0,0,0,0,0,11.2,6.4978,Critical(>200),1,0,0,0,0,0
M,296.9,308.1,1483,44.3,219,0,0,0,0,0,0,1,11.2,6.8793,Critical(>200),1,0,0,0,0,0
H,296.8,308.1,1492,43.7,222,0,0,0,0,0,0,2,11.3,6.8273,Critical(>200),1,0,0,0,0,0
L,296.8,308.0,1584,40.4,227,0,0,0,0,0,0,0,11.2,6.7009,Critical(>200),1,0,0,0,0,0
L,296.9,308.1,1555,33.7,229,0,0,0,0,0,0,0,11.2,5.4873,Critical(>200),1,0,0,0,0,0
L,296.8,308.0,1497,41.7,231,0,0,0,0,0,0,0,11.2,6.5366,Critical(>200),1,0,0,0,0,0
M,296.7,307.8,1537,36.3,233,0,0,0,0,0,0,1,11.1,5.8422,Critical(>200),1,0,0,0,0,0
L,296.7,307.8,1505,39.4,236,0,0,0,0,0,0,0,11.1,6.2091,Critical(>200),1,0,0,0,0,0
L,296.7,307.8,1646,34.6,238,0,0,0,0,0,0,0,11.1,5.9635,Critical(>200),1,0,0,0,0,0
M,296.7,307.8,1286,60.5,0,0,0,0,0,0,0,1,11.1,8.1469,Fresh(0-50),0,1,1,1,0,0
L,296.7,307.8,1400,47.5,3,0,0,0,0,0,0,0,11.1,6.9634,Fresh(0-50),0,1,1,1,0,0
L,296.8,307.9,1337,56.5,5,0,0,0,0,0,0,0,11.1,7.91,Fresh(0-50),0,1,1,1,0,0
L,296.9,308.0,1332,53.9,7,0,0,0,0,0,0,0,11.1,7.5178,Fresh(0-50),0,1,1,1,0,0
L,296.8,308.0,1561,38.3,9,0,0,0,0,0,0,0,11.2,6.2603,Fresh(0-50),0,0,0,0,0,0
L,296.9,308.0,1546,31.1,11,0,0,0,0,0,0,0,11.1,5.0346,Fresh(0-50),0,0,0,0,0,0
L,296.9,308.0,1713,29.3,13,0,0,0,0,0,0,0,11.1,5.2556,Fresh(0-50),0,0,0,0,0,0
L,296.9,308.0,1343,44.5,15,0,0,0,0,0,0,0,11.1,6.258,Fresh(0-50),0,0,1,0,0,0
L,296.8,308.0,1391,54.4,17,0,0,0,0,0,0,0,11.2,7.9236,Fresh(0-50),0,1,1,1,0,0
H,296.8,308.0,1311,58.6,19,0,0,0,0,0,0,2,11.2,8.0445,Fresh(0-50),0,1,1,1,0,0
H,296.8,308.0,1453,51.0,24,0,0,0,0,0,0,2,11.2,7.7595,Fresh(0-50),0,1,0,0,0,0
L,296.8,308.0,1510,39.4,29,0,0,0,0,0,0,0,11.2,6.2297,Fresh(0-50),0,0,0,0,0,0
L,296.8,307.9,1448,48.8,31,0,0,0,0,0,0,0,11.1,7.3992,Fresh(0-50),0,1,0,0,0,0
L,296.7,307.8,1453,46.0,33,0,0,0,0,0,0,0,11.1,6.9987,Fresh(0-50),0,0,0,0,0,0
L,296.7,307.8,1468,39.2,35,0,0,0,0,0,0,0,11.1,6.0257,Fresh(0-50),0,0,0,0,0,0
L,296.7,307.8,1382,47.5,37,0,0,0,0,0,0,0,11.1,6.8738,Fresh(0-50),0,1,1,1,0,0
L,296.7,308.0,1580,32.2,39,0,0,0,0,0,0,0,11.3,5.3273,Fresh(0-50),0,0,0,0,0,0
L,296.8,308.0,1666,29.8,41,0,0,0,0,0,0,0,11.2,5.1986,Fresh(0-50),0,0,0,0,0,0
M,296.9,308.0,1409,50.7,43,0,0,0,0,0,0,1,11.1,7.4802,Fresh(0-50),0,1,1,1,0,0
L,296.8,308.0,1675,29.7,46,0,0,0,0,0,0,0,11.2,5.2092,Fresh(0-50),0,0,0,0,0,0
L,296.8,307.9,1698,30.8,48,0,0,0,0,0,0,0,11.1,5.4763,Fresh(0-50),0,0,0,0,0,0
H,296.7,307.9,1579,33.4,50,0,0,0,0,0,0,2,11.2,5.5224,Fresh(0-50),0,0,0,0,0,0
L,296.7,307.9,1743,27.9,55,0,0,0,0,0,0,0,11.2,5.0921,Low(51-100),0,0,0,0,0,0
M,296.9,308.0,1497,44.8,57,0,0,0,0,0,0,1,11.1,7.0226,Low(51-100),0,0,0,0,0,0
L,296.9,308.1,1741,28.8,60,0,0,0,0,0,0,0,11.2,5.2503,Low(51-100),0,0,0,0,0,0
L,296.9,308.1,1435,45.3,62,0,0,0,0,0,0,0,11.2,6.8069,Low(51-100),0,0,0,0,0,0
M,296.9,308.1,1440,46.3,64,0,0,0,0,0,0,1,11.2,6.9814,Low(51-100),0,0,0,0,0,0
M,296.9,308.0,1641,33.3,67,0,0,0,0,0,0,1,11.1,5.722,Low(51-100),0,0,0,0,0,0
L,296.8,307.9,1420,45.4,70,0,0,0,0,0,0,0,11.1,6.7506,Low(51-100),0,0,1,0,0,0
L,296.8,307.9,1611,35.4,72,0,0,0,0,0,0,0,11.1,5.9717,Low(51-100),0,0,0,0,0,0
L,296.8,307.8,1373,42.9,74,0,0,0,0,0,0,0,11.0,6.1677,Low(51-100),0,0,1,0,0,0
M,296.8,307.9,1683,31.8,76,0,0,0,0,0,0,1,11.1,5.6041,Low(51-100),0,0,0,0,0,0
H,296.9,307.9,1547,32.6,79,0,0,0,0,0,0,2,11.0,5.2809,Low(51-100),0,0,0,0,0,0
L,296.9,307.8,1605,37.0,84,0,0,0,0,0,0,0,10.9,6.2183,Low(51-100),0,0,0,0,0,0
M,296.9,307.9,2010,18.9,86,0,0,0,0,0,0,1,11.0,3.9779,Low(51-100),0,0,0,0,0,0
L,296.8,307.7,1565,40.1,89,0,0,0,0,0,0,0,10.9,6.5714,Low(51-100),0,0,0,0,0,0
M,296.9,307.8,1828,24.6,91,0,0,0,0,0,0,1,10.9,4.7088,Low(51-100),0,0,0,0,0,0
M,297.0,307.8,1579,34.1,94,0,0,0,0,0,0,1,10.8,5.6381,Low(51-100),0,0,0,0,0,0
M,297.0,307.9,1882,24.2,97,0,0,0,0,0,0,1,10.9,4.769,Low(51-100),0,0,0,0,0,0
L,296.9,307.8,1285,52.1,100,0,0,0,0,0,0,0,10.9,7.0103,Low(51-100),0,1,1,1,0,0
L,296.9,307.8,1571,35.0,102,0,0,0,0,0,0,0,10.9,5.7576,Medium(101-150),0,0,0,0,0,0
H,296.9,307.8,1549,37.8,104,0,0,0,0,0,0,2,10.9,6.1311,Medium(101-150),0,0,0,0,0,0
M,296.9,307.8,1544,37.6,109,0,0,0,0,0,0,1,10.9,6.079,Medium(101-150),0,0,0,0,0,0
M,297.0,307.9,1412,47.4,112,0,0,0,0,0,0,1,10.9,7.0083,Medium(101-150),0,1,1,1,0,0
M,297.0,307.9,1422,53.0,115,0,0,0,0,0,0,1,10.9,7.8917,Medium(101-150),0,1,1,1,0,0
L,297.0,307.7,1867,22.8,118,0,0,0,0,0,0,0,10.7,4.4573,Medium(101-150),0,0,0,0,0,0
L,296.9,307.7,1424,43.3,120,0,0,0,0,0,0,0,10.8,6.4565,Medium(101-150),0,0,0,0,0,0
L,296.9,307.6,1452,45.7,122,0,0,0,0,0,0,0,10.7,6.9483,Medium(101-150),0,0,0,0,0,0
L,296.9,307.7,1550,39.7,124,0,0,0,0,0,0,0,10.8,6.4435,Medium(101-150),0,0,0,0,0,0
L,296.8,307.6,1588,37.6,126,0,0,0,0,0,0,0,10.8,6.2522,Medium(101-150),0,0,0,0,0,0
L,296.8,307.6,1338,44.4,128,0,0,0,0,0,0,0,10.8,6.2206,Medium(101-150),0,0,1,0,0,0
L,296.8,307.6,1513,40.0,130,0,0,0,0,0,0,0,10.8,6.3372,Medium(101-150),0,0,0,0,0,0
M,296.8,307.5,1470,45.9,132,0,0,0,0,0,0,1,10.7,7.0652,Medium(101-150),0,0,0,0,0,0
M,296.8,307.5,1516,36.7,135,0,0,0,0,0,0,1,10.7,5.8259,Medium(101-150),0,0,0,0,0,0
L,296.8,307.6,1434,48.3,138,0,0,0,0,0,0,0,10.8,7.2526,Medium(101-150),0,1,0,0,0,0
L,296.8,307.6,1368,52.0,140,0,0,0,0,0,0,0,10.8,7.4488,Medium(101-150),0,1,1,1,0,0
L,296.8,307.6,1304,48.7,142,0,0,0,0,0,0,0,10.8,6.6497,Medium(101-150),0,1,1,1,0,0
L,296.8,307.6,1398,46.7,144,0,0,0,0,0,0,0,10.8,6.8363,Medium(101-150),0,0,1,0,0,0
L,296.7,307.6,1516,37.4,146,0,0,0,0,0,0,0,10.9,5.937,Medium(101-150),0,0,0,0,0,0
L,296.7,307.6,1474,41.7,148,0,0,0,0,0,0,0,10.9,6.4362,Medium(101-150),0,0,0,0,0,0
M,296.7,307.6,1547,34.7,150,0,0,0,0,0,0,1,10.9,5.621,Medium(101-150),0,0,0,0,0,0
M,296.6,307.5,1482,39.9,153,0,0,0,0,0,0,1,10.9,6.1918,High(151-200),0,0,0,0,0,0
L,296.6,307.4,1436,42.8,156,0,0,0,0,0,0,0,10.8,6.4357,High(151-200),0,0,0,0,0,0
L,296.6,307.3,1474,40.0,158,0,0,0,0,0,0,0,10.7,6.1738,High(151-200),0,0,0,0,0,0
L,296.5,307.2,1481,38.2,160,0,0,0,0,0,0,0,10.7,5.924,High(151-200),0,0,0,0,0,0
L,296.5,307.3,1501,42.1,162,0,0,0,0,0,0,0,10.8,6.617,High(151-200),0,0,0,0,0,0
L,296.5,307.3,1566,37.2,164,0,0,0,0,0,0,0,10.8,6.1,High(151-200),0,0,0,0,0,0
L,296.5,307.3,1579,34.5,166,0,0,0,0,0,0,0,10.8,5.7042,High(151-200),0,0,0,0,0,0
L,296.6,307.4,1631,35.0,168,0,0,0,0,0,0,0,10.8,5.9775,High(151-200),0,0,0,0,0,0
M,296.6,307.4,1544,42.3,170,0,0,0,0,0,0,1,10.8,6.8389,High(151-200),0,0,0,0,0,0
L,296.6,307.4,1521,38.6,173,0,0,0,0,0,0,0,10.8,6.1477,High(151-200),0,0,0,0,0,0
L,296.6,307.4,1616,28.0,175,0,0,0,0,0,0,0,10.8,4.738,High(151-200),0,0,0,0,0,0
H,296.6,307.4,1333,50.2,177,0,0,0,0,0,0,2,10.8,7.007,High(151-200),0,1,1,1,0,0
M,296.7,307.4,1533,32.5,182,0,0,0,0,0,0,1,10.7,5.217,High(151-200),0,0,0,0,0,0
L,296.6,307.4,1368,45.1,185,0,0,0,0,0,0,0,10.8,6.4604,High(151-200),0,0,1,0,0,0
L,296.6,307.4,1465,47.8,187,0,0,0,0,0,0,0,10.8,7.3327,High(151-200),0,1,0,0,0,0
H,296.6,307.4,1406,41.5,189,0,0,0,0,0,0,2,10.8,6.1098,High(151-200),0,0,1,0,0,0
M,296.5,307.4,1565,43.5,194,0,0,0,0,0,0,1,10.9,7.1285,High(151-200),0,0,0,0,0,0
L,296.6,307.5,1582,37.9,197,0,0,0,0,0,0,0,10.9,6.2783,High(151-200),0,0,0,0,0,0
L,296.6,307.5,1439,45.5,199,0,0,0,0,0,0,0,10.9,6.856,High(151-200),0,0,0,0,0,0
M,296.6,307.5,1566,35.0,201,0,0,0,0,0,0,1,10.9,5.7393,Critical(>200),1,0,0,0,0,0
L,296.6,307.5,1485,42.7,204,0,0,0,0,0,0,0,10.9,6.6397,Critical(>200),1,0,0,0,0,0
L,296.5,307.5,1566,35.1,206,0,0,0,0,0,0,0,11.0,5.7557,Critical(>200),1,0,0,0,0,0
L,296.3,307.3,1439,41.5,208,0,0,0,0,0,0,0,11.0,6.2532,Critical(>200),1,0,0,0,0,0
M,296.4,307.4,1416,50.0,210,0,0,0,0,0,0,1,11.0,7.4136,Critical(>200),1,1,1,1,0,0
L,296.4,307.4,2833,5.6,213,1,0,0,1,0,0,0,11.0,1.6612,Critical(>200),1,0,0,0,0,1
L,296.3,307.4,1465,47.1,215,0,0,0,0,0,0,0,11.1,7.2253,Critical(>200),1,1,0,0,0,0
H,296.4,307.4,1586,35.5,0,0,0,0,0,0,0,2,11.0,5.8956,Fresh(0-50),0,0,0,0,0,0
L,296.3,307.3,1567,31.4,5,0,0,0,0,0,0,0,11.0,5.1522,Fresh(0-50),0,0,0,0,0,0
M,296.2,307.2,1389,48.6,7,0,0,0,0,0,0,1,11.0,7.0686,Fresh(0-50),0,1,1,1,0,0
M,296.3,307.3,1368,49.5,10,0,0,0,0,0,0,1,11.0,7.0907,Fresh(0-50),0,1,1,1,0,0
L,296.3,307.3,1444,49.0,13,0,0,0,0,0,0,0,11.0,7.409,Fresh(0-50),0,1,0,0,0,0
M,296.3,307.3,1498,41.6,15,0,0,0,0,0,0,1,11.0,6.5253,Fresh(0-50),0,0,0,0,0,0
L,296.1,307.2,1615,30.8,18,0,0,0,0,0,0,0,11.1,5.2086,Fresh(0-50),0,0,0,0,0,0
L,296.1,307.1,1898,22.7,20,0,0,0,0,0,0,0,11.0,4.5115,Fresh(0-50),0,0,0,0,0,0
M,296.1,307.1,1350,53.3,22,0,0,0,0,0,0,1,11.0,7.5346,Fresh(0-50),0,1,1,1,0,0
M,296.2,307.0,1516,37.6,25,0,0,0,0,0,0,1,10.8,5.9688,Fresh(0-50),0,0,0,0,0,0
H,296.2,307.0,1542,40.6,28,0,0,0,0,0,0,2,10.8,6.5555,Fresh(0-50),0,0,0,0,0,0
H,296.1,306.9,1541,32.6,33,0,0,0,0,0,0,2,10.8,5.2604,Fresh(0-50),0,0,0,0,0,0
M,296.1,306.9,1951,23.3,38,0,0,0,0,0,0,1,10.8,4.76,Fresh(0-50),0,0,0,0,0,0
H,296.1,306.8,1645,31.0,41,0,0,0,0,0,0,2,10.7,5.3398,Fresh(0-50),0,0,0,0,0,0
L,296.0,306.7,1416,44.2,46,0,0,0,0,0,0,0,10.7,6.5536,Fresh(0-50),0,0,1,0,0,0
M,296.0,306.7,2044,22.3,48,0,0,0,0,0,0,1,10.7,4.7729,Fresh(0-50),0,0,0,0,0,0
L,295.9,306.6,1414,50.2,51,0,0,0,0,0,0,0,10.7,7.4328,Low(51-100),0,1,1,1,0,0
L,295.9,306.6,1678,26.7,53,0,0,0,0,0,0,0,10.7,4.6914,Low(51-100),0,0,0,0,0,0
H,295.9,306.5,1594,33.2,55,0,0,0,0,0,0,2,10.6,5.5414,Low(51-100),0,0,0,0,0,0
M,295.8,306.5,1514,37.7,60,0,0,0,0,0,0,1,10.7,5.9767,Low(51-100),0,0,0,0,0,0
L,295.8,306.5,1358,49.2,63,0,0,0,0,0,0,0,10.7,6.9962,Low(51-100),0,1,1,1,0,0
L,295.8,306.4,1325,56.2,65,0,0,0,0,0,0,0,10.6,7.7974,Low(51-100),0,1,1,1,0,0
L,295.8,306.4,1339,53.2,67,0,0,0,0,0,0,0,10.6,7.4591,Low(51-100),0,1,1,1,0,0
M,295.8,306.4,1335,51.7,69,0,0,0,0,0,0,1,10.6,7.2272,Low(51-100),0,1,1,1,0,0
L,295.9,306.4,1892,21.7,72,0,0,0,0,0,0,0,10.5,4.2991,Low(51-100),0,0,0,0,0,0
L,295.9,306.4,1575,28.5,74,0,0,0,0,0,0,0,10.5,4.7003,Low(51-100),0,0,0,0,0,0
M,295.8,306.3,1444,45.5,76,0,0,0,0,0,0,1,10.5,6.8798,Low(51-100),0,0,0,0,0,0
L,295.7,306.3,1915,22.4,79,0,0,0,0,0,0,0,10.6,4.4917,Low(51-100),0,0,0,0,0,0
M,295.6,306.2,1584,33.6,81,0,0,0,0,0,0,1,10.6,5.573,Low(51-100),0,0,0,0,0,0
M,295.7,306.3,1685,34.9,84,0,0,0,0,0,0,1,10.6,6.1577,Low(51-100),0,0,0,0,0,0
L,295.8,306.3,1337,54.6,87,0,0,0,0,0,0,0,10.5,7.644,Low(51-100),0,1,1,1,0,0
M,295.8,306.3,1235,76.2,89,1,0,0,1,0,0,1,10.5,9.8541,Low(51-100),0,1,1,1,0,1
L,295.7,306.2,1464,46.2,92,0,0,0,0,0,0,0,10.5,7.0824,Low(51-100),0,0,0,0,0,0
M,295.7,306.2,1739,25.9,94,0,0,0,0,0,0,1,10.5,4.7162,Low(51-100),0,0,0,0,0,0
L,295.7,306.3,1490,34.3,97,0,0,0,0,0,0,0,10.6,5.3515,Low(51-100),0,0,0,0,0,0
L,295.8,306.4,1356,48.0,99,0,0,0,0,0,0,0,10.6,6.8155,Low(51-100),0,1,1,1,0,0
L,295.7,306.2,1397,52.0,101,0,0,0,0,0,0,0,10.5,7.6067,Medium(101-150),0,1,1,1,0,0
L,295.7,306.2,1458,40.6,103,0,0,0,0,0,0,0,10.5,6.1984,Medium(101-150),0,0,0,0,0,0
H,295.7,306.2,2161,16.5,105,0,0,0,0,0,0,2,10.5,3.7337,Medium(101-150),0,0,0,0,0,0
M,295.6,306.1,1651,28.1,110,0,0,0,0,0,0,1,10.5,4.8579,Medium(101-150),0,0,0,0,0,0
L,295.6,306.1,1389,46.2,113,0,0,0,0,0,0,0,10.5,6.7196,Medium(101-150),0,0,1,0,0,0
L,295.6,306.0,1370,52.4,115,0,0,0,0,0,0,0,10.4,7.5171,Medium(101-150),0,1,1,1,0,0
L,295.7,306.1,1408,47.9,117,0,0,0,0,0,0,0,10.4,7.0621,Medium(101-150),0,1,1,1,0,0
L,295.7,306.1,1343,54.4,119,0,0,0,0,0,0,0,10.4,7.6502,Medium(101-150),0,1,1,1,0,0
M,295.7,306.2,1423,42.5,121,0,0,0,0,0,0,1,10.5,6.3327,Medium(101-150),0,0,0,0,0,0
L,295.6,306.2,1426,48.6,124,0,0,0,0,0,0,0,10.6,7.2569,Medium(101-150),0,1,0,0,0,0
M,295.6,306.2,1435,51.6,126,0,0,0,0,0,0,1,10.6,7.7535,Medium(101-150),0,1,0,0,0,0
L,295.5,306.1,1573,35.1,129,0,0,0,0,0,0,0,10.6,5.7814,Medium(101-150),0,0,0,0,0,0
L,295.6,306.2,1612,31.2,131,0,0,0,0,0,0,0,10.6,5.2664,Medium(101-150),0,0,0,0,0,0
L,295.6,306.2,1446,49.9,133,0,0,0,0,0,0,0,10.6,7.5555,Medium(101-150),0,1,0,0,0,0
H,295.6,306.2,1329,55.3,135,0,0,0,0,0,0,2,10.6,7.6957,Medium(101-150),0,1,1,1,0,0
L,295.6,306.2,1569,35.1,140,0,0,0,0,0,0,0,10.6,5.7667,Medium(101-150),0,0,0,0,0,0
H,295.6,306.1,1256,62.3,142,0,0,0,0,0,0,2,10.5,8.1936,Medium(101-150),0,1,1,1,0,0
L,295.6,306.1,1383,48.7,147,0,0,0,0,0,0,0,10.5,7.0526,Medium(101-150),0,1,1,1,0,0
L,295.7,306.2,2270,14.6,149,1,0,0,1,0,0,0,10.5,3.4704,Medium(101-150),0,0,0,0,0,1
H,295.7,306.2,1458,49.8,151,0,0,0,0,0,0,2,10.5,7.603,High(151-200),0,1,0,0,0,0
L,295.6,306.1,1474,41.2,156,0,0,0,0,0,0,0,10.5,6.359,High(151-200),0,0,0,0,0,0
M,295.6,306.1,1462,49.2,158,0,0,0,0,0,0,1,10.5,7.532,High(151-200),0,1,0,0,0,0
M,295.6,306.1,1669,29.0,161,0,0,0,0,0,0,1,10.5,5.0682,High(151-200),0,0,0,0,0,0
M,295.5,306.1,1822,24.3,164,0,0,0,0,0,0,1,10.6,4.6361,High(151-200),0,0,0,0,0,0
L,295.5,306.0,1456,39.2,167,0,0,0,0,0,0,0,10.5,5.9765,High(151-200),0,0,0,0,0,0
L,295.5,306.0,1546,35.9,169,0,0,0,0,0,0,0,10.5,5.8117,High(151-200),0,0,0,0,0,0
M,295.6,306.1,1490,42.7,171,0,0,0,0,0,0,1,10.5,6.6621,High(151-200),0,0,0,0,0,0
L,295.6,306.0,1569,40.4,174,0,0,0,0,0,0,0,10.4,6.6374,High(151-200),0,0,0,0,0,0
L,295.5,306.0,1621,29.5,176,0,0,0,0,0,0,0,10.5,5.0073,High(151-200),0,0,0,0,0,0
M,295.4,305.9,1518,40.6,178,0,0,0,0,0,0,1,10.5,6.4535,High(151-200),0,0,0,0,0,0
M,295.4,305.8,1526,38.2,181,0,0,0,0,0,0,1,10.4,6.104,High(151-200),0,0,0,0,0,0
M,295.3,305.8,1589,36.2,184,0,0,0,0,0,0,1,10.5,6.0232,High(151-200),0,0,0,0,0,0
L,295.3,305.7,1475,51.0,187,0,0,0,0,0,0,0,10.4,7.877,High(151-200),0,1,0,0,0,0
M,295.3,305.7,1473,38.5,189,0,0,0,0,0,0,1,10.4,5.9383,High(151-200),0,0,0,0,0,0
L,295.4,305.8,1407,50.7,192,0,0,0,0,0,0,0,10.4,7.4696,High(151-200),0,1,1,1,0,0
M,295.5,305.9,1518,44.1,194,0,0,0,0,0,0,1,10.4,7.0098,High(151-200),0,0,0,0,0,0
H,295.5,305.9,1593,37.2,197,0,0,0,0,0,0,2,10.4,6.2052,High(151-200),0,0,0,0,0,0
M,295.5,305.9,1380,52.4,202,0,0,0,0,0,0,1,10.4,7.5719,Critical(>200),1,1,1,1,0,0
M,295.5,306.0,1423,45.3,205,0,0,0,0,0,0,1,10.5,6.7499,Critical(>200),1,0,0,0,0,0
L,295.5,306.0,1800,27.6,208,0,0,0,0,0,0,0,10.5,5.2021,Critical(>200),1,0,0,0,0,0
H,295.6,306.1,1623,30.9,210,0,0,0,0,0,0,2,10.5,5.2514,Critical(>200),1,0,0,0,0,0
L,295.6,306.1,1372,55.6,215,1,0,0,0,1,0,0,10.5,7.9878,Critical(>200),1,1,1,1,0,1
H,295.6,306.0,1396,52.4,0,0,0,0,0,0,0,2,10.4,7.6597,Fresh(0-50),0,1,1,1,0,0
L,295.6,306.0,1949,21.9,5,0,0,0,0,0,0,0,10.4,4.4694,Fresh(0-50),0,0,0,0,0,0
L,295.6,306.0,1419,51.1,7,0,0,0,0,0,0,0,10.4,7.5928,Fresh(0-50),0,1,1,1,0,0
M,295.5,305.9,1453,47.3,9,0,0,0,0,0,0,1,10.4,7.1965,Fresh(0-50),0,1,0,0,0,0
L,295.5,305.9,1542,36.2,12,0,0,0,0,0,0,0,10.4,5.8451,Fresh(0-50),0,0,0,0,0,0
L,295.6,306.0,1363,50.0,14,0,0,0,0,0,0,0,10.4,7.1361,Fresh(0-50),0,1,1,1,0,0
L,295.5,306.0,1597,37.2,16,0,0,0,0,0,0,0,10.5,6.2208,Fresh(0-50),0,0,0,0,0,0
M,295.5,306.0,1326,50.8,18,0,0,0,0,0,0,1,10.5,7.0535,Fresh(0-50),0,1,1,1,0,0
M,295.5,306.0,1641,36.6,21,0,0,0,0,0,0,1,10.5,6.2891,Fresh(0-50),0,0,0,0,0,0
M,295.6,306.1,1418,46.2,24,0,0,0,0,0,0,1,10.5,6.8599,Fresh(0-50),0,0,1,0,0,0
L,295.6,306.2,1263,61.8,27,0,0,0,0,0,0,0,10.6,8.1731,Fresh(0-50),0,1,1,1,0,0
L,295.6,306.2,1823,25.8,29,0,0,0,0,0,0,0,10.6,4.925,Fresh(0-50),0,0,0,0,0,0
L,295.5,306.1,1488,40.7,31,0,0,0,0,0,0,0,10.6,6.3415,Fresh(0-50),0,0,0,0,0,0
L,295.6,306.2,1443,48.9,33,0,0,0,0,0,0,0,10.6,7.3888,Fresh(0-50),0,1,0,0,0,0
L,295.6,306.2,1650,28.2,35,0,0,0,0,0,0,0,10.6,4.8723,Fresh(0-50),0,0,0,0,0,0
M,295.7,306.3,1462,44.3,37,0,0,0,0,0,0,1,10.6,6.7818,Fresh(0-50),0,0,0,0,0,0
M,295.6,306.2,1477,45.0,40,0,0,0,0,0,0,1,10.6,6.9597,Fresh(0-50),0,0,0,0,0,0
M,295.7,306.3,1712,28.5,43,0,0,0,0,0,0,1,10.6,5.1091,Fresh(0-50),0,0,0,0,0,0
M,295.7,306.3,1347,50.4,46,0,0,0,0,0,0,1,10.6,7.1088,Fresh(0-50),0,1,1,1,0,0
L,295.6,306.2,1287,54.8,49,0,0,0,0,0,0,0,10.6,7.3851,Fresh(0-50),0,1,1,1,0,0
L,295.6,306.2,1428,44.5,51,0,0,0,0,0,0,0,10.6,6.654,Low(51-100),0,0,0,0,0,0
M,295.6,306.3,1426,45.5,53,0,0,0,0,0,0,1,10.7,6.794,Low(51-100),0,0,0,0,0,0
L,295.6,306.3,1636,32.7,56,0,0,0,0,0,0,0,10.7,5.6018,Low(51-100),0,0,0,0,0,0
L,295.6,306.2,1424,42.5,58,0,0,0,0,0,0,0,10.6,6.3372,Low(51-100),0,0,0,0,0,0
H,295.6,306.3,1509,35.8,60,0,0,0,0,0,0,2,10.7,5.6568,Low(51-100),0,0,0,0,0,0
L,295.5,306.2,1448,48.9,65,0,0,0,0,0,0,0,10.7,7.4144,Low(51-100),0,1,0,0,0,0
L,295.5,306.1,1650,32.8,67,0,0,0,0,0,0,0,10.6,5.667,Low(51-100),0,0,0,0,0,0
H,295.6,306.2,1414,42.5,69,0,0,0,0,0,0,2,10.6,6.2927,Low(51-100),0,0,1,0,0,0
L,295.6,306.3,1911,20.9,74,0,0,0,0,0,0,0,10.7,4.1822,Low(51-100),0,0,0,0,0,0
H,295.6,306.2,1632,32.2,76,0,0,0,0,0,0,2,10.6,5.5027,Low(51-100),0,0,0,0,0,0
M,295.7,306.4,1387,40.1,81,0,0,0,0,0,0,1,10.7,5.8239,Low(51-100),0,0,1,0,0,0
L,295.8,306.4,1399,47.6,84,0,0,0,0,0,0,0,10.6,6.973,Low(51-100),0,1,1,1,0,0
L,295.8,306.5,1505,35.2,86,0,0,0,0,0,0,0,10.7,5.5472,Low(51-100),0,0,0,0,0,0
L,295.8,306.5,1534,37.9,88,0,0,0,0,0,0,0,10.7,6.0878,Low(51-100),0,0,0,0,0,0
L,295.8,306.5,1493,40.5,90,0,0,0,0,0,0,0,10.7,6.3316,Low(51-100),0,0,0,0,0,0
M,295.8,306.6,1480,43.2,92,0,0,0,0,0,0,1,10.8,6.6949,Low(51-100),0,0,0,0,0,0
L,295.8,306.6,1621,31.6,95,0,0,0,0,0,0,0,10.8,5.3637,Low(51-100),0,0,0,0,0,0
L,295.7,306.5,1737,26.2,97,0,0,0,0,0,0,0,10.8,4.7654,Low(51-100),0,0,0,0,0,0
L,295.8,306.6,1508,46.5,99,0,0,0,0,0,0,0,10.8,7.3426,Low(51-100),0,0,0,0,0,0
M,295.8,306.5,1641,32.2,101,0,0,0,0,0,0,1,10.7,5.533,Medium(101-150),0,0,0,0,0,0
M,295.9,306.6,1532,38.6,104,0,0,0,0,0,0,1,10.7,6.1922,Medium(101-150),0,0,0,0,0,0
L,295.9,306.7,1547,40.9,107,0,0,0,0,0,0,0,10.8,6.6254,Medium(101-150),0,0,0,0,0,0
L,295.9,306.6,1412,41.0,109,0,0,0,0,0,0,0,10.7,6.062,Medium(101-150),0,0,1,0,0,0
L,295.8,306.5,1568,35.1,111,0,0,0,0,0,0,0,10.7,5.763,Medium(101-150),0,0,0,0,0,0
L,295.9,306.6,1557,41.1,113,0,0,0,0,0,0,0,10.7,6.7008,Medium(101-150),0,0,0,0,0,0
L,295.8,306.6,1644,35.2,115,0,0,0,0,0,0,0,10.8,6.0596,Medium(101-150),0,0,0,0,0,0
L,295.9,306.6,1679,30.4,117,0,0,0,0,0,0,0,10.7,5.3447,Medium(101-150),0,0,0,0,0,0
L,296.0,306.6,1511,35.2,119,0,0,0,0,0,0,0,10.6,5.5693,Medium(101-150),0,0,0,0,0,0
M,296.0,306.6,1628,36.8,121,0,0,0,0,0,0,1,10.6,6.2733,Medium(101-150),0,0,0,0,0,0
M,296.0,306.6,1392,51.3,124,0,0,0,0,0,0,1,10.6,7.4774,Medium(101-150),0,1,1,1,0,0
L,296.0,306.7,1917,21.0,127,0,0,0,0,0,0,0,10.7,4.2154,Medium(101-150),0,0,0,0,0,0
M,296.2,306.8,1526,42.3,129,0,0,0,0,0,0,1,10.6,6.7591,Medium(101-150),0,0,0,0,0,0
L,296.2,306.8,1389,53.3,132,0,0,0,0,0,0,0,10.6,7.7522,Medium(101-150),0,1,1,1,0,0
L,296.1,306.7,1409,42.8,134,0,0,0,0,0,0,0,10.6,6.3147,Medium(101-150),0,0,1,0,0,0
L,296.2,306.8,1655,31.1,136,0,0,0,0,0,0,0,10.6,5.3896,Medium(101-150),0,0,0,0,0,0
L,296.2,306.9,1516,39.1,138,0,0,0,0,0,0,0,10.7,6.2069,Medium(101-150),0,0,0,0,0,0
L,296.2,306.9,1526,34.9,140,0,0,0,0,0,0,0,10.7,5.5767,Medium(101-150),0,0,0,0,0,0
L,296.3,307.1,1419,48.6,142,0,0,0,0,0,0,0,10.8,7.2213,Medium(101-150),0,1,1,1,0,0
L,296.4,307.2,1748,25.3,144,0,0,0,0,0,0,0,10.8,4.6308,Medium(101-150),0,0,0,0,0,0
H,296.4,307.1,1638,32.5,146,0,0,0,0,0,0,2,10.7,5.5743,Medium(101-150),0,0,0,0,0,0
M,296.3,307.1,1534,33.8,151,0,0,0,0,0,0,1,10.8,5.4292,High(151-200),0,0,0,0,0,0
H,296.3,307.1,1774,25.9,154,0,0,0,0,0,0,2,10.8,4.8112,High(151-200),0,0,0,0,0,0
M,296.2,307.0,2119,18.3,159,0,0,0,0,0,0,1,10.8,4.0605,High(151-200),0,0,0,0,0,0
L,296.2,307.0,1414,48.3,162,0,0,0,0,0,0,0,10.8,7.1514,High(151-200),0,1,1,1,0,0
M,296.1,307.0,1523,42.0,164,0,0,0,0,0,0,1,10.9,6.698,High(151-200),0,0,0,0,0,0
L,296.1,307.1,1651,35.7,167,0,0,0,0,0,0,0,11.0,6.1718,High(151-200),0,0,0,0,0,0
M,296.1,307.1,1485,36.0,169,0,0,0,0,0,0,1,11.0,5.5979,High(151-200),0,0,0,0,0,0
M,296.2,307.2,1168,63.4,172,0,0,0,0,0,0,1,11.0,7.7541,High(151-200),0,1,1,1,0,0
L,296.3,307.3,1566,35.8,175,0,0,0,0,0,0,0,11.0,5.8705,High(151-200),0,0,0,0,0,0
M,296.3,307.2,1286,51.1,177,0,0,0,0,0,0,1,10.9,6.8811,High(151-200),0,1,1,1,0,0
M,296.3,307.2,1446,45.9,180,0,0,0,0,0,0,1,10.9,6.9499,High(151-200),0,0,0,0,0,0
M,296.4,307.2,2071,19.4,183,0,0,0,0,0,0,1,10.8,4.2071,High(151-200),0,0,0,0,0,0
L,296.3,307.1,1560,33.2,186,0,0,0,0,0,0,0,10.8,5.4232,High(151-200),0,0,0,0,0,0
L,296.3,307.1,1654,29.6,188,0,0,0,0,0,0,0,10.8,5.1265,High(151-200),0,0,0,0,0,0
L,296.3,307.1,1662,32.9,190,0,0,0,0,0,0,0,10.8,5.7256,High(151-200),0,0,0,0,0,0
L,296.3,307.2,1646,35.0,192,0,0,0,0,0,0,0,10.9,6.0325,High(151-200),0,0,0,0,0,0
L,296.2,307.1,1444,46.7,194,0,0,0,0,0,0,0,10.9,7.0612,High(151-200),0,0,0,0,0,0
H,296.3,307.2,1424,42.0,196,0,0,0,0,0,0,2,10.9,6.2626,High(151-200),0,0,0,0,0,0
L,296.2,307.2,1382,52.0,201,0,0,0,0,0,0,0,11.0,7.525,Critical(>200),1,1,1,1,0,0
L,296.2,307.1,1413,53.4,203,0,0,0,0,0,0,0,10.9,7.901,Critical(>200),1,1,1,1,0,0
M,296.2,307.2,1633,31.1,0,0,0,0,0,0,0,1,11.0,5.3179,Fresh(0-50),0,0,0,0,0,0
L,296.2,307.1,1441,41.7,3,0,0,0,0,0,0,0,10.9,6.2921,Fresh(0-50),0,0,0,0,0,0
M,296.2,307.2,1385,44.0,5,0,0,0,0,0,0,1,11.0,6.3812,Fresh(0-50),0,0,1,0,0,0
M,296.2,307.2,1552,34.8,8,0,0,0,0,0,0,1,11.0,5.6555,Fresh(0-50),0,0,0,0,0,0
M,296.2,307.3,1451,42.8,11,0,0,0,0,0,0,1,11.1,6.5029,Fresh(0-50),0,0,0,0,0,0
M,296.1,307.1,1433,38.5,14,0,0,0,0,0,0,1,11.0,5.777,Fresh(0-50),0,0,0,0,0,0
M,296.1,307.2,1619,29.7,17,0,0,0,0,0,0,1,11.1,5.035,Fresh(0-50),0,0,0,0,0,0
L,296.2,307.2,1445,41.8,20,0,0,0,0,0,0,0,11.0,6.3247,Fresh(0-50),0,0,0,0,0,0
L,296.2,307.2,1356,43.6,22,0,0,0,0,0,0,0,11.0,6.1907,Fresh(0-50),0,0,1,0,0,0
M,296.3,307.2,1319,68.3,24,1,0,0,1,0,0,1,10.9,9.4333,Fresh(0-50),0,1,1,1,0,1
L,296.3,307.2,1637,31.6,27,0,0,0,0,0,0,0,10.9,5.4167,Fresh(0-50),0,0,0,0,0,0
L,296.3,307.2,1291,58.6,29,0,0,0,0,0,0,0,10.9,7.9217,Fresh(0-50),0,1,1,1,0,0
L,296.3,307.3,1398,52.7,31,0,0,0,0,0,0,0,11.0,7.7146,Fresh(0-50),0,1,1,1,0,0
L,296.3,307.3,1372,57.7,33,0,0,0,0,0,0,0,11.0,8.2895,Fresh(0-50),0,1,1,1,0,0
M,296.3,307.2,1454,42.5,35,0,0,0,0,0,0,1,10.9,6.4707,Fresh(0-50),0,0,0,0,0,0
L,296.2,307.2,1515,36.5,38,0,0,0,0,0,0,0,11.0,5.7903,Fresh(0-50),0,0,0,0,0,0
L,296.2,307.3,1881,24.3,40,0,0,0,0,0,0,0,11.1,4.7862,Fresh(0-50),0,0,0,0,0,0
L,296.2,307.3,1711,29.9,42,0,0,0,0,0,0,0,11.1,5.357,Fresh(0-50),0,0,0,0,0,0
L,296.2,307.3,1475,37.0,44,0,0,0,0,0,0,0,11.1,5.7147,Fresh(0-50),0,0,0,0,0,0
L,296.4,307.4,1512,36.8,46,0,0,0,0,0,0,0,11.0,5.8263,Fresh(0-50),0,0,0,0,0,0
M,296.3,307.4,1335,50.5,48,0,0,0,0,0,0,1,11.1,7.0594,Fresh(0-50),0,1,1,1,0,0
L,296.3,307.4,1472,39.9,51,0,0,0,0,0,0,0,11.1,6.15,Low(51-100),0,0,0,0,0,0
M,296.2,307.3,1477,35.2,53,0,0,0,0,0,0,1,11.1,5.444,Low(51-100),0,0,0,0,0,0
L,296.3,307.4,1760,28.4,56,0,0,0,0,0,0,0,11.1,5.2339,Low(51-100),0,0,0,0,0,0
L,296.4,307.5,1549,36.1,58,0,0,0,0,0,0,0,11.1,5.8554,Low(51-100),0,0,0,0,0,0
L,296.3,307.4,1648,34.0,60,0,0,0,0,0,0,0,11.1,5.8672,Low(51-100),0,0,0,0,0,0
H,296.4,307.5,1556,38.0,62,0,0,0,0,0,0,2,11.1,6.1914,Low(51-100),0,0,0,0,0,0
M,296.3,307.4,1958,19.1,67,0,0,0,0,0,0,1,11.1,3.916,Low(51-100),0,0,0,0,0,0
L,296.4,307.4,1403,48.4,70,0,0,0,0,0,0,0,11.0,7.1105,Low(51-100),0,1,1,1,0,0
M,296.4,307.5,1684,31.4,72,0,0,0,0,0,0,1,11.1,5.5369,Low(51-100),0,0,0,0,0,0
H,296.4,307.5,1596,35.1,75,0,0,0,0,0,0,2,11.1,5.8659,Low(51-100),0,0,0,0,0,0
L,296.6,307.6,1498,41.1,80,0,0,0,0,0,0,0,11.0,6.4469,Low(51-100),0,0,0,0,0,0
L,296.7,307.7,1524,36.8,82,0,0,0,0,0,0,0,11.0,5.8726,Low(51-100),0,0,0,0,0,0
L,296.7,307.7,1502,43.9,84,0,0,0,0,0,0,0,11.0,6.9045,Low(51-100),0,0,0,0,0,0
L,296.6,307.6,1809,25.1,86,0,0,0,0,0,0,0,11.0,4.7545,Low(51-100),0,0,0,0,0,0
L,296.6,307.6,1542,37.4,88,0,0,0,0,0,0,0,11.0,6.0388,Low(51-100),0,0,0,0,0,0
L,296.5,307.6,1431,45.2,90,0,0,0,0,0,0,0,11.1,6.7729,Low(51-100),0,0,0,0,0,0
L,296.5,307.6,1512,43.6,92,0,0,0,0,0,0,0,11.1,6.903,Low(51-100),0,0,0,0,0,0
H,296.4,307.5,1403,52.8,94,0,0,0,0,0,0,2,11.1,7.7569,Low(51-100),0,1,1,1,0,0
L,296.4,307.5,1331,47.8,99,0,0,0,0,0,0,0,11.1,6.662,Low(51-100),0,1,1,1,0,0
M,296.6,307.7,1474,52.6,101,0,0,0,0,0,0,1,11.1,8.1186,Medium(101-150),0,1,0,0,0,0
L,296.5,307.6,1607,33.5,104,0,0,0,0,0,0,0,11.1,5.6371,Medium(101-150),0,0,0,0,0,0
L,296.5,307.6,1415,44.2,106,0,0,0,0,0,0,0,11.1,6.549,Medium(101-150),0,0,1,0,0,0
L,296.6,307.6,1671,28.8,108,0,0,0,0,0,0,0,11.0,5.0392,Medium(101-150),0,0,0,0,0,0
L,296.6,307.7,1556,37.7,110,0,0,0,0,0,0,0,11.1,6.1425,Medium(101-150),0,0,0,0,0,0
L,296.7,307.7,1927,23.9,112,0,0,0,0,0,0,0,11.0,4.8225,Medium(101-150),0,0,0,0,0,0
M,296.7,307.7,1597,32.1,114,0,0,0,0,0,0,1,11.0,5.3679,Medium(101-150),0,0,0,0,0,0
H,296.8,307.8,1627,30.5,117,0,0,0,0,0,0,2,11.0,5.1962,Medium(101-150),0,0,0,0,0,0
L,296.8,307.8,1480,39.4,122,0,0,0,0,0,0,0,11.0,6.106,Medium(101-150),0,0,0,0,0,0
L,296.8,307.8,1565,39.5,124,0,0,0,0,0,0,0,11.0,6.473,Medium(101-150),0,0,0,0,0,0
L,296.8,307.8,1573,36.4,126,0,0,0,0,0,0,0,11.0,5.9955,Medium(101-150),0,0,0,0,0,0
L,296.7,307.8,1605,31.3,128,0,0,0,0,0,0,0,11.1,5.2604,Medium(101-150),0,0,0,0,0,0
M,296.7,307.9,1874,21.3,130,0,0,0,0,0,0,1,11.2,4.1797,Medium(101-150),0,0,0,0,0,0
H,296.7,307.9,1424,53.8,133,0,0,0,0,0,0,2,11.2,8.0221,Medium(101-150),0,1,0,0,0,0
L,296.7,307.9,1420,50.1,138,0,0,0,0,0,0,0,11.2,7.4494,Medium(101-150),0,1,1,1,0,0
L,296.8,307.9,1372,49.0,140,0,0,0,0,0,0,0,11.1,7.0396,Medium(101-150),0,1,1,1,0,0
M,296.8,307.8,1664,32.8,142,0,0,0,0,0,0,1,11.0,5.7151,Medium(101-150),0,0,0,0,0,0
M,296.8,307.9,1409,44.3,145,0,0,0,0,0,0,1,11.1,6.536,Medium(101-150),0,0,1,0,0,0
L,296.8,307.9,1718,25.2,148,0,0,0,0,0,0,0,11.1,4.5334,Medium(101-150),0,0,0,0,0,0
M,296.9,307.8,1544,40.3,150,0,0,0,0,0,0,1,10.9,6.5155,Medium(101-150),0,0,0,0,0,0
L,296.9,307.8,1466,45.7,153,0,0,0,0,0,0,0,10.9,7.0153,High(151-200),0,0,0,0,0,0
L,296.8,307.8,1394,47.7,155,0,0,0,0,0,0,0,11.0,6.9627,High(151-200),0,1,1,1,0,0
M,296.9,307.8,1840,24.6,157,0,0,0,0,0,0,1,10.9,4.7397,High(151-200),0,0,0,0,0,0
M,296.9,307.8,1477,37.2,160,0,0,0,0,0,0,1,10.9,5.7533,High(151-200),0,0,0,0,0,0
L,296.9,307.8,1425,49.1,163,0,0,0,0,0,0,0,10.9,7.3264,High(151-200),0,1,0,0,0,0
M,297.0,307.9,1414,46.2,165,0,0,0,0,0,0,1,10.9,6.8405,High(151-200),0,0,1,0,0,0
L,297.0,307.8,1414,47.5,168,0,0,0,0,0,0,0,10.8,7.033,High(151-200),0,1,1,1,0,0
L,297.0,307.9,1595,31.7,170,0,0,0,0,0,0,0,10.9,5.2944,High(151-200),0,0,0,0,0,0
H,296.9,307.8,1345,54.5,172,0,0,0,0,0,0,2,10.9,7.6757,High(151-200),0,1,1,1,0,0
L,296.9,307.7,1653,35.9,177,0,0,0,0,0,0,0,10.8,6.2139,High(151-200),0,0,0,0,0,0
L,296.8,307.6,1547,36.5,179,0,0,0,0,0,0,0,10.8,5.9126,High(151-200),0,0,0,0,0,0
H,296.9,307.7,1656,30.8,181,0,0,0,0,0,0,2,10.8,5.3408,High(151-200),0,0,0,0,0,0
L,297.0,307.7,1731,28.5,186,0,0,0,0,0,0,0,10.7,5.1658,High(151-200),0,0,0,0,0,0
L,297.0,307.8,1774,28.0,188,0,0,0,0,0,0,0,10.8,5.2013,High(151-200),0,0,0,0,0,0
L,297.0,307.8,1521,40.2,190,0,0,0,0,0,0,0,10.8,6.4025,High(151-200),0,0,0,0,0,0
H,297.1,307.9,1420,39.8,192,0,0,0,0,0,0,2,10.8,5.9179,High(151-200),0,0,1,0,0,0
L,297.0,307.8,1683,32.3,197,0,0,0,0,0,0,0,10.8,5.6922,High(151-200),0,0,0,0,0,0
M,297.0,307.7,1498,47.1,199,0,0,0,0,0,0,1,10.7,7.388,High(151-200),0,1,0,0,0,0
L,297.0,307.8,1385,56.4,202,1,0,0,0,1,0,0,10.8,8.1795,Critical(>200),1,1,1,1,0,1
L,297.0,307.9,1455,49.0,204,0,0,0,0,0,0,0,10.9,7.4654,Critical(>200),1,1,0,0,0,0
H,296.9,307.8,1549,35.8,206,1,1,0,0,0,0,2,10.9,5.8067,Critical(>200),1,0,0,0,0,1
M,296.9,307.8,1392,43.9,0,0,0,0,0,0,0,1,10.9,6.3988,Fresh(0-50),0,0,1,0,0,0
M,296.9,307.7,2008,17.5,3,0,0,0,0,0,0,1,10.8,3.6796,Fresh(0-50),0,0,0,0,0,0
L,296.9,307.7,1464,41.4,6,0,0,0,0,0,0,0,10.8,6.3466,Fresh(0-50),0,0,0,0,0,0
L,297.0,307.7,1447,46.4,8,0,0,0,0,0,0,0,10.7,7.0305,Fresh(0-50),0,0,0,0,0,0
M,296.9,307.6,1685,32.0,10,0,0,0,0,0,0,1,10.7,5.6461,Fresh(0-50),0,0,0,0,0,0
M,296.8,307.5,1443,39.2,13,0,0,0,0,0,0,1,10.7,5.9231,Fresh(0-50),0,0,0,0,0,0
L,296.9,307.5,1354,44.4,16,0,0,0,0,0,0,0,10.6,6.295,Fresh(0-50),0,0,1,0,0,0
L,296.9,307.5,2721,9.3,18,1,0,0,1,0,0,0,10.6,2.6498,Fresh(0-50),0,0,0,0,0,1
L,297.0,307.6,1680,35.8,20,0,0,0,0,0,0,0,10.6,6.2978,Fresh(0-50),0,0,0,0,0,0
H,296.9,307.5,1397,48.3,22,0,0,0,0,0,0,2,10.6,7.0655,Fresh(0-50),0,1,1,1,0,0
M,296.9,307.4,1521,37.9,27,0,0,0,0,0,0,1,10.5,6.0362,Fresh(0-50),0,0,0,0,0,0
M,296.8,307.4,1472,43.9,30,0,0,0,0,0,0,1,10.6,6.7666,Fresh(0-50),0,0,0,0,0,0
H,296.8,307.5,1695,30.0,33,0,0,0,0,0,0,2,10.7,5.3246,Fresh(0-50),0,0,0,0,0,0
H,296.7,307.5,1607,33.6,38,0,0,0,0,0,0,2,10.8,5.6539,Fresh(0-50),0,0,0,0,0,0
L,296.8,307.5,1347,54.8,43,0,0,0,0,0,0,0,10.7,7.7294,Fresh(0-50),0,1,1,1,0,0
M,296.7,307.4,1540,38.7,45,0,0,0,0,0,0,1,10.7,6.2406,Fresh(0-50),0,0,0,0,0,0
L,296.6,307.4,1389,42.7,48,0,0,0,0,0,0,0,10.8,6.2105,Fresh(0-50),0,0,1,0,0,0
M,296.6,307.5,1734,27.0,50,0,0,0,0,0,0,1,10.9,4.9024,Fresh(0-50),0,0,0,0,0,0
L,296.7,307.6,1540,38.6,53,0,0,0,0,0,0,0,10.9,6.2245,Low(51-100),0,0,0,0,0,0
M,296.7,307.5,1515,42.1,55,0,0,0,0,0,0,1,10.8,6.6787,Low(51-100),0,0,0,0,0,0
L,296.6,307.4,1504,45.8,58,0,0,0,0,0,0,0,10.8,7.2129,Low(51-100),0,0,0,0,0,0
L,296.6,307.5,1557,35.1,60,0,0,0,0,0,0,0,10.9,5.7226,Low(51-100),0,0,0,0,0,0
L,296.5,307.4,1292,52.5,62,0,0,0,0,0,0,0,10.9,7.1026,Low(51-100),0,1,1,1,0,0
H,296.5,307.4,1432,49.2,64,0,0,0,0,0,0,2,10.9,7.3774,Low(51-100),0,1,0,0,0,0
M,296.5,307.4,1350,55.6,69,0,0,0,0,0,0,1,10.9,7.8597,Low(51-100),0,1,1,1,0,0
M,296.6,307.4,1790,25.8,72,0,0,0,0,0,0,1,10.8,4.8358,Low(51-100),0,0,0,0,0,0
H,296.4,307.3,1540,37.4,75,0,0,0,0,0,0,2,10.9,6.031,Low(51-100),0,0,0,0,0,0
M,296.4,307.3,2077,19.1,80,0,0,0,0,0,0,1,10.9,4.154,Low(51-100),0,0,0,0,0,0
L,296.4,307.3,1487,37.5,83,0,0,0,0,0,0,0,10.9,5.839,Low(51-100),0,0,0,0,0,0
L,296.5,307.4,1523,40.7,85,0,0,0,0,0,0,0,10.9,6.4907,Low(51-100),0,0,0,0,0,0
L,296.5,307.5,1443,41.8,87,0,0,0,0,0,0,0,11.0,6.316,Low(51-100),0,0,0,0,0,0
L,296.5,307.5,1340,59.1,89,0,0,0,0,0,0,0,11.0,8.2926,Low(51-100),0,1,1,1,0,0
H,296.6,307.7,1654,31.0,91,0,0,0,0,0,0,2,11.1,5.369,Low(51-100),0,0,0,0,0,0
L,296.6,307.6,1459,40.2,96,0,0,0,0,0,0,0,11.0,6.1415,Low(51-100),0,0,0,0,0,0
L,296.5,307.6,1541,38.5,98,0,0,0,0,0,0,0,11.1,6.2124,Low(51-100),0,0,0,0,0,0
H,296.6,307.7,1386,62.3,100,1,0,0,1,0,0,2,11.1,9.0417,Low(51-100),0,1,1,1,0,1
M,296.7,307.8,1258,69.0,105,1,0,0,1,0,0,1,11.1,9.0892,Medium(101-150),0,1,1,1,0,1
M,296.7,307.8,1375,51.4,108,0,0,0,0,0,0,1,11.1,7.4005,Medium(101-150),0,1,1,1,0,0
L,296.8,307.9,1706,30.8,111,0,0,0,0,0,0,0,11.1,5.5021,Medium(101-150),0,0,0,0,0,0
M,296.7,307.8,1672,32.4,113,0,0,0,0,0,0,1,11.1,5.6725,Medium(101-150),0,0,0,0,0,0
M,296.8,307.9,1843,25.2,116,0,0,0,0,0,0,1,11.1,4.8632,Medium(101-150),0,0,0,0,0,0
L,296.7,307.9,1690,29.6,119,0,0,0,0,0,0,0,11.2,5.2381,Medium(101-150),0,0,0,0,0,0
L,296.8,307.9,1413,46.5,121,0,0,0,0,0,0,0,11.1,6.8801,Medium(101-150),0,0,1,0,0,0
L,296.8,307.9,1489,33.4,123,0,0,0,0,0,0,0,11.1,5.2076,Medium(101-150),0,0,0,0,0,0
L,296.8,307.9,1271,61.4,125,0,0,0,0,0,0,0,11.1,8.1717,Medium(101-150),0,1,1,1,0,0
M,296.8,307.9,1418,47.9,127,0,0,0,0,0,0,1,11.1,7.1123,Medium(101-150),0,1,1,1,0,0
M,296.9,307.8,1426,50.7,130,0,0,0,0,0,0,1,10.9,7.5705,Medium(101-150),0,1,0,0,0,0
L,296.9,307.9,1535,39.2,133,0,0,0,0,0,0,0,11.0,6.3007,Medium(101-150),0,0,0,0,0,0
L,296.9,307.8,1557,38.1,135,0,0,0,0,0,0,0,10.9,6.2117,Medium(101-150),0,0,0,0,0,0
L,296.9,307.8,1653,29.7,137,0,0,0,0,0,0,0,10.9,5.1407,Medium(101-150),0,0,0,0,0,0
L,296.9,307.9,1435,41.6,139,0,0,0,0,0,0,0,11.0,6.2509,Medium(101-150),0,0,0,0,0,0
M,297.0,307.9,1569,33.3,141,0,0,0,0,0,0,1,10.9,5.471,Medium(101-150),0,0,0,0,0,0
M,296.9,307.9,1385,44.8,144,0,0,0,0,0,0,1,11.0,6.4972,Medium(101-150),0,0,1,0,0,0
L,297.0,307.9,1635,31.6,147,0,0,0,0,0,0,0,10.9,5.4101,Medium(101-150),0,0,0,0,0,0
L,296.9,307.9,1423,43.9,149,0,0,0,0,0,0,0,11.0,6.5413,Medium(101-150),0,0,0,0,0,0
L,297.0,307.9,1479,39.2,151,0,0,0,0,0,0,0,10.9,6.0709,High(151-200),0,0,0,0,0,0
L,297.0,307.9,1296,69.1,153,1,0,0,1,0,0,0,10.9,9.3773,High(151-200),0,1,1,1,0,1
L,297.0,307.8,1553,33.3,155,0,0,0,0,0,0,0,10.8,5.4152,High(151-200),0,0,0,0,0,0
L,297.0,307.9,1529,42.2,157,0,0,0,0,0,0,0,10.9,6.7564,High(151-200),0,0,0,0,0,0
M,297.1,308.0,1690,25.6,159,0,0,0,0,0,0,1,10.9,4.5303,High(151-200),0,0,0,0,0,0
L,297.1,308.0,1348,58.0,162,0,0,0,0,0,0,0,10.9,8.1868,High(151-200),0,1,1,1,0,0
L,297.2,308.1,1446,38.5,164,0,0,0,0,0,0,0,10.9,5.8294,High(151-200),0,0,0,0,0,0
L,297.1,307.9,1456,50.0,166,0,0,0,0,0,0,0,10.8,7.623,High(151-200),0,1,0,0,0,0
L,297.0,307.9,1350,47.7,168,0,0,0,0,0,0,0,10.9,6.7429,High(151-200),0,1,1,1,0,0
L,297.1,307.9,1507,38.3,170,0,0,0,0,0,0,0,10.8,6.0438,High(151-200),0,0,0,0,0,0
H,297.0,307.9,1448,45.6,172,0,0,0,0,0,0,2,10.9,6.914,High(151-200),0,0,0,0,0,0
L,296.9,307.9,1626,29.9,177,0,0,0,0,0,0,0,11.0,5.0908,High(151-200),0,0,0,0,0,0
H,297.0,307.9,1846,27.3,179,0,0,0,0,0,0,2,10.9,5.277,High(151-200),0,0,0,0,0,0
H,297.0,307.8,1404,40.7,184,0,0,0,0,0,0,2,10.8,5.9835,High(151-200),0,0,1,0,0,0
L,297.0,307.8,1583,37.2,189,0,0,0,0,0,0,0,10.8,6.1662,High(151-200),0,0,0,0,0,0
L,297.0,307.9,1436,47.7,191,0,0,0,0,0,0,0,10.9,7.1725,High(151-200),0,1,0,0,0,0
L,297.0,307.8,1609,35.6,193,0,0,0,0,0,0,0,10.8,5.9979,High(151-200),0,0,0,0,0,0
H,297.0,307.7,1834,23.8,195,0,0,0,0,0,0,2,10.7,4.5706,High(151-200),0,0,0,0,0,0
L,297.0,307.8,1316,61.2,200,1,0,0,0,1,0,0,10.8,8.4334,High(151-200),0,1,1,1,0,1
L,296.9,307.8,1400,57.1,202,1,0,0,0,1,0,0,10.9,8.3707,Critical(>200),1,1,1,1,0,1
L,296.9,307.9,1367,47.1,204,0,0,0,0,0,0,0,11.0,6.742,Critical(>200),1,1,1,1,0,0
L,297.1,308.1,1754,30.3,206,0,0,0,0,0,0,0,11.0,5.565,Critical(>200),1,0,0,0,0,0
L,297.1,308.1,1487,34.6,208,0,0,0,0,0,0,0,11.0,5.3875,Critical(>200),1,0,0,0,0,0
M,297.1,308.1,1506,37.7,210,0,0,0,0,0,0,1,11.0,5.9452,Critical(>200),1,0,0,0,0,0
L,297.0,308.1,1362,52.5,213,1,0,0,0,1,0,0,11.1,7.4874,Critical(>200),1,1,1,1,0,1
L,297.1,308.1,1584,36.8,215,0,0,0,0,0,0,0,11.0,6.1038,Critical(>200),1,0,0,0,0,0
L,297.0,308.1,1355,43.7,217,0,0,0,0,0,0,0,11.1,6.2004,Critical(>200),1,0,1,0,0,0
M,297.1,308.1,1823,24.3,219,0,0,0,0,0,0,1,11.0,4.6386,Critical(>200),1,0,0,0,0,0
H,297.0,308.1,1517,41.4,222,0,0,0,0,0,0,2,11.1,6.5763,Critical(>200),1,0,0,0,0,0
L,297.1,308.1,1446,36.6,227,0,0,0,0,0,0,0,11.0,5.5417,Critical(>200),1,0,0,0,0,0
H,297.1,308.0,1559,38.8,229,0,0,0,0,0,0,2,10.9,6.3339,Critical(>200),1,0,0,0,0,0
M,297.1,308.1,1352,44.4,0,0,0,0,0,0,0,1,11.0,6.2857,Fresh(0-50),0,0,1,0,0,0
M,297.2,308.3,1578,37.8,3,0,0,0,0,0,0,1,11.1,6.2459,Fresh(0-50),0,0,0,0,0,0
M,297.2,308.3,1429,42.0,6,0,0,0,0,0,0,1,11.1,6.2846,Fresh(0-50),0,0,0,0,0,0
M,297.2,308.3,1604,39.4,9,0,0,0,0,0,0,1,11.1,6.6175,Fresh(0-50),0,0,0,0,0,0
L,297.3,308.5,1398,60.4,12,0,0,0,0,0,0,0,11.2,8.8418,Fresh(0-50),0,1,1,1,0,0
L,297.3,308.4,1441,43.4,14,0,0,0,0,0,0,0,11.1,6.5486,Fresh(0-50),0,0,0,0,0,0
H,297.3,308.4,1531,35.6,16,0,0,0,0,0,0,2,11.1,5.7072,Fresh(0-50),0,0,0,0,0,0
L,297.2,308.3,1379,52.1,21,0,0,0,0,0,0,0,11.1,7.5231,Fresh(0-50),0,1,1,1,0,0
L,297.3,308.3,1410,48.1,23,0,0,0,0,0,0,0,11.0,7.1017,Fresh(0-50),0,1,1,1,0,0
L,297.3,308.4,1513,40.5,25,0,0,0,0,0,0,0,11.1,6.4164,Fresh(0-50),0,0,0,0,0,0
L,297.3,308.5,1497,47.5,27,0,0,0,0,0,0,0,11.2,7.4458,Fresh(0-50),0,1,0,0,0,0
L,297.3,308.4,1491,46.5,29,0,0,0,0,0,0,0,11.1,7.2598,Fresh(0-50),0,0,0,0,0,0
L,297.3,308.4,1417,47.8,31,0,0,0,0,0,0,0,11.1,7.0924,Fresh(0-50),0,1,1,1,0,0
M,297.4,308.6,1522,38.0,33,0,0,0,0,0,0,1,11.2,6.0561,Fresh(0-50),0,0,0,0,0,0
L,297.3,308.4,1339,52.1,36,0,0,0,0,0,0,0,11.1,7.3049,Fresh(0-50),0,1,1,1,0,0
M,297.2,308.3,1794,27.5,38,0,0,0,0,0,0,1,11.1,5.166,Fresh(0-50),0,0,0,0,0,0
L,297.2,308.4,1460,42.1,41,0,0,0,0,0,0,0,11.2,6.4362,Fresh(0-50),0,0,0,0,0,0
M,297.2,308.3,1776,28.0,43,0,0,0,0,0,0,1,11.1,5.2071,Fresh(0-50),0,0,0,0,0,0
M,297.2,308.3,1431,43.7,46,0,0,0,0,0,0,1,11.1,6.5481,Fresh(0-50),0,0,0,0,0,0
L,297.1,308.2,1347,50.8,49,0,0,0,0,0,0,0,11.1,7.1652,Fresh(0-50),0,1,1,1,0,0
M,297.0,308.1,1507,43.1,51,0,0,0,0,0,0,1,11.1,6.8012,Low(51-100),0,0,0,0,0,0
M,297.0,308.0,1408,47.9,54,0,0,0,0,0,0,1,11.0,7.0621,Low(51-100),0,1,1,1,0,0
M,297.0,307.9,1493,34.7,57,0,0,0,0,0,0,1,10.9,5.4248,Low(51-100),0,0,0,0,0,0
M,296.9,307.9,1441,47.6,60,0,0,0,0,0,0,1,11.0,7.1824,Low(51-100),0,1,0,0,0,0
H,296.9,307.9,1557,36.5,63,0,0,0,0,0,0,2,11.0,5.9508,Low(51-100),0,0,0,0,0,0
M,296.9,307.9,1979,20.4,68,0,0,0,0,0,0,1,11.0,4.2274,Low(51-100),0,0,0,0,0,0
M,296.9,308.0,1430,55.9,71,0,0,0,0,0,0,1,11.1,8.3704,Low(51-100),0,1,0,0,0,0
L,296.9,308.0,1658,41.0,74,0,0,0,0,0,0,0,11.1,7.1181,Low(51-100),0,0,0,0,0,0
M,297.0,308.1,1355,51.4,76,0,0,0,0,0,0,1,11.1,7.2929,Low(51-100),0,1,1,1,0,0
H,297.0,308.1,1410,47.6,79,0,0,0,0,0,0,2,11.1,7.0279,Low(51-100),0,1,1,1,0,0
L,296.9,308.0,1521,34.5,84,0,0,0,0,0,0,0,11.1,5.4947,Low(51-100),0,0,0,0,0,0
L,296.8,308.0,1371,54.5,86,0,0,0,0,0,0,0,11.2,7.824,Low(51-100),0,1,1,1,0,0
H,296.9,308.0,1318,53.5,88,0,0,0,0,0,0,2,11.1,7.3836,Low(51-100),0,1,1,1,0,0
M,297.0,308.1,1573,34.9,93,0,0,0,0,0,0,1,11.1,5.7485,Low(51-100),0,0,0,0,0,0
L,297.0,308.1,1489,44.1,96,0,0,0,0,0,0,0,11.1,6.8759,Low(51-100),0,0,0,0,0,0
H,297.0,308.1,2540,13.3,98,0,0,0,0,0,0,2,11.1,3.5374,Low(51-100),0,0,0,0,0,0
L,297.0,308.1,1537,39.0,103,0,0,0,0,0,0,0,11.1,6.2768,Medium(101-150),0,0,0,0,0,0
H,296.9,308.0,1416,46.9,105,0,0,0,0,0,0,2,11.1,6.954,Medium(101-150),0,1,1,1,0,0
L,296.9,307.9,1359,56.5,110,0,0,0,0,0,0,0,11.0,8.0402,Medium(101-150),0,1,1,1,0,0
M,296.8,307.8,1551,38.9,112,0,0,0,0,0,0,1,11.0,6.3177,Medium(101-150),0,0,0,0,0,0
M,296.8,307.8,1694,33.0,115,0,0,0,0,0,0,1,11.0,5.8536,Medium(101-150),0,0,0,0,0,0
L,296.8,307.9,1709,28.4,118,0,0,0,0,0,0,0,11.1,5.0823,Medium(101-150),0,0,0,0,0,0
L,296.9,308.0,1514,41.0,120,0,0,0,0,0,0,0,11.1,6.4999,Medium(101-150),0,0,0,0,0,0
L,297.0,308.1,1455,43.5,122,0,0,0,0,0,0,0,11.1,6.6275,Medium(101-150),0,0,0,0,0,0
M,297.0,308.2,1702,30.7,124,0,0,0,0,0,0,1,11.2,5.4714,Medium(101-150),0,0,0,0,0,0
M,296.9,308.1,1357,41.8,127,0,0,0,0,0,0,1,11.2,5.9395,Medium(101-150),0,0,1,0,0,0
L,297.0,308.2,1577,29.4,130,0,0,0,0,0,0,0,11.2,4.8548,Medium(101-150),0,0,0,0,0,0
M,297.0,308.3,1399,46.4,132,0,0,0,0,0,1,1,11.3,6.7972,Medium(101-150),0,0,1,0,0,1
L,297.0,308.3,1399,59.0,135,0,0,0,0,0,0,0,11.3,8.643,Medium(101-150),0,1,1,1,0,0
L,297.0,308.3,1492,48.1,137,0,0,0,0,0,0,0,11.3,7.5147,Medium(101-150),0,1,0,0,0,0
L,297.1,308.3,1763,25.7,139,0,0,0,0,0,0,0,11.2,4.7444,Medium(101-150),0,0,0,0,0,0
H,297.1,308.3,1492,41.5,141,0,0,0,0,0,0,2,11.2,6.4836,Medium(101-150),0,0,0,0,0,0
L,297.1,308.4,1488,42.5,146,0,0,0,0,0,0,0,11.3,6.622,Medium(101-150),0,0,0,0,0,0
L,297.1,308.4,1422,42.1,148,0,0,0,0,0,0,0,11.3,6.2687,Medium(101-150),0,0,1,0,0,0
M,297.1,308.4,1583,38.2,150,0,0,0,0,0,0,1,11.3,6.332,Medium(101-150),0,0,0,0,0,0
L,297.1,308.4,1304,53.5,153,0,0,0,0,0,0,0,11.3,7.3051,High(151-200),0,1,1,1,0,0
M,297.1,308.4,1880,23.5,155,0,0,0,0,0,0,1,11.3,4.6262,High(151-200),0,0,0,0,0,0
M,297.2,308.5,1604,40.7,158,0,0,0,0,0,0,1,11.3,6.8359,High(151-200),0,0,0,0,0,0
L,297.2,308.6,1500,37.1,161,0,0,0,0,0,0,0,11.4,5.8272,High(151-200),0,0,0,0,0,0
M,297.2,308.5,1364,55.6,163,0,0,0,0,0,0,1,11.3,7.9412,High(151-200),0,1,1,1,0,0
H,297.2,308.5,2440,14.0,166,0,0,0,0,0,0,2,11.3,3.577,High(151-200),0,0,0,0,0,0
H,297.1,308.4,1654,31.4,171,0,0,0,0,0,0,2,11.3,5.4383,High(151-200),0,0,0,0,0,0
H,297.1,308.4,1359,46.6,176,0,0,0,0,0,0,2,11.3,6.6314,High(151-200),0,0,1,0,0,0
M,297.1,308.4,1502,37.3,181,0,0,0,0,0,0,1,11.3,5.8665,High(151-200),0,0,0,0,0,0
M,297.1,308.4,1615,32.6,184,0,0,0,0,0,0,1,11.3,5.513,High(151-200),0,0,0,0,0,0
H,297.2,308.5,1482,39.3,187,0,0,0,0,0,0,2,11.3,6.0987,High(151-200),0,0,0,0,0,0
L,297.2,308.6,1636,31.3,192,0,0,0,0,0,0,0,11.4,5.362,High(151-200),0,0,0,0,0,0
M,297.1,308.5,1621,32.4,194,0,0,0,0,0,0,1,11.4,5.4995,High(151-200),0,0,0,0,0,0
L,297.1,308.4,1468,44.4,197,0,0,0,0,0,0,0,11.3,6.825,High(151-200),0,0,0,0,0,0
M,297.1,308.4,1432,53.4,199,0,0,0,0,0,0,1,11.3,8.0072,High(151-200),0,1,0,0,0,0
L,297.1,308.4,1726,28.4,202,0,0,0,0,0,0,0,11.3,5.1328,Critical(>200),1,0,0,0,0,0
M,297.1,308.4,1588,33.4,204,0,0,0,0,0,0,1,11.3,5.5538,Critical(>200),1,0,0,0,0,0
H,297.2,308.5,1653,33.3,207,0,0,0,0,0,0,2,11.3,5.7639,Critical(>200),1,0,0,0,0,0
L,297.2,308.5,1513,42.9,212,0,0,0,0,0,0,0,11.3,6.7966,Critical(>200),1,0,0,0,0,0
L,297.2,308.6,1489,40.2,214,0,0,0,0,0,0,0,11.4,6.2678,Critical(>200),1,0,0,0,0,0
L,297.3,308.7,1467,36.8,216,0,0,0,0,0,0,0,11.4,5.6529,Critical(>200),1,0,0,0,0,0
L,297.3,308.7,1549,36.1,218,0,0,0,0,0,0,0,11.4,5.8554,Critical(>200),1,0,0,0,0,0
M,297.4,308.8,1359,48.7,220,0,0,0,0,0,0,1,11.4,6.9302,Critical(>200),1,1,1,1,0,0
L,297.5,308.8,1533,41.5,223,0,0,0,0,0,0,0,11.3,6.6617,Critical(>200),1,0,0,0,0,0
L,297.5,308.8,1309,57.3,0,0,0,0,0,0,0,0,11.3,7.854,Fresh(0-50),0,1,1,1,0,0
H,297.5,308.8,1430,49.4,2,0,0,0,0,0,0,2,11.3,7.3971,Fresh(0-50),0,1,0,0,0,0
H,297.5,308.9,1419,50.7,7,0,0,0,0,0,0,2,11.4,7.5333,Fresh(0-50),0,1,1,1,0,0
M,297.5,308.9,1535,37.7,12,0,0,0,0,0,0,1,11.4,6.0596,Fresh(0-50),0,0,0,0,0,0
L,297.5,308.9,1466,43.0,15,0,0,0,0,0,0,0,11.4,6.6008,Fresh(0-50),0,0,0,0,0,0
L,297.5,308.9,1427,50.4,17,0,0,0,0,0,0,0,11.4,7.531,Fresh(0-50),0,1,0,0,0,0
M,297.5,308.9,1280,48.5,19,0,0,0,0,0,0,1,11.4,6.5005,Fresh(0-50),0,1,1,1,0,0
L,297.6,309.0,1528,33.8,22,0,0,0,0,0,0,0,11.4,5.408,Fresh(0-50),0,0,0,0,0,0
H,297.6,309.0,1885,25.2,24,0,0,0,0,0,0,2,11.4,4.974,Fresh(0-50),0,0,0,0,0,0
H,297.8,309.2,1648,33.0,29,0,0,0,0,0,0,2,11.4,5.6947,Fresh(0-50),0,0,0,0,0,0
L,297.8,309.2,1400,56.9,34,0,0,0,0,0,0,0,11.4,8.3414,Fresh(0-50),0,1,1,1,0,0
M,297.8,309.3,2243,15.7,36,0,0,0,0,0,0,1,11.5,3.6874,Fresh(0-50),0,0,0,0,0,0
L,297.9,309.4,1558,35.7,39,0,0,0,0,0,0,0,11.5,5.8241,Fresh(0-50),0,0,0,0,0,0
L,298.0,309.6,1633,34.8,41,0,0,0,0,0,0,0,11.6,5.9506,Fresh(0-50),0,0,0,0,0,0
M,298.1,309.6,1549,38.7,43,0,0,0,0,0,0,1,11.5,6.2771,Fresh(0-50),0,0,0,0,0,0
L,298.0,309.5,1496,45.8,46,0,0,0,0,0,0,0,11.5,7.1745,Fresh(0-50),0,0,0,0,0,0
L,298.1,309.5,1467,41.8,48,0,0,0,0,0,0,0,11.4,6.421,Fresh(0-50),0,0,0,0,0,0
M,298.0,309.4,1276,65.9,50,0,0,0,0,0,0,1,11.4,8.8051,Fresh(0-50),0,1,1,1,0,0
H,298.0,309.4,1490,40.5,53,0,0,0,0,0,0,2,11.4,6.3188,Low(51-100),0,0,0,0,0,0
H,298.0,309.4,1562,38.1,58,0,0,0,0,0,0,2,11.4,6.2316,Low(51-100),0,0,0,0,0,0
L,298.1,309.4,1397,48.2,63,0,0,0,0,0,0,0,11.3,7.0508,Low(51-100),0,1,1,1,0,0
H,298.1,309.5,1530,40.2,65,0,0,0,0,0,0,2,11.4,6.4404,Low(51-100),0,0,0,0,0,0
M,298.1,309.4,1362,47.6,70,0,0,0,0,0,0,1,11.3,6.7886,Low(51-100),0,1,1,1,0,0
M,298.2,309.4,1693,34.4,73,0,0,0,0,0,0,1,11.2,6.0983,Low(51-100),0,0,0,0,0,0
M,298.2,309.4,1408,46.5,76,0,0,0,0,0,0,1,11.2,6.8557,Low(51-100),0,0,1,0,0,0
L,298.2,309.4,1398,52.9,79,0,0,0,0,0,0,0,11.2,7.7439,Low(51-100),0,1,1,1,0,0
M,298.3,309.6,1531,40.1,81,0,0,0,0,0,0,1,11.3,6.4286,Low(51-100),0,0,0,0,0,0
H,298.3,309.5,1521,37.1,84,0,0,0,0,0,0,2,11.2,5.9088,Low(51-100),0,0,0,0,0,0
H,298.3,309.5,1427,54.3,89,0,0,0,0,0,0,2,11.2,8.1137,Low(51-100),0,1,0,0,0,0
L,298.3,309.4,1546,36.1,94,0,0,0,0,0,0,0,11.1,5.844,Low(51-100),0,0,0,0,0,0
L,298.3,309.4,1356,45.4,96,0,0,0,0,0,0,0,11.1,6.4463,Low(51-100),0,0,1,0,0,0
L,298.4,309.5,2153,15.3,98,1,0,0,1,0,0,0,11.1,3.4493,Low(51-100),0,0,0,0,0,1
M,298.5,309.6,1492,41.7,100,0,0,0,0,0,0,1,11.1,6.5148,Low(51-100),0,0,0,0,0,0
L,298.5,309.6,1582,40.3,103,0,0,0,0,0,0,0,11.1,6.6759,Medium(101-150),0,0,0,0,0,0
L,298.5,309.6,1419,41.5,105,0,0,0,0,0,0,0,11.1,6.1663,Medium(101-150),0,0,1,0,0,0
M,298.5,309.6,1441,48.2,107,0,0,0,0,0,0,1,11.1,7.2729,Medium(101-150),0,1,0,0,0,0
M,298.6,309.7,1635,32.2,110,0,0,0,0,0,0,1,11.1,5.5128,Medium(101-150),0,0,0,0,0,0
L,298.6,309.7,1429,45.8,113,0,0,0,0,0,0,0,11.1,6.8532,Medium(101-150),0,0,0,0,0,0
M,298.6,309.7,1675,28.4,115,0,0,0,0,0,0,1,11.1,4.9812,Medium(101-150),0,0,0,0,0,0
M,298.7,309.7,1868,23.8,118,0,0,0,0,0,0,1,11.0,4.6553,Medium(101-150),0,0,0,0,0,0
H,298.7,309.8,1582,33.4,121,0,0,0,0,0,0,2,11.1,5.5329,Medium(101-150),0,0,0,0,0,0
L,298.8,309.9,1486,40.3,126,0,0,0,0,0,0,0,11.1,6.2708,Medium(101-150),0,0,0,0,0,0
L,298.7,309.8,1402,54.3,128,0,0,0,0,0,0,0,11.1,7.9716,Medium(101-150),0,1,1,1,0,0
L,298.7,309.9,1621,34.1,130,0,0,0,0,0,0,0,11.2,5.7881,Medium(101-150),0,0,0,0,0,0
L,298.8,309.9,1428,42.4,132,0,0,0,0,0,0,0,11.1,6.34,Medium(101-150),0,0,0,0,0,0
M,298.7,309.8,1343,53.6,134,0,0,0,0,0,0,1,11.1,7.5377,Medium(101-150),0,1,1,1,0,0
M,298.7,309.9,1458,40.2,137,0,0,0,0,0,0,1,11.2,6.1373,Medium(101-150),0,0,0,0,0,0
L,298.7,309.8,1322,57.0,140,0,0,0,0,0,0,0,11.1,7.8905,Medium(101-150),0,1,1,1,0,0
L,298.7,309.9,1483,32.8,142,0,0,0,0,0,0,0,11.2,5.0934,Medium(101-150),0,0,0,0,0,0
L,298.6,309.8,1505,45.7,144,0,0,0,0,0,1,0,11.2,7.2019,Medium(101-150),0,0,0,0,0,1
L,298.7,309.9,1593,42.5,146,0,0,0,0,0,0,0,11.2,7.0893,Medium(101-150),0,0,0,0,0,0
L,298.8,310.0,2098,19.6,148,0,0,0,0,0,0,0,11.2,4.3058,Medium(101-150),0,0,0,0,0,0
L,298.8,310.0,1672,30.4,150,0,0,0,0,0,0,0,11.2,5.3224,Medium(101-150),0,0,0,0,0,0
L,298.8,310.0,1487,41.4,152,0,0,0,0,0,0,0,11.2,6.4463,High(151-200),0,0,0,0,0,0
L,298.8,310.0,1423,42.1,154,0,0,0,0,0,0,0,11.2,6.2731,High(151-200),0,0,0,0,0,0
L,298.9,310.1,1750,25.0,156,0,0,0,0,0,0,0,11.2,4.5812,High(151-200),0,0,0,0,0,0
L,298.9,310.2,1654,31.1,158,0,0,0,0,0,0,0,11.3,5.3863,High(151-200),0,0,0,0,0,0
L,298.9,310.2,1498,50.2,160,0,0,0,0,0,0,0,11.3,7.8743,High(151-200),0,1,0,0,0,0
L,298.9,310.1,1587,30.2,162,0,0,0,0,0,0,0,11.2,5.0186,High(151-200),0,0,0,0,0,0
L,298.9,310.1,1473,42.6,164,0,0,0,0,0,0,0,11.2,6.5707,High(151-200),0,0,0,0,0,0
L,298.9,310.2,1359,56.9,166,0,0,0,0,0,0,0,11.3,8.0971,High(151-200),0,1,1,1,0,0
M,299.0,310.3,1635,34.5,168,0,0,0,0,0,0,1,11.3,5.9065,High(151-200),0,0,0,0,0,0
L,299.0,310.3,1520,45.0,171,0,0,0,0,0,0,0,11.3,7.1623,High(151-200),0,0,0,0,0,0
L,299.0,310.3,1507,36.7,173,0,0,0,0,0,0,0,11.3,5.7913,High(151-200),0,0,0,0,0,0
L,299.0,310.3,1428,46.3,175,0,0,0,0,0,0,0,11.3,6.9232,High(151-200),0,0,0,0,0,0
M,299.0,310.3,1582,33.3,177,0,0,0,0,0,0,1,11.3,5.5163,High(151-200),0,0,0,0,0,0
L,299.0,310.3,1929,24.4,180,0,0,0,0,0,0,0,11.3,4.9285,High(151-200),0,0,0,0,0,0
M,299.0,310.3,1540,38.1,182,0,0,0,0,0,0,1,11.3,6.1439,High(151-200),0,0,0,0,0,0
L,298.9,310.2,1362,53.0,185,0,0,0,0,0,0,0,11.3,7.5587,High(151-200),0,1,1,1,0,0
H,298.9,310.1,1452,49.9,187,0,0,0,0,0,0,2,11.2,7.5869,High(151-200),0,1,0,0,0,0
L,298.9,310.1,1361,51.7,192,0,0,0,0,0,0,0,11.2,7.3679,High(151-200),0,1,1,1,0,0
M,298.8,310.1,1243,74.5,194,1,0,0,1,1,0,1,11.3,9.6967,High(151-200),0,1,1,1,0,2
H,298.8,310.1,1567,36.8,197,0,0,0,0,0,0,2,11.3,6.0383,High(151-200),0,0,0,0,0,0
L,298.9,310.2,1411,46.5,202,0,0,0,0,0,0,0,11.3,6.8703,Critical(>200),1,0,1,0,0,0
L,298.8,310.2,1814,26.8,204,0,0,0,0,0,0,0,11.4,5.0906,Critical(>200),1,0,0,0,0,0
M,298.8,310.1,1719,28.8,206,0,0,0,0,0,0,1,11.3,5.184,Critical(>200),1,0,0,0,0,0
H,298.8,310.2,1663,30.4,209,0,0,0,0,0,0,2,11.4,5.2937,Critical(>200),1,0,0,0,0,0
L,298.9,310.2,1696,30.2,214,0,0,0,0,0,0,0,11.3,5.3633,Critical(>200),1,0,0,0,0,0
H,298.9,310.2,1771,26.8,216,0,0,0,0,0,0,2,11.3,4.9699,Critical(>200),1,0,0,0,0,0
L,299.0,310.3,1868,24.0,221,0,0,0,0,0,0,0,11.3,4.6945,Critical(>200),1,0,0,0,0,0
M,299.0,310.3,1558,35.4,223,0,0,0,0,0,0,1,11.3,5.7752,Critical(>200),1,0,0,0,0,0
L,299.0,310.4,1365,49.1,226,1,0,0,0,1,0,0,11.4,7.018,Critical(>200),1,1,1,1,0,1
L,299.0,310.4,1371,53.8,228,1,0,0,0,1,0,0,11.4,7.7235,Critical(>200),1,1,1,1,0,1
L,298.9,310.3,1583,32.6,230,0,0,0,0,0,0,0,11.4,5.4037,Critical(>200),1,0,0,0,0,0
H,298.7,310.2,1613,36.0,0,0,0,0,0,0,0,2,11.5,6.0804,Fresh(0-50),0,0,0,0,0,0
L,298.6,310.1,1721,27.2,5,0,0,0,0,0,0,0,11.5,4.9017,Fresh(0-50),0,0,0,0,0,0
M,298.6,310.2,1668,31.5,7,0,0,0,0,0,0,1,11.6,5.5018,Fresh(0-50),0,0,0,0,0,0
L,298.6,310.2,1569,36.3,10,0,0,0,0,0,0,0,11.6,5.9638,Fresh(0-50),0,0,0,0,0,0
M,298.6,310.2,1328,50.5,12,0,0,0,0,0,0,1,11.6,7.0224,Fresh(0-50),0,1,1,1,0,0
M,298.6,310.1,1596,33.0,15,0,0,0,0,0,0,1,11.5,5.515,Fresh(0-50),0,0,0,0,0,0
L,298.5,310.2,1676,32.7,18,0,0,0,0,0,0,0,11.7,5.7388,Fresh(0-50),0,0,0,0,0,0
L,298.5,310.1,1809,28.9,20,0,0,0,0,0,0,0,11.6,5.4744,Fresh(0-50),0,0,0,0,0,0
L,298.5,310.0,1804,26.1,22,0,0,0,0,0,0,0,11.5,4.9303,Fresh(0-50),0,0,0,0,0,0
L,298.6,310.1,1533,33.9,24,0,0,0,0,0,0,0,11.5,5.4417,Fresh(0-50),0,0,0,0,0,0
L,298.7,310.2,1717,27.3,26,0,0,0,0,0,0,0,11.5,4.9083,Fresh(0-50),0,0,0,0,0,0
L,298.7,310.2,1363,45.5,28,0,0,0,0,0,0,0,11.5,6.4939,Fresh(0-50),0,0,1,0,0,0
L,298.7,310.2,1402,45.9,30,0,0,0,0,0,0,0,11.5,6.7384,Fresh(0-50),0,0,1,0,0,0
L,298.7,310.2,1436,47.5,32,0,0,0,0,0,0,0,11.5,7.1424,Fresh(0-50),0,1,0,0,0,0
L,298.7,310.2,1525,43.7,34,0,0,0,0,0,0,0,11.5,6.9783,Fresh(0-50),0,0,0,0,0,0
M,298.7,310.2,1598,33.3,36,0,0,0,0,0,0,1,11.5,5.5721,Fresh(0-50),0,0,0,0,0,0
M,298.6,310.1,1444,48.1,39,0,0,0,0,0,0,1,11.5,7.2729,Fresh(0-50),0,1,0,0,0,0
L,298.6,310.0,1334,48.0,42,0,0,0,0,0,0,0,11.4,6.7049,Fresh(0-50),0,1,1,1,0,0
M,298.6,310.0,1681,35.5,44,0,0,0,0,0,0,1,11.4,6.2487,Fresh(0-50),0,0,0,0,0,0
L,298.6,309.9,1593,37.4,47,0,0,0,0,0,0,0,11.3,6.2386,Fresh(0-50),0,0,0,0,0,0
L,298.6,309.9,1461,45.7,49,0,0,0,0,0,0,0,11.3,6.9914,Fresh(0-50),0,0,0,0,0,0
M,298.7,310.1,1693,31.9,51,0,0,0,0,0,0,1,11.4,5.6552,Low(51-100),0,0,0,0,0,0
L,298.7,310.2,1404,50.3,54,0,0,0,0,0,0,0,11.5,7.3949,Low(51-100),0,1,1,1,0,0
H,298.8,310.2,1707,27.6,56,0,0,0,0,0,0,2,11.4,4.9333,Low(51-100),0,0,0,0,0,0
M,298.6,310.1,1458,41.9,61,0,0,0,0,0,0,1,11.5,6.3969,Low(51-100),0,0,0,0,0,0
L,298.6,310.0,1517,41.2,64,0,0,0,0,0,0,0,11.4,6.5445,Low(51-100),0,0,0,0,0,0
L,298.7,310.1,1433,54.6,66,0,0,0,0,0,0,0,11.4,8.1929,Low(51-100),0,1,0,0,0,0
L,298.7,310.2,1566,33.1,68,0,0,0,0,0,0,0,11.5,5.4277,Low(51-100),0,0,0,0,0,0
L,298.7,310.1,1676,33.5,70,0,0,0,0,0,0,0,11.4,5.8792,Low(51-100),0,0,0,0,0,0
M,298.7,310.1,1368,56.8,72,0,0,0,0,0,0,1,11.4,8.1364,Low(51-100),0,1,1,1,0,0
M,298.8,310.2,1581,37.5,75,0,0,0,0,0,0,1,11.4,6.2081,Low(51-100),0,0,0,0,0,0
H,298.8,310.3,1708,27.1,78,0,0,0,0,0,0,2,11.5,4.8468,Low(51-100),0,0,0,0,0,0
M,298.7,310.3,1481,41.5,83,0,0,0,0,0,0,1,11.6,6.4358,Low(51-100),0,0,0,0,0,0
L,298.7,310.3,1451,40.0,86,0,0,0,0,0,0,0,11.6,6.0775,Low(51-100),0,0,0,0,0,0
M,298.7,310.3,1495,38.7,88,0,0,0,0,0,0,1,11.6,6.0583,Low(51-100),0,0,0,0,0,0
M,298.8,310.3,1573,41.8,91,0,0,0,0,0,0,1,11.5,6.885,Low(51-100),0,0,0,0,0,0
M,298.8,310.3,1366,59.0,94,0,0,0,0,0,0,1,11.5,8.4392,Low(51-100),0,1,1,1,0,0
L,298.8,310.3,1553,36.8,97,0,0,0,0,0,0,0,11.5,5.9843,Low(51-100),0,0,0,0,0,0
M,298.8,310.3,1528,37.1,99,0,0,0,0,0,0,1,11.5,5.936,Low(51-100),0,0,0,0,0,0
M,298.8,310.2,1527,31.2,102,0,0,0,0,0,0,1,11.4,4.9887,Medium(101-150),0,0,0,0,0,0
L,298.8,310.2,1461,46.7,105,0,0,0,0,0,0,0,11.4,7.1444,Medium(101-150),0,0,0,0,0,0
H,298.8,310.2,1455,44.9,107,0,0,0,0,0,0,2,11.4,6.8408,Medium(101-150),0,0,0,0,0,0
L,298.7,310.1,1620,34.8,112,0,0,0,0,0,0,0,11.4,5.9032,Medium(101-150),0,0,0,0,0,0
L,298.7,310.1,1786,27.7,114,0,0,0,0,0,0,0,11.4,5.1803,Medium(101-150),0,0,0,0,0,0
M,298.8,310.2,1583,35.7,116,0,0,0,0,0,0,1,11.4,5.9176,Medium(101-150),0,0,0,0,0,0
L,298.8,310.1,1653,30.3,119,0,0,0,0,0,0,0,11.3,5.2446,Medium(101-150),0,0,0,0,0,0
M,298.9,310.2,1331,49.0,121,0,0,0,0,0,0,1,11.3,6.8292,Medium(101-150),0,1,1,1,0,0
L,298.9,310.3,1484,43.8,124,0,0,0,0,0,0,0,11.4,6.8062,Medium(101-150),0,0,0,0,0,0
M,298.9,310.2,1603,36.1,126,0,0,0,0,0,0,1,11.3,6.0595,Medium(101-150),0,0,0,0,0,0
L,298.9,310.2,1445,40.0,129,0,0,0,0,0,0,0,11.3,6.0524,Medium(101-150),0,0,0,0,0,0
L,298.9,310.1,1823,26.1,131,0,0,0,0,0,0,0,11.2,4.9822,Medium(101-150),0,0,0,0,0,0
H,298.9,310.1,1491,45.3,133,0,0,0,0,0,0,2,11.2,7.0725,Medium(101-150),0,0,0,0,0,0
L,298.9,310.2,1533,42.8,138,0,0,0,0,0,0,0,11.3,6.8704,Medium(101-150),0,0,0,0,0,0
L,298.9,310.2,1409,54.8,140,0,0,0,0,0,0,0,11.3,8.0852,Medium(101-150),0,1,1,1,0,0
L,298.9,310.2,2737,8.8,142,1,0,0,1,0,0,0,11.3,2.5221,Medium(101-150),0,0,0,0,0,1
M,299.0,310.3,1494,46.6,144,0,0,0,0,0,0,1,11.3,7.2901,Medium(101-150),0,0,0,0,0,0
L,299.1,310.4,1594,33.3,147,0,0,0,0,0,0,0,11.3,5.5581,Medium(101-150),0,0,0,0,0,0
L,299.1,310.4,1527,44.0,149,0,0,0,0,0,0,0,11.3,7.0354,Medium(101-150),0,0,0,0,0,0
L,299.1,310.4,1452,39.7,151,0,0,0,0,0,0,0,11.3,6.0361,High(151-200),0,0,0,0,0,0
L,299.0,310.3,1483,39.2,153,0,0,0,0,0,0,0,11.3,6.0873,High(151-200),0,0,0,0,0,0
L,299.1,310.2,1569,38.2,155,0,0,0,0,0,0,0,11.1,6.276,High(151-200),0,0,0,0,0,0
L,299.1,310.3,1472,46.6,157,0,0,0,0,0,0,0,11.2,7.1827,High(151-200),0,0,0,0,0,0
L,299.0,310.2,1533,43.5,159,0,0,0,0,0,0,0,11.2,6.9828,High(151-200),0,0,0,0,0,0
H,298.9,310.1,1366,62.7,161,0,0,0,0,0,0,2,11.2,8.9684,High(151-200),0,1,1,1,0,0
H,298.9,310.2,1532,37.7,166,0,0,0,0,0,0,2,11.3,6.0478,High(151-200),0,0,0,0,0,0
M,298.9,310.1,1313,56.8,171,0,0,0,0,0,0,1,11.2,7.8093,High(151-200),0,1,1,1,0,0
L,299.0,310.2,1372,48.0,174,0,0,0,0,0,0,0,11.2,6.8959,High(151-200),0,1,1,1,0,0
M,298.9,310.1,1555,40.6,176,0,0,0,0,0,0,1,11.2,6.6108,High(151-200),0,0,0,0,0,0
L,298.9,310.1,1394,42.7,179,0,0,0,0,0,0,0,11.2,6.2329,High(151-200),0,0,1,0,0,0
L,298.9,310.1,1442,48.0,181,0,0,0,0,0,0,0,11.2,7.2477,High(151-200),0,1,0,0,0,0
L,298.9,310.0,1564,33.8,183,0,0,0,0,0,0,0,11.1,5.5354,High(151-200),0,0,0,0,0,0
L,298.9,310.0,1452,48.9,185,0,0,0,0,0,0,0,11.1,7.4348,High(151-200),0,1,0,0,0,0
L,298.9,310.1,1466,42.5,187,0,0,0,0,0,0,0,11.2,6.5241,High(151-200),0,0,0,0,0,0
M,298.9,310.1,1469,53.2,189,0,0,0,0,0,0,1,11.2,8.1833,High(151-200),0,1,0,0,0,0
L,298.9,310.1,1944,23.4,192,0,0,0,0,0,0,0,11.2,4.7633,High(151-200),0,0,0,0,0,0
M,298.8,309.9,1415,53.2,194,0,0,0,0,0,0,1,11.1,7.8825,High(151-200),0,1,1,1,0,0
M,298.7,309.8,1528,36.7,197,0,0,0,0,0,0,1,11.1,5.872,High(151-200),0,0,0,0,0,0
M,298.7,309.8,1570,42.1,200,0,0,0,0,0,0,1,11.1,6.9212,High(151-200),0,0,0,0,0,0
L,298.7,309.9,1617,33.0,203,0,0,0,0,0,0,0,11.2,5.5875,Critical(>200),1,0,0,0,0,0
M,298.7,309.9,2083,18.2,205,0,0,0,0,0,0,1,11.2,3.9697,Critical(>200),1,0,0,0,0,0
L,298.7,309.9,1541,38.5,208,0,0,0,0,0,0,0,11.2,6.2124,Critical(>200),1,0,0,0,0,0
L,298.8,309.9,1320,47.4,210,0,0,0,0,0,0,0,11.1,6.5516,Critical(>200),1,1,1,1,0,0
L,298.7,309.8,1354,53.3,212,1,0,0,0,1,0,0,11.1,7.5569,Critical(>200),1,1,1,1,0,1
M,298.8,309.9,1495,35.2,214,0,0,0,0,0,0,1,11.1,5.5104,Critical(>200),1,0,0,0,0,0
L,298.7,309.8,1589,31.8,217,0,0,0,0,0,0,0,11.1,5.2911,Critical(>200),1,0,0,0,0,0
L,298.7,309.8,1530,35.5,0,0,0,0,0,0,0,0,11.1,5.6874,Fresh(0-50),0,0,0,0,0,0
L,298.7,309.8,1539,33.4,2,0,0,0,0,0,0,0,11.1,5.3825,Fresh(0-50),0,0,0,0,0,0
L,298.7,309.7,1462,46.8,4,0,0,0,0,0,0,0,11.0,7.1646,Fresh(0-50),0,0,0,0,0,0
L,298.6,309.7,1356,54.0,6,0,0,0,0,0,0,0,11.1,7.6674,Fresh(0-50),0,1,1,1,0,0
M,298.7,309.7,1622,34.6,8,0,0,0,0,0,0,1,11.0,5.8766,Fresh(0-50),0,0,0,0,0,0
L,298.7,309.8,1394,40.3,11,0,0,0,0,0,0,0,11.1,5.8825,Fresh(0-50),0,0,1,0,0,0
L,298.8,309.9,1568,33.7,13,0,0,0,0,0,0,0,11.1,5.5332,Fresh(0-50),0,0,0,0,0,0
M,298.9,310.0,1456,43.8,15,0,0,0,0,0,0,1,11.1,6.6778,Fresh(0-50),0,0,0,0,0,0
L,298.9,310.0,1378,49.3,18,0,0,0,0,0,0,0,11.1,7.1137,Fresh(0-50),0,1,1,1,0,0
M,298.9,309.9,1404,41.4,20,0,0,0,0,0,0,1,11.0,6.0865,Fresh(0-50),0,0,1,0,0,0
L,298.8,309.8,1437,42.8,23,0,0,0,0,0,0,0,11.0,6.4402,Fresh(0-50),0,0,0,0,0,0
L,298.8,309.8,1363,44.0,25,0,0,0,0,0,0,0,11.0,6.2798,Fresh(0-50),0,0,1,0,0,0
M,298.8,309.8,1377,49.6,27,0,0,0,0,0,0,1,11.0,7.1517,Fresh(0-50),0,1,1,1,0,0
H,298.8,309.9,1526,42.1,30,0,0,0,0,0,0,2,11.1,6.7272,Fresh(0-50),0,0,0,0,0,0
H,298.8,309.8,1510,44.2,35,0,0,0,0,0,0,2,11.0,6.9887,Fresh(0-50),0,0,0,0,0,0
H,298.8,309.9,1439,45.2,40,1,0,0,0,0,0,2,11.1,6.8108,Fresh(0-50),0,0,0,0,0,0
L,298.8,309.9,1482,39.1,45,0,0,0,0,0,0,0,11.1,6.0677,Fresh(0-50),0,0,0,0,0,0
M,298.8,309.8,1534,37.0,47,0,0,0,0,0,0,1,11.0,5.9432,Fresh(0-50),0,0,0,0,0,0
M,298.8,309.9,1741,27.7,50,0,0,0,0,0,0,1,11.1,5.0498,Fresh(0-50),0,0,0,0,0,0
L,298.8,309.9,1550,38.8,53,0,0,0,0,0,0,0,11.1,6.2974,Low(51-100),0,0,0,0,0,0
M,298.8,310.0,1486,38.5,55,0,0,0,0,0,0,1,11.2,5.9907,Low(51-100),0,0,0,0,0,0
L,298.9,310.1,1602,38.2,58,0,0,0,0,0,0,0,11.2,6.408,Low(51-100),0,0,0,0,0,0
L,299.0,310.2,1477,37.9,60,0,0,0,0,0,0,0,11.2,5.8616,Low(51-100),0,0,0,0,0,0
L,299.0,310.1,1618,29.2,62,0,0,0,0,0,0,0,11.1,4.9472,Low(51-100),0,0,0,0,0,0
M,299.0,310.2,1628,35.8,64,0,0,0,0,0,0,1,11.2,6.1029,Low(51-100),0,0,0,0,0,0
M,299.0,310.3,1662,33.6,67,0,0,0,0,0,0,1,11.3,5.8475,Low(51-100),0,0,0,0,0,0
M,299.0,310.3,1657,31.0,70,0,0,0,0,0,0,1,11.3,5.3787,Low(51-100),0,0,0,0,0,0
H,299.0,310.4,1677,30.8,73,0,0,0,0,0,0,2,11.4,5.4085,Low(51-100),0,0,0,0,0,0
M,299.0,310.3,1447,39.9,78,0,0,0,0,0,0,1,11.3,6.0456,Low(51-100),0,0,0,0,0,0
L,298.9,310.4,1831,25.4,81,0,0,0,0,0,0,0,11.5,4.8699,Low(51-100),0,0,0,0,0,0
L,299.0,310.3,1584,34.4,83,0,0,0,0,0,0,0,11.3,5.7057,Low(51-100),0,0,0,0,0,0
L,299.1,310.4,1450,40.9,85,0,0,0,0,0,0,0,11.3,6.2099,Low(51-100),0,0,0,0,0,0
L,299.1,310.4,1428,46.9,87,0,0,0,0,0,0,0,11.3,7.0129,Low(51-100),0,1,0,0,0,0
L,299.0,310.4,1382,53.0,89,0,0,0,0,0,0,0,11.4,7.6697,Low(51-100),0,1,1,1,0,0
L,299.0,310.3,1501,43.0,91,0,0,0,0,0,0,0,11.3,6.7584,Low(51-100),0,0,0,0,0,0
L,299.0,310.3,1475,42.4,93,0,0,0,0,0,0,0,11.3,6.5487,Low(51-100),0,0,0,0,0,0
L,298.9,310.3,1364,54.0,95,0,0,0,0,0,0,0,11.4,7.7127,Low(51-100),0,1,1,1,0,0
L,299.0,310.3,1472,36.1,97,0,0,0,0,0,0,0,11.3,5.5643,Low(51-100),0,0,0,0,0,0
L,299.0,310.3,1437,47.8,99,0,0,0,0,0,0,0,11.3,7.1925,Low(51-100),0,1,0,0,0,0
L,298.9,310.2,1491,45.1,101,0,0,0,0,0,0,0,11.3,7.0413,Medium(101-150),0,0,0,0,0,0
L,298.9,310.2,1706,27.6,103,0,0,0,0,0,0,0,11.3,4.9304,Medium(101-150),0,0,0,0,0,0
L,298.8,310.1,1607,39.5,105,0,0,0,0,0,0,0,11.3,6.6468,Medium(101-150),0,0,0,0,0,0
L,298.8,310.0,1412,46.3,107,0,0,0,0,0,0,0,11.2,6.8456,Medium(101-150),0,0,1,0,0,0
L,298.7,309.8,1546,40.9,109,0,0,0,0,0,0,0,11.1,6.6211,Medium(101-150),0,0,0,0,0,0
L,298.7,309.8,1365,50.5,111,0,0,0,0,0,0,0,11.1,7.2181,Medium(101-150),0,1,1,1,0,0
L,298.6,309.8,1544,30.2,113,0,0,0,0,0,0,0,11.2,4.8826,Medium(101-150),0,0,0,0,0,0
M,298.6,309.8,1419,44.9,115,0,0,0,0,0,0,1,11.2,6.6715,Medium(101-150),0,0,1,0,0,0
L,298.6,309.8,1497,41.6,118,0,0,0,0,0,0,0,11.2,6.521,Medium(101-150),0,0,0,0,0,0
L,298.5,309.7,1437,42.6,120,0,0,0,0,0,0,0,11.2,6.4101,Medium(101-150),0,0,0,0,0,0
L,298.5,309.6,1421,53.6,122,0,0,0,0,0,0,0,11.1,7.9755,Medium(101-150),0,1,1,1,0,0
M,298.5,309.6,1438,44.5,124,0,0,0,0,0,0,1,11.1,6.7006,Medium(101-150),0,0,0,0,0,0
M,298.5,309.5,1315,48.9,127,0,0,0,0,0,0,1,11.0,6.7334,Medium(101-150),0,1,1,1,0,0
M,298.5,309.5,1366,61.9,130,0,0,0,0,0,0,1,11.0,8.854,Medium(101-150),0,1,1,1,0,0
M,298.4,309.5,1519,35.4,133,0,0,0,0,0,0,1,11.1,5.6306,Medium(101-150),0,0,0,0,0,0
L,298.4,309.5,1692,28.3,136,0,0,0,0,0,0,0,11.1,5.014,Medium(101-150),0,0,0,0,0,0
L,298.3,309.4,1570,35.6,138,0,0,0,0,0,0,0,11.1,5.8526,Medium(101-150),0,0,0,0,0,0
L,298.3,309.4,1568,35.8,140,0,0,0,0,0,0,0,11.1,5.8779,Medium(101-150),0,0,0,0,0,0
L,298.2,309.3,1355,43.8,142,0,0,0,0,0,0,0,11.1,6.2146,Medium(101-150),0,0,1,0,0,0
M,298.2,309.3,2056,18.7,144,0,0,0,0,0,0,1,11.1,4.0259,Medium(101-150),0,0,0,0,0,0
M,298.2,309.2,1332,60.2,147,0,0,0,0,0,0,1,11.0,8.3965,Medium(101-150),0,1,1,1,0,0
M,298.1,309.1,1448,52.5,150,0,0,0,0,0,0,1,11.0,7.9602,Medium(101-150),0,1,0,0,0,0
L,298.0,308.9,1578,35.6,153,0,0,0,0,0,0,0,10.9,5.8824,High(151-200),0,0,0,0,0,0
M,298.0,309.0,1562,39.2,155,0,0,0,0,0,0,1,11.0,6.4116,High(151-200),0,0,0,0,0,0
M,298.1,309.0,1976,19.3,158,0,0,0,0,0,0,1,10.9,3.9934,High(151-200),0,0,0,0,0,0
M,298.2,309.2,1524,34.6,161,0,0,0,0,0,0,1,11.0,5.5215,High(151-200),0,0,0,0,0,0
L,298.2,309.1,1429,48.5,164,0,0,0,0,0,0,0,10.9,7.2572,High(151-200),0,1,0,0,0,0
L,298.2,309.1,1568,36.3,166,0,0,0,0,0,0,0,10.9,5.96,High(151-200),0,0,0,0,0,0
M,298.2,309.0,1723,26.6,168,0,0,0,0,0,0,1,10.8,4.7991,High(151-200),0,0,0,0,0,0
L,298.2,309.0,1341,43.8,171,0,0,0,0,0,0,0,10.8,6.1503,High(151-200),0,0,1,0,0,0
M,298.1,308.9,1353,46.2,173,0,0,0,0,0,0,1,10.8,6.5454,High(151-200),0,0,1,0,0,0
M,298.0,308.7,1479,58.5,176,1,0,0,1,0,0,1,10.7,9.0598,High(151-200),0,1,0,0,0,1
L,298.0,308.8,1496,44.9,179,0,0,0,0,0,0,0,10.8,7.0335,High(151-200),0,0,0,0,0,0
M,298.0,308.7,1377,48.5,181,0,0,0,0,0,0,1,10.7,6.9931,High(151-200),0,1,1,1,0,0
H,297.9,308.5,1383,44.6,184,0,0,0,0,0,0,2,10.6,6.4588,High(151-200),0,0,1,0,0,0
L,298.0,308.7,1268,69.4,189,1,0,0,1,1,0,0,10.7,9.2146,High(151-200),0,1,1,1,0,2
L,298.0,308.7,1629,34.3,191,0,0,0,0,0,0,0,10.7,5.8508,High(151-200),0,0,0,0,0,0
L,298.0,308.8,1790,27.2,193,0,0,0,0,0,0,0,10.8,5.0982,High(151-200),0,0,0,0,0,0
M,298.1,308.8,2206,16.3,195,0,0,0,0,0,0,1,10.7,3.7652,High(151-200),0,0,0,0,0,0
M,298.0,308.7,2101,17.4,198,0,0,0,0,0,0,1,10.7,3.828,High(151-200),0,0,0,0,0,0
M,298.0,308.7,1436,48.2,201,0,0,0,0,0,0,1,10.7,7.2477,Critical(>200),1,1,0,0,0,0
L,298.0,308.7,1462,48.2,204,0,0,0,0,0,0,0,10.7,7.3789,Critical(>200),1,1,0,0,0,0
L,298.0,308.7,1771,26.2,206,0,0,0,0,0,0,0,10.7,4.8587,Critical(>200),1,0,0,0,0,0
L,298.0,308.7,1506,47.0,208,0,0,0,0,0,0,0,10.7,7.4117,Critical(>200),1,1,0,0,0,0
L,298.0,308.7,1626,36.7,210,0,0,0,0,0,0,0,10.7,6.2486,Critical(>200),1,0,0,0,0,0
L,298.0,308.8,1610,33.7,212,0,0,0,0,0,0,0,10.8,5.6814,Critical(>200),1,0,0,0,0,0
M,298.0,308.6,1376,55.7,214,0,0,0,0,0,0,1,10.6,8.0255,Critical(>200),1,1,1,1,0,0
M,298.0,308.6,1507,37.3,217,0,0,0,0,0,0,1,10.6,5.886,Critical(>200),1,0,0,0,0,0
L,298.0,308.5,1429,37.7,220,1,1,0,0,0,0,0,10.5,5.6412,Critical(>200),1,0,0,0,0,1
M,298.1,308.7,1547,38.9,0,0,0,0,0,0,0,1,10.6,6.3014,Fresh(0-50),0,0,0,0,0,0
L,298.1,308.7,1642,30.3,3,0,0,0,0,0,0,0,10.6,5.2097,Fresh(0-50),0,0,0,0,0,0
H,298.0,308.7,1503,36.3,5,0,0,0,0,0,0,2,10.7,5.713,Fresh(0-50),0,0,0,0,0,0
L,298.1,308.7,1568,32.9,10,0,0,0,0,0,0,0,10.6,5.4018,Fresh(0-50),0,0,0,0,0,0
M,298.1,308.8,1628,37.6,12,0,0,0,0,0,0,1,10.7,6.4097,Fresh(0-50),0,0,0,0,0,0
M,298.2,308.9,1614,35.5,15,0,0,0,0,0,0,1,10.7,5.9997,Fresh(0-50),0,0,0,0,0,0
L,298.2,308.9,1278,54.0,18,0,0,0,0,0,0,0,10.7,7.2264,Fresh(0-50),0,1,1,1,0,0
M,298.2,308.9,1408,38.8,20,0,0,0,0,0,0,1,10.7,5.7205,Fresh(0-50),0,0,1,0,0,0
H,298.2,309.0,1371,55.7,23,0,0,0,0,0,0,2,10.8,7.9963,Fresh(0-50),0,1,1,1,0,0
M,298.2,308.9,1512,38.5,28,0,0,0,0,0,0,1,10.7,6.0955,Fresh(0-50),0,0,0,0,0,0
L,298.3,309.1,1472,40.1,31,0,0,0,0,0,0,0,10.8,6.1809,Fresh(0-50),0,0,0,0,0,0
M,298.2,308.9,1585,34.3,33,0,0,0,0,0,0,1,10.7,5.6927,Fresh(0-50),0,0,0,0,0,0
H,298.2,309.0,1562,37.7,36,0,0,0,0,0,0,2,10.8,6.1662,Fresh(0-50),0,0,0,0,0,0
L,298.3,309.0,1519,36.9,41,0,0,0,0,0,0,0,10.7,5.8692,Fresh(0-50),0,0,0,0,0,0
L,298.2,309.0,1601,35.8,43,0,0,0,0,0,0,0,10.8,6.0017,Fresh(0-50),0,0,0,0,0,0
L,298.2,309.0,2449,13.8,45,0,0,0,0,0,0,0,10.8,3.5389,Fresh(0-50),0,0,0,0,0,0
L,298.1,309.0,1787,27.6,47,0,0,0,0,0,0,0,10.9,5.1645,Fresh(0-50),0,0,0,0,0,0
H,298.1,309.1,1425,44.5,49,0,0,0,0,0,0,2,11.0,6.6401,Fresh(0-50),0,0,0,0,0,0
L,298.1,309.0,1559,34.0,54,0,0,0,0,0,0,0,10.9,5.5504,Low(51-100),0,0,0,0,0,0
L,298.1,309.0,1557,36.0,56,0,0,0,0,0,0,0,10.9,5.8693,Low(51-100),0,0,0,0,0,0
L,298.1,309.0,1497,40.5,58,0,0,0,0,0,0,0,10.9,6.3485,Low(51-100),0,0,0,0,0,0
H,298.1,309.0,1438,41.4,60,0,0,0,0,0,0,2,10.9,6.2338,Low(51-100),0,0,0,0,0,0
M,298.1,308.9,1417,39.2,65,0,0,0,0,0,0,1,10.8,5.8164,Low(51-100),0,0,1,0,0,0
M,298.0,308.9,1339,51.4,68,0,0,0,0,0,0,1,10.9,7.2068,Low(51-100),0,1,1,1,0,0
L,298.0,308.8,1757,29.1,71,0,0,0,0,0,0,0,10.8,5.3538,Low(51-100),0,0,0,0,0,0
L,298.0,308.8,1581,36.1,73,0,0,0,0,0,0,0,10.8,5.9763,Low(51-100),0,0,0,0,0,0
M,298.2,308.9,1326,54.4,75,0,0,0,0,0,0,1,10.7,7.5533,Low(51-100),0,1,1,1,0,0
M,298.4,309.1,1467,39.6,78,0,0,0,0,0,0,1,10.7,6.0831,Low(51-100),0,0,0,0,0,0
L,298.4,309.1,1798,29.6,81,0,0,0,0,0,0,0,10.7,5.5729,Low(51-100),0,0,0,0,0,0
M,298.5,309.2,1449,46.4,83,0,0,0,0,0,0,1,10.7,7.0402,Low(51-100),0,0,0,0,0,0
M,298.4,309.1,1525,39.3,86,0,0,0,0,0,0,1,10.7,6.2757,Low(51-100),0,0,0,0,0,0
L,298.4,309.0,2304,15.1,89,0,0,0,0,0,0,0,10.6,3.643,Low(51-100),0,0,0,0,0,0
L,298.3,308.9,1379,54.7,91,0,0,0,0,0,0,0,10.6,7.8986,Low(51-100),0,1,1,1,0,0
L,298.4,308.9,1628,34.9,93,0,0,0,0,0,0,0,10.5,5.9494,Low(51-100),0,0,0,0,0,0
L,298.4,309.0,1474,52.7,95,0,0,0,0,0,0,0,10.6,8.134,Low(51-100),0,1,0,0,0,0
M,298.4,309.0,1544,38.8,97,0,0,0,0,0,0,1,10.6,6.273,Low(51-100),0,0,0,0,0,0
L,298.4,308.9,1391,48.4,100,0,0,0,0,0,0,0,10.5,7.0497,Low(51-100),0,1,1,1,0,0
L,298.3,308.9,1348,55.5,102,0,0,0,0,0,0,0,10.6,7.8339,Medium(101-150),0,1,1,1,0,0
M,298.3,308.8,1349,52.1,104,0,0,0,0,0,0,1,10.5,7.3595,Medium(101-150),0,1,1,1,0,0
L,298.4,308.9,1706,29.5,107,0,0,0,0,0,0,0,10.5,5.2698,Medium(101-150),0,0,0,0,0,0
L,298.4,308.9,1638,32.4,109,0,0,0,0,0,0,0,10.5,5.5572,Medium(101-150),0,0,0,0,0,0
L,298.4,308.8,1458,40.1,111,0,0,0,0,0,0,0,10.4,6.1221,Medium(101-150),0,0,0,0,0,0
L,298.5,308.9,1781,27.8,113,0,0,0,0,0,0,0,10.4,5.1845,Medium(101-150),0,0,0,0,0,0
L,298.5,308.8,1332,59.1,115,0,0,0,0,0,0,0,10.3,8.2431,Medium(101-150),0,1,1,1,0,0
M,298.4,308.7,1584,31.7,117,0,0,0,0,0,0,1,10.3,5.2579,Medium(101-150),0,0,0,0,0,0
L,298.4,308.6,1491,42.0,120,0,0,0,0,0,0,0,10.2,6.5573,Medium(101-150),0,0,0,0,0,0
H,298.4,308.5,1398,47.1,122,0,0,0,0,0,0,2,10.1,6.8948,Medium(101-150),0,1,1,1,0,0
L,298.3,308.4,1585,30.6,127,0,0,0,0,0,0,0,10.1,5.0786,Medium(101-150),0,0,0,0,0,0
M,298.2,308.3,1476,43.5,129,0,0,0,0,0,0,1,10.1,6.7231,Medium(101-150),0,0,0,0,0,0
L,298.2,308.3,1458,41.8,132,0,0,0,0,0,0,0,10.1,6.3816,Medium(101-150),0,0,0,0,0,0
M,298.2,308.4,1510,39.9,134,0,0,0,0,0,0,1,10.2,6.3088,Medium(101-150),0,0,0,0,0,0
L,298.2,308.4,1388,53.8,137,0,0,0,0,0,0,0,10.2,7.8193,Medium(101-150),0,1,1,1,0,0
L,298.2,308.3,2216,16.8,139,0,0,0,0,0,0,0,10.1,3.8983,Medium(101-150),0,0,0,0,0,0
L,298.2,308.3,1402,51.0,141,0,0,0,0,0,0,0,10.1,7.4871,Medium(101-150),0,1,1,1,0,0
M,298.0,308.2,2090,19.0,143,0,0,0,0,0,0,1,10.2,4.1581,Medium(101-150),0,0,0,0,0,0
L,298.0,308.2,1459,42.1,146,0,0,0,0,0,0,0,10.2,6.4318,Medium(101-150),0,0,0,0,0,0
M,298.0,308.1,1403,44.8,148,0,0,0,0,0,0,1,10.1,6.5816,Medium(101-150),0,0,1,0,0,0
L,298.1,308.2,1521,39.3,151,0,0,0,0,0,0,0,10.1,6.2592,High(151-200),0,0,0,0,0,0
L,298.2,308.2,1407,47.1,153,0,0,0,0,0,0,0,10.0,6.9392,High(151-200),0,1,1,1,0,0
M,298.1,308.2,1654,35.3,155,0,0,0,0,0,0,1,10.1,6.1137,High(151-200),0,0,0,0,0,0
L,298.2,308.4,1452,43.5,158,0,0,0,0,0,0,0,10.2,6.6138,High(151-200),0,0,0,0,0,0
L,298.3,308.4,1528,37.3,160,0,0,0,0,0,0,0,10.1,5.968,High(151-200),0,0,0,0,0,0
L,298.2,308.3,1230,59.6,162,0,0,0,0,0,0,0,10.1,7.6762,High(151-200),0,1,1,1,0,0
L,298.2,308.2,1466,42.4,164,0,0,0,0,0,0,0,10.0,6.5087,High(151-200),0,0,0,0,0,0
L,298.2,308.2,1478,50.1,166,0,0,0,0,0,0,0,10.0,7.7537,High(151-200),0,1,0,0,0,0
L,298.2,308.3,2057,18.0,168,0,0,0,0,0,0,0,10.1,3.8771,High(151-200),0,0,0,0,0,0
L,298.3,308.4,1490,41.7,170,0,0,0,0,0,0,0,10.1,6.5061,High(151-200),0,0,0,0,0,0
L,298.3,308.4,1484,43.4,172,0,0,0,0,0,0,0,10.1,6.744,High(151-200),0,0,0,0,0,0
L,298.3,308.4,1593,37.0,174,0,0,0,0,0,0,0,10.1,6.1718,High(151-200),0,0,0,0,0,0
L,298.3,308.3,1444,43.8,176,0,0,0,0,0,0,0,10.0,6.6227,High(151-200),0,0,0,0,0,0
M,298.3,308.4,1444,47.5,178,0,0,0,0,0,0,1,10.1,7.1822,High(151-200),0,1,0,0,0,0
M,298.2,308.3,1560,33.0,181,0,0,0,0,0,0,1,10.1,5.3906,High(151-200),0,0,0,0,0,0
H,298.1,308.3,1530,42.0,184,0,0,0,0,0,0,2,10.2,6.7288,High(151-200),0,0,0,0,0,0
L,298.2,308.4,1310,61.0,189,1,0,0,0,1,0,0,10.2,8.3675,High(151-200),0,1,1,1,0,1
M,298.2,308.3,1639,33.3,191,0,0,0,0,0,0,1,10.1,5.715,High(151-200),0,0,0,0,0,0
L,298.2,308.3,1400,48.7,194,0,0,0,0,0,0,0,10.1,7.1393,High(151-200),0,1,1,1,0,0
M,298.3,308.4,1486,44.2,196,0,0,0,0,0,0,1,10.1,6.8776,High(151-200),0,0,0,0,0,0
M,298.2,308.3,1448,43.3,199,0,0,0,0,0,0,1,10.1,6.5653,High(151-200),0,0,0,0,0,0
L,298.2,308.3,1688,32.0,202,0,0,0,0,0,0,0,10.1,5.6561,Critical(>200),1,0,0,0,0,0
M,298.1,308.3,1453,41.5,204,0,0,0,0,0,0,1,10.2,6.3141,Critical(>200),1,0,0,0,0,0
L,298.2,308.4,1497,37.7,207,0,0,0,0,0,0,0,10.2,5.9096,Critical(>200),1,0,0,0,0,0
L,298.2,308.4,1355,49.4,209,0,0,0,0,0,0,0,10.2,7.0091,Critical(>200),1,1,1,1,0,0
L,298.1,308.4,1592,38.2,211,0,0,0,0,0,0,0,10.3,6.368,Critical(>200),1,0,0,0,0,0
L,298.0,308.3,1544,34.7,213,0,0,0,0,0,0,0,10.3,5.6101,Critical(>200),1,0,0,0,0,0
M,298.0,308.2,1373,51.2,215,0,0,0,0,0,0,1,10.2,7.361,Critical(>200),1,1,1,1,0,0
L,298.0,308.2,1365,52.9,218,1,0,0,0,1,0,0,10.2,7.5611,Critical(>200),1,1,1,1,0,1
L,298.0,308.1,1877,24.3,0,0,0,0,0,0,0,0,10.1,4.776,Fresh(0-50),0,0,0,0,0,0
L,297.9,308.1,1531,40.8,2,0,0,0,0,0,0,0,10.2,6.5408,Fresh(0-50),0,0,0,0,0,0
L,297.9,308.0,1501,36.7,4,0,0,0,0,0,0,0,10.1,5.7682,Fresh(0-50),0,0,0,0,0,0
L,297.9,308.0,1490,46.2,6,0,0,0,0,0,0,0,10.1,7.2082,Fresh(0-50),0,0,0,0,0,0
M,297.8,307.8,1543,43.7,8,0,0,0,0,0,0,1,10.0,7.0606,Fresh(0-50),0,0,0,0,0,0
L,297.8,307.8,1597,38.2,11,0,0,0,0,0,0,0,10.0,6.388,Fresh(0-50),0,0,0,0,0,0
H,297.8,307.9,1600,33.5,13,0,0,0,0,0,0,2,10.1,5.6126,Fresh(0-50),0,0,0,0,0,0
M,297.8,307.8,1622,32.1,18,0,0,0,0,0,0,1,10.0,5.452,Fresh(0-50),0,0,0,0,0,0
L,297.8,307.8,1452,39.8,21,0,0,0,0,0,0,0,10.0,6.0513,Fresh(0-50),0,0,0,0,0,0
L,297.8,307.8,1396,42.5,23,0,0,0,0,0,0,0,10.0,6.2126,Fresh(0-50),0,0,1,0,0,0
L,297.8,307.7,1505,39.7,25,0,0,0,0,0,0,0,9.9,6.2564,Fresh(0-50),0,0,0,0,0,0
L,297.8,307.8,1412,48.3,27,0,0,0,0,0,0,0,10.0,7.1413,Fresh(0-50),0,1,1,1,0,0
L,297.8,307.7,1393,38.0,29,0,0,0,0,0,0,0,9.9,5.5428,Fresh(0-50),0,0,1,0,0,0
L,297.7,307.7,1581,34.9,31,0,0,0,0,0,0,0,10.0,5.7777,Fresh(0-50),0,0,0,0,0,0
L,297.8,307.8,1573,37.9,33,0,0,0,0,0,0,0,10.0,6.2426,Fresh(0-50),0,0,0,0,0,0
M,297.8,307.9,1726,27.3,35,0,0,0,0,0,0,1,10.1,4.934,Fresh(0-50),0,0,0,0,0,0
M,297.9,307.9,1540,39.8,38,0,0,0,0,0,0,1,10.0,6.418,Fresh(0-50),0,0,0,0,0,0
L,297.9,308.0,1296,62.9,41,0,0,0,0,0,0,0,10.1,8.536,Fresh(0-50),0,1,1,1,0,0
M,297.8,307.9,1802,25.8,43,0,0,0,0,0,0,1,10.1,4.8682,Fresh(0-50),0,0,0,0,0,0
L,297.8,307.9,1447,48.6,46,0,0,0,0,0,0,0,10.1,7.3638,Fresh(0-50),0,1,0,0,0,0
H,297.8,307.8,1662,30.7,48,0,0,0,0,0,0,2,10.0,5.3428,Fresh(0-50),0,0,0,0,0,0
L,297.8,307.8,1563,34.3,53,0,0,0,0,0,0,0,10.0,5.6137,Low(51-100),0,0,0,0,0,0
L,297.9,307.8,1286,59.5,55,0,0,0,0,0,0,0,9.9,8.0123,Low(51-100),0,1,1,1,0,0
L,297.9,307.7,1590,34.6,57,0,0,0,0,0,0,0,9.8,5.7606,Low(51-100),0,0,0,0,0,0
L,297.9,307.7,1492,43.7,59,0,0,0,0,0,0,0,9.8,6.8273,Low(51-100),0,0,0,0,0,0
L,297.7,307.6,1844,21.9,61,0,0,0,0,0,0,0,9.9,4.2286,Low(51-100),0,0,0,0,0,0
H,297.7,307.6,1538,38.3,63,0,0,0,0,0,0,2,9.9,6.1681,Low(51-100),0,0,0,0,0,0
L,297.7,307.6,1921,22.9,68,0,0,0,0,0,0,0,9.9,4.6064,Low(51-100),0,0,0,0,0,0
M,297.8,307.8,1310,57.9,70,0,0,0,0,0,0,1,10.0,7.9423,Low(51-100),0,1,1,1,0,0
L,297.9,307.8,1365,46.9,73,0,0,0,0,0,0,0,9.9,6.7035,Low(51-100),0,1,1,1,0,0
M,297.9,307.8,1303,59.3,75,0,0,0,0,0,0,1,9.9,8.0909,Low(51-100),0,1,1,1,0,0
L,297.9,307.8,1499,37.5,78,0,0,0,0,0,0,0,9.9,5.8861,Low(51-100),0,0,0,0,0,0
L,297.9,307.8,1451,38.2,80,0,0,0,0,0,0,0,9.9,5.804,Low(51-100),0,0,0,0,0,0
M,297.9,307.9,1336,54.4,82,0,0,0,0,0,0,1,10.0,7.6103,Low(51-100),0,1,1,1,0,0
L,297.9,307.9,1412,44.5,85,0,0,0,0,0,0,0,10.0,6.5795,Low(51-100),0,0,1,0,0,0
L,298.0,308.0,1433,39.2,87,0,0,0,0,0,0,0,10.0,5.8821,Low(51-100),0,0,0,0,0,0
L,297.9,307.9,1426,43.6,89,0,0,0,0,0,0,0,10.0,6.5103,Low(51-100),0,0,0,0,0,0
L,297.9,307.9,1476,45.2,91,0,0,0,0,0,0,0,10.0,6.9859,Low(51-100),0,0,0,0,0,0
H,297.9,307.9,1406,58.5,93,0,0,0,0,0,0,2,10.0,8.6127,Low(51-100),0,1,1,1,0,0
L,297.8,307.8,1383,56.5,98,0,0,0,0,0,0,0,10.0,8.1821,Low(51-100),0,1,1,1,0,0
L,297.9,307.8,1505,37.3,100,0,0,0,0,0,0,0,9.9,5.8782,Low(51-100),0,0,0,0,0,0
L,297.9,307.8,1665,33.9,102,0,0,0,0,0,0,0,9.9,5.9103,Medium(101-150),0,0,0,0,0,0
L,297.9,307.8,1397,45.0,104,0,0,0,0,0,0,0,9.9,6.5827,Medium(101-150),0,0,1,0,0,0
M,297.9,307.8,1450,43.5,106,0,0,0,0,0,0,1,9.9,6.6047,Medium(101-150),0,0,0,0,0,0
L,298.0,307.8,1567,36.4,109,0,0,0,0,0,0,0,9.8,5.9726,Medium(101-150),0,0,0,0,0,0
M,298.0,308.0,1555,37.0,111,0,0,0,0,0,0,1,10.0,6.0246,Medium(101-150),0,0,0,0,0,0
H,298.0,307.8,1588,35.4,114,0,0,0,0,0,0,2,9.8,5.8864,Medium(101-150),0,0,0,0,0,0
L,298.0,307.8,1453,37.7,119,0,0,0,0,0,0,0,9.8,5.7359,Medium(101-150),0,0,0,0,0,0
L,298.0,307.8,1622,33.3,121,0,0,0,0,0,0,0,9.8,5.6558,Medium(101-150),0,0,0,0,0,0
L,297.9,307.8,1538,38.5,123,0,0,0,0,0,0,0,9.9,6.2003,Medium(101-150),0,0,0,0,0,0
M,297.9,307.7,1527,42.8,125,0,0,0,0,0,0,1,9.8,6.8435,Medium(101-150),0,0,0,0,0,0
L,297.8,307.8,1761,28.9,128,0,0,0,0,0,0,0,10.0,5.3291,Medium(101-150),0,0,0,0,0,0
L,297.9,307.8,1373,50.2,130,0,0,0,0,0,0,0,9.9,7.2172,Medium(101-150),0,1,1,1,0,0
H,298.0,307.9,1482,37.8,132,0,0,0,0,0,0,2,9.9,5.8659,Medium(101-150),0,0,0,0,0,0
M,298.0,307.9,1417,51.0,137,0,0,0,0,0,0,1,9.9,7.5672,Medium(101-150),0,1,1,1,0,0
L,298.0,307.8,1414,51.7,140,0,0,0,0,0,0,0,9.8,7.6548,Medium(101-150),0,1,1,1,0,0
H,297.9,307.8,1635,34.0,142,0,0,0,0,0,0,2,9.9,5.8209,Medium(101-150),0,0,0,0,0,0
L,298.0,307.8,1386,57.3,147,0,0,0,0,0,0,0,9.8,8.316,Medium(101-150),0,1,1,1,0,0
L,298.2,308.1,1379,62.3,149,0,0,0,0,0,0,0,9.9,8.996,Medium(101-150),0,1,1,1,0,0
M,298.2,308.0,1577,35.9,151,0,0,0,0,0,0,1,9.8,5.9282,High(151-200),0,0,0,0,0,0
L,298.2,308.1,1532,42.5,154,0,0,0,0,0,0,0,9.9,6.8178,High(151-200),0,0,0,0,0,0
M,298.1,308.0,1374,48.8,156,0,0,0,0,0,0,1,9.9,7.0211,High(151-200),0,1,1,1,0,0
H,298.1,308.0,1570,35.3,159,0,0,0,0,0,0,2,9.9,5.8032,High(151-200),0,0,0,0,0,0
L,298.1,308.0,1697,31.0,164,0,0,0,0,0,0,0,9.9,5.5086,High(151-200),0,0,0,0,0,0
L,298.2,308.0,1499,44.1,166,0,0,0,0,0,0,0,9.8,6.9221,High(151-200),0,0,0,0,0,0
M,298.2,308.0,1411,47.2,168,0,0,0,0,0,0,1,9.8,6.9737,High(151-200),0,1,1,1,0,0
H,298.2,307.9,1462,45.5,171,0,0,0,0,0,0,2,9.7,6.9655,High(151-200),0,0,0,0,0,0
M,298.1,307.9,1759,28.6,176,0,0,0,0,0,0,1,9.8,5.2678,High(151-200),0,0,0,0,0,0
L,298.2,308.0,1535,38.0,179,0,0,0,0,0,0,0,9.8,6.1079,High(151-200),0,0,0,0,0,0
H,298.2,307.9,1491,39.7,181,0,0,0,0,0,0,2,9.7,6.1982,High(151-200),0,0,0,0,0,0
L,298.2,307.9,1551,36.0,186,0,0,0,0,0,0,0,9.7,5.8467,High(151-200),0,0,0,0,0,0
L,298.2,307.9,1769,27.2,188,0,0,0,0,0,0,0,9.7,5.0384,High(151-200),0,0,0,0,0,0
L,298.2,307.9,1551,34.1,190,0,0,0,0,0,0,0,9.7,5.5381,High(151-200),0,0,0,0,0,0
L,298.2,307.9,1544,31.4,192,0,0,0,0,0,0,0,9.7,5.0766,High(151-200),0,0,0,0,0,0
L,298.2,307.8,1528,31.1,194,0,0,0,0,0,0,0,9.6,4.976,High(151-200),0,0,0,0,0,0
L,298.1,307.9,1614,35.8,196,0,0,0,0,0,0,0,9.8,6.0504,High(151-200),0,0,0,0,0,0
L,298.1,307.8,1432,49.8,198,0,0,0,0,0,0,0,9.7,7.4674,High(151-200),0,1,0,0,0,0
M,298.1,307.8,1384,43.7,200,0,0,0,0,0,0,1,9.7,6.3331,High(151-200),0,0,1,0,0,0
L,298.1,307.8,1540,37.8,203,0,0,0,0,0,0,0,9.7,6.0955,Critical(>200),1,0,0,0,0,0
L,298.0,307.7,1407,43.9,205,0,0,0,0,0,0,0,9.7,6.4678,Critical(>200),1,0,1,0,0,0
H,297.9,307.6,1418,43.0,207,0,0,0,0,0,0,2,9.7,6.3847,Critical(>200),1,0,1,0,0,0
M,297.9,307.5,1647,30.8,212,0,0,0,0,0,0,1,9.6,5.3118,Critical(>200),1,0,0,0,0,0
L,298.0,307.5,1644,32.8,215,0,0,0,0,0,0,0,9.5,5.6464,Critical(>200),1,0,0,0,0,0
L,298.0,307.5,1792,27.9,217,0,0,0,0,0,0,0,9.5,5.2353,Critical(>200),1,0,0,0,0,0
M,297.9,307.4,1610,34.6,219,0,0,0,0,0,0,1,9.5,5.8331,Critical(>200),1,0,0,0,0,0
M,297.8,307.3,1804,26.0,222,0,0,0,0,0,0,1,9.5,4.9114,Critical(>200),1,0,0,0,0,0
H,297.9,307.4,1604,36.1,225,1,1,0,0,0,0,2,9.5,6.0633,Critical(>200),1,0,0,0,0,1
M,297.9,307.4,1403,52.8,0,0,0,0,0,0,0,1,9.5,7.7569,Fresh(0-50),0,1,1,1,0,0
L,297.8,307.3,1438,44.5,3,0,0,0,0,0,0,0,9.5,6.7006,Fresh(0-50),0,0,0,0,0,0
L,297.9,307.3,1824,26.3,5,0,0,0,0,0,0,0,9.4,5.0232,Fresh(0-50),0,0,0,0,0,0
H,297.9,307.3,1663,28.7,7,0,0,0,0,0,0,2,9.4,4.9977,Fresh(0-50),0,0,0,0,0,0
L,297.9,307.3,1502,36.7,12,0,0,0,0,0,0,0,9.4,5.7721,Fresh(0-50),0,0,0,0,0,0
L,297.9,307.4,1606,35.5,14,0,0,0,0,0,0,0,9.5,5.9699,Fresh(0-50),0,0,0,0,0,0
L,297.9,307.5,1561,37.7,16,0,0,0,0,0,0,0,9.6,6.1623,Fresh(0-50),0,0,0,0,0,0
M,297.9,307.4,1435,42.9,18,0,0,0,0,0,0,1,9.5,6.4462,Fresh(0-50),0,0,0,0,0,0
L,297.9,307.5,1602,38.3,21,0,0,0,0,0,0,0,9.6,6.4248,Fresh(0-50),0,0,0,0,0,0
M,298.1,307.6,1764,27.7,23,0,0,0,0,0,0,1,9.5,5.1165,Fresh(0-50),0,0,0,0,0,0
H,298.0,307.5,1683,27.8,26,0,0,0,0,0,0,2,9.5,4.8992,Fresh(0-50),0,0,0,0,0,0
L,298.0,307.5,1618,35.2,31,0,0,0,0,0,0,0,9.5,5.9637,Fresh(0-50),0,0,0,0,0,0
L,298.0,307.6,1509,41.6,33,0,0,0,0,0,0,0,9.6,6.5732,Fresh(0-50),0,0,0,0,0,0
L,297.9,307.6,1550,39.0,35,0,0,0,0,0,0,0,9.7,6.3298,Fresh(0-50),0,0,0,0,0,0
M,297.9,307.6,1519,44.0,37,0,0,0,0,0,0,1,9.7,6.9985,Fresh(0-50),0,0,0,0,0,0
L,297.9,307.6,1481,38.0,40,0,0,0,0,0,0,0,9.7,5.893,Fresh(0-50),0,0,0,0,0,0
L,298.1,307.7,1289,48.3,42,0,0,0,0,0,0,0,9.6,6.5192,Fresh(0-50),0,1,1,1,0,0
M,298.0,307.6,1844,23.8,44,0,0,0,0,0,0,1,9.6,4.5955,Fresh(0-50),0,0,0,0,0,0
L,298.0,307.7,1479,42.5,47,0,0,0,0,0,0,0,9.7,6.5819,Fresh(0-50),0,0,0,0,0,0
L,298.0,307.7,1430,47.3,49,0,0,0,0,0,0,0,9.7,7.0826,Fresh(0-50),0,1,0,0,0,0
M,298.1,307.8,1636,36.7,51,0,0,0,0,0,0,1,9.7,6.287,Low(51-100),0,0,0,0,0,0
M,298.1,307.8,1503,44.7,54,0,0,0,0,0,0,1,9.7,7.035,Low(51-100),0,0,0,0,0,0
M,298.1,307.8,1608,32.6,57,0,0,0,0,0,0,1,9.7,5.4891,Low(51-100),0,0,0,0,0,0
L,298.2,307.8,1521,42.9,60,0,0,0,0,0,0,0,9.6,6.8326,Low(51-100),0,0,0,0,0,0
L,298.2,307.8,1439,41.6,62,0,0,0,0,0,0,0,9.6,6.2683,Low(51-100),0,0,0,0,0,0
L,298.2,307.8,1627,31.5,64,0,0,0,0,0,0,0,9.6,5.3665,Low(51-100),0,0,0,0,0,0
L,298.2,307.8,1749,26.1,66,0,0,0,0,0,0,0,9.6,4.78,Low(51-100),0,0,0,0,0,0
L,298.2,307.8,1530,35.9,68,0,0,0,0,0,0,0,9.6,5.7515,Low(51-100),0,0,0,0,0,0
L,298.2,307.8,1355,51.3,70,0,0,0,0,0,0,0,9.6,7.2787,Low(51-100),0,1,1,1,0,0
L,298.3,307.9,1551,33.8,72,0,0,0,0,0,0,0,9.6,5.4894,Low(51-100),0,0,0,0,0,0
L,298.2,307.8,1515,46.7,74,0,0,0,0,0,0,0,9.6,7.4084,Low(51-100),0,0,0,0,0,0
L,298.2,307.8,1388,48.6,76,0,0,0,0,0,0,0,9.6,7.0635,Low(51-100),0,1,1,1,0,0
L,298.2,307.8,1585,34.6,78,0,0,0,0,0,0,0,9.6,5.7425,Low(51-100),0,0,0,0,0,0
L,298.1,307.7,1523,37.7,80,0,0,0,0,0,0,0,9.6,6.0123,Low(51-100),0,0,0,0,0,0
L,298.2,307.6,1369,54.5,82,0,0,0,0,0,0,0,9.4,7.8126,Low(51-100),0,1,1,1,0,0
M,298.2,307.7,1681,31.0,84,0,0,0,0,0,0,1,9.5,5.4566,Low(51-100),0,0,0,0,0,0
L,298.2,307.7,1503,38.3,87,0,0,0,0,0,0,0,9.5,6.0277,Low(51-100),0,0,0,0,0,0
L,298.2,307.7,1459,44.5,89,0,0,0,0,0,0,0,9.5,6.7985,Low(51-100),0,0,0,0,0,0
L,298.2,307.7,1688,32.4,91,0,0,0,0,0,0,0,9.5,5.7268,Low(51-100),0,0,0,0,0,0
M,298.2,307.7,1952,21.6,93,0,0,0,0,0,0,1,9.5,4.415,Low(51-100),0,0,0,0,0,0
L,298.2,307.8,2029,19.9,96,0,0,0,0,0,0,0,9.6,4.228,Low(51-100),0,0,0,0,0,0
M,298.3,307.8,1457,52.5,98,0,0,0,0,0,0,1,9.5,8.0097,Low(51-100),0,1,0,0,0,0
M,298.3,307.8,1392,50.4,101,0,0,0,0,0,0,1,9.5,7.3463,Medium(101-150),0,1,1,1,0,0
L,298.3,307.8,1906,22.1,104,0,0,0,0,0,0,0,9.5,4.4107,Medium(101-150),0,0,0,0,0,0
M,298.3,307.7,1602,33.4,106,0,0,0,0,0,0,1,9.4,5.6028,Medium(101-150),0,0,0,0,0,0
L,298.3,307.7,1465,49.4,109,0,0,0,0,0,0,0,9.4,7.5781,Medium(101-150),0,1,0,0,0,0
M,298.3,307.7,1439,43.8,111,0,0,0,0,0,0,1,9.4,6.5998,Medium(101-150),0,0,0,0,0,0
M,298.3,307.8,1330,55.4,114,0,0,0,0,0,0,1,9.5,7.7154,Medium(101-150),0,1,1,1,0,0
M,298.3,307.9,1485,42.0,117,0,0,0,0,0,0,1,9.6,6.5309,Medium(101-150),0,0,0,0,0,0
H,298.4,307.9,1700,28.2,120,0,0,0,0,0,0,2,9.5,5.0199,Medium(101-150),0,0,0,0,0,0
L,298.4,308.0,1515,42.8,125,0,0,0,0,0,0,0,9.6,6.7897,Medium(101-150),0,0,0,0,0,0
M,298.5,308.1,1501,39.2,127,0,0,0,0,0,0,1,9.6,6.1612,Medium(101-150),0,0,0,0,0,0
L,298.4,308.0,1380,47.6,130,0,0,0,0,0,0,0,9.6,6.8783,Medium(101-150),0,1,1,1,0,0
L,298.4,307.9,1544,35.9,132,0,0,0,0,0,0,0,9.5,5.8041,Medium(101-150),0,0,0,0,0,0
L,298.4,307.9,1743,27.3,134,0,0,0,0,0,0,0,9.5,4.9826,Medium(101-150),0,0,0,0,0,0
H,298.4,307.9,1948,21.4,136,0,0,0,0,0,0,2,9.5,4.3652,Medium(101-150),0,0,0,0,0,0
H,298.5,307.9,1260,54.2,141,0,0,0,0,0,0,2,9.4,7.151,Medium(101-150),0,1,1,1,0,0
M,298.5,307.9,1640,33.1,146,0,0,0,0,0,0,1,9.4,5.6842,Medium(101-150),0,0,0,0,0,0
M,298.5,308.0,1363,49.2,149,0,0,0,0,0,0,1,9.5,7.0219,Medium(101-150),0,1,1,1,0,0
L,298.5,308.0,1379,49.6,152,0,0,0,0,0,0,0,9.5,7.1621,High(151-200),0,1,1,1,0,0
M,298.5,308.0,1713,25.8,154,0,0,0,0,0,0,1,9.5,4.6278,High(151-200),0,0,0,0,0,0
M,298.5,308.0,1461,51.9,157,0,0,0,0,0,0,1,9.5,7.9399,High(151-200),0,1,0,0,0,0
L,298.5,308.0,1624,29.8,160,0,0,0,0,0,0,0,9.5,5.0676,High(151-200),0,0,0,0,0,0
L,298.4,308.0,1526,41.1,162,0,0,0,0,0,0,0,9.6,6.5674,High(151-200),0,0,0,0,0,0
L,298.4,307.9,2381,14.2,164,0,0,0,0,0,0,0,9.5,3.5403,High(151-200),0,0,0,0,0,0
H,298.4,307.7,1626,31.1,166,0,0,0,0,0,1,2,9.3,5.2951,High(151-200),0,0,0,0,0,1
L,298.3,307.7,1576,33.8,171,0,0,0,0,0,0,0,9.4,5.5779,High(151-200),0,0,0,0,0,0
M,298.4,307.8,1617,31.6,173,0,0,0,0,0,0,1,9.4,5.3505,High(151-200),0,0,0,0,0,0
L,298.3,307.6,1942,20.6,176,0,0,0,0,0,0,0,9.3,4.189,High(151-200),0,0,0,0,0,0
L,298.2,307.6,1492,37.2,178,0,0,0,0,0,0,0,9.4,5.8118,High(151-200),0,0,0,0,0,0
L,298.2,307.5,1470,51.3,180,0,0,0,0,0,0,0,9.3,7.8964,High(151-200),0,1,0,0,0,0
M,298.0,307.4,1463,46.5,182,0,0,0,0,0,0,1,9.4,7.1235,High(151-200),0,0,0,0,0,0
L,298.0,307.3,1424,46.5,185,0,0,0,0,0,0,0,9.3,6.9336,High(151-200),0,0,0,0,0,0
M,298.1,307.4,1363,60.1,187,0,0,0,0,0,0,1,9.3,8.5776,High(151-200),0,1,1,1,0,0
M,298.1,307.4,1335,56.2,190,0,0,0,0,0,0,1,9.3,7.8562,High(151-200),0,1,1,1,0,0
L,298.1,307.4,1608,33.9,193,0,0,0,0,0,0,0,9.3,5.708,High(151-200),0,0,0,0,0,0
H,298.0,307.4,1606,35.2,195,0,0,0,0,0,0,2,9.4,5.9195,High(151-200),0,0,0,0,0,0
L,298.1,307.5,1684,33.1,200,0,0,0,0,0,0,0,9.4,5.8367,High(151-200),0,0,0,0,0,0
L,298.1,307.6,1950,20.3,202,0,0,0,0,0,0,0,9.5,4.145,Critical(>200),1,0,0,0,0,0
H,298.2,307.6,1460,48.6,204,0,0,0,0,0,0,2,9.4,7.4299,Critical(>200),1,1,0,0,0,0
L,298.2,307.6,1511,31.0,209,1,1,0,0,0,0,0,9.4,4.9048,Critical(>200),1,0,0,0,0,1
H,298.2,307.6,1318,55.7,0,0,0,0,0,0,0,2,9.4,7.6872,Fresh(0-50),0,1,1,1,0,0
L,298.2,307.6,1368,51.8,5,0,0,0,0,0,0,0,9.4,7.4201,Fresh(0-50),0,1,1,1,0,0
M,298.3,307.7,1717,27.1,7,0,0,0,0,0,0,1,9.4,4.8723,Fresh(0-50),0,0,0,0,0,0
M,298.3,307.7,1520,41.4,10,0,0,0,0,0,0,1,9.4,6.5893,Fresh(0-50),0,0,0,0,0,0
M,298.3,307.8,1485,42.0,13,0,0,0,0,0,0,1,9.5,6.5309,Fresh(0-50),0,0,0,0,0,0
L,298.4,307.9,1981,23.2,16,0,0,0,0,0,0,0,9.5,4.8125,Fresh(0-50),0,0,0,0,0,0
H,298.4,307.9,1605,31.0,18,0,0,0,0,0,0,2,9.5,5.2099,Fresh(0-50),0,0,0,0,0,0
L,298.4,307.9,1446,45.3,23,0,0,0,0,0,0,0,9.5,6.859,Fresh(0-50),0,0,0,0,0,0
L,298.4,308.0,1508,47.9,25,0,0,0,0,0,0,0,9.6,7.5637,Fresh(0-50),0,1,0,0,0,0
L,298.5,308.0,1384,59.5,27,0,0,0,0,0,0,0,9.5,8.6228,Fresh(0-50),0,1,1,1,0,0
M,298.5,308.0,1519,37.3,29,0,0,0,0,0,0,1,9.5,5.9328,Fresh(0-50),0,0,0,0,0,0
L,298.5,308.0,1404,48.1,32,0,0,0,0,0,0,0,9.5,7.0715,Fresh(0-50),0,1,1,1,0,0
L,298.5,308.1,1564,31.1,34,0,0,0,0,0,0,0,9.6,5.0932,Fresh(0-50),0,0,0,0,0,0
H,298.6,308.2,1555,36.8,36,0,0,0,0,0,0,2,9.6,5.992,Fresh(0-50),0,0,0,0,0,0
L,298.6,308.2,1325,54.0,41,0,0,0,0,0,0,0,9.6,7.4921,Fresh(0-50),0,1,1,1,0,0
M,298.6,308.2,1488,44.0,43,0,0,0,0,0,0,1,9.6,6.8557,Fresh(0-50),0,0,0,0,0,0
L,298.5,308.2,1595,32.3,46,0,0,0,0,0,0,0,9.7,5.3946,Fresh(0-50),0,0,0,0,0,0
L,298.5,308.1,1662,28.6,48,0,0,0,0,0,0,0,9.6,4.9773,Fresh(0-50),0,0,0,0,0,0
L,298.4,308.0,1571,37.4,50,0,0,0,0,0,0,0,9.6,6.1524,Fresh(0-50),0,0,0,0,0,0
H,298.3,308.0,1553,41.0,52,0,0,0,0,0,0,2,9.7,6.6673,Low(51-100),0,0,0,0,0,0
L,298.3,308.0,2886,3.8,57,1,0,0,1,0,0,0,9.7,1.1484,Low(51-100),0,0,0,0,0,1
L,298.2,308.0,1538,38.2,59,0,0,0,0,0,0,0,9.8,6.152,Low(51-100),0,0,0,0,0,0
L,298.4,308.2,1618,33.0,61,0,0,0,0,0,0,0,9.8,5.591,Low(51-100),0,0,0,0,0,0
L,298.4,308.2,1364,45.9,63,0,0,0,0,0,0,0,9.8,6.5558,Low(51-100),0,0,1,0,0,0
L,298.3,308.0,1442,47.3,65,0,0,0,0,0,0,0,9.7,7.1421,Low(51-100),0,1,0,0,0,0
L,298.2,307.9,1313,67.3,67,1,0,0,1,0,0,0,9.7,9.2529,Low(51-100),0,1,1,1,0,1
L,298.2,307.9,1847,23.6,69,0,0,0,0,0,0,0,9.7,4.5643,Low(51-100),0,0,0,0,0,0
L,298.1,307.8,1524,40.8,71,0,0,0,0,0,0,0,9.7,6.5109,Low(51-100),0,0,0,0,0,0
M,298.1,307.7,1445,48.0,73,0,0,0,0,0,0,1,9.6,7.2628,Low(51-100),0,1,0,0,0,0
L,298.1,307.8,1761,28.2,76,0,0,0,0,0,0,0,9.7,5.2,Low(51-100),0,0,0,0,0,0
M,298.1,307.8,1514,43.5,78,0,0,0,0,0,0,1,9.7,6.8962,Low(51-100),0,0,0,0,0,0
M,298.1,307.7,1498,38.3,81,0,0,0,0,0,0,1,9.6,6.0077,Low(51-100),0,0,0,0,0,0
H,298.1,307.6,1542,37.1,84,0,0,0,0,0,0,2,9.5,5.9904,Low(51-100),0,0,0,0,0,0
M,298.0,307.6,1508,41.8,89,0,0,0,0,0,0,1,9.6,6.6005,Low(51-100),0,0,0,0,0,0
M,298.0,307.5,1431,52.9,92,0,0,0,0,0,0,1,9.5,7.9267,Low(51-100),0,1,0,0,0,0
M,298.0,307.5,1427,45.1,95,0,0,0,0,0,0,1,9.5,6.739,Low(51-100),0,0,0,0,0,0
M,298.0,307.5,1524,36.3,98,0,0,0,0,0,0,1,9.5,5.7928,Low(51-100),0,0,0,0,0,0
M,298.0,307.5,1427,43.6,101,0,0,0,0,0,0,1,9.5,6.5149,Medium(101-150),0,0,0,0,0,0
H,298.1,307.6,1496,44.1,104,0,0,0,0,0,0,2,9.5,6.9082,Medium(101-150),0,0,0,0,0,0
L,298.1,307.7,1388,40.3,109,0,0,0,0,0,0,0,9.6,5.8572,Medium(101-150),0,0,1,0,0,0
L,298.1,307.7,1495,48.1,111,0,0,0,0,0,0,0,9.6,7.5298,Medium(101-150),0,1,0,0,0,0
H,298.1,307.7,1376,56.2,113,0,0,0,0,0,0,2,9.6,8.0975,Medium(101-150),0,1,1,1,0,0
H,298.0,307.6,1593,32.2,118,0,0,0,0,0,0,2,9.6,5.3712,Medium(101-150),0,0,0,0,0,0
L,298.0,307.6,1654,28.9,123,0,0,0,0,0,0,0,9.6,5.0053,Medium(101-150),0,0,0,0,0,0
L,298.1,307.7,2567,12.8,125,1,0,0,1,0,0,0,9.6,3.4406,Medium(101-150),0,0,0,0,0,1
L,298.1,307.7,1767,27.0,127,0,0,0,0,0,0,0,9.6,4.9957,Medium(101-150),0,0,0,0,0,0
L,298.1,307.6,1364,53.8,129,0,0,0,0,0,0,0,9.5,7.6841,Medium(101-150),0,1,1,1,0,0
M,298.1,307.8,1569,31.2,131,0,0,0,0,0,0,1,9.7,5.1259,Medium(101-150),0,0,0,0,0,0
L,298.2,307.8,1476,36.8,134,0,0,0,0,0,0,0,9.6,5.6876,Medium(101-150),0,0,0,0,0,0
L,298.1,307.7,1479,45.0,136,0,0,0,0,0,0,0,9.6,6.9691,Medium(101-150),0,0,0,0,0,0
L,298.1,307.7,1650,34.1,138,0,0,0,0,0,0,0,9.6,5.8916,Medium(101-150),0,0,0,0,0,0
M,298.1,307.6,1565,36.3,140,0,0,0,0,0,0,1,9.5,5.9486,Medium(101-150),0,0,0,0,0,0
L,298.1,307.6,1460,46.5,143,0,0,0,0,0,0,0,9.5,7.1089,Medium(101-150),0,0,0,0,0,0
L,298.1,307.7,1664,27.6,145,0,0,0,0,0,0,0,9.6,4.809,Medium(101-150),0,0,0,0,0,0
M,298.1,307.7,1435,40.9,147,0,0,0,0,0,0,1,9.6,6.1457,Medium(101-150),0,0,0,0,0,0
M,298.1,307.6,2066,19.2,150,0,0,0,0,0,0,1,9.5,4.1536,Medium(101-150),0,0,0,0,0,0
L,298.1,307.5,1493,43.7,153,0,0,0,0,0,0,0,9.4,6.8318,High(151-200),0,0,0,0,0,0
L,298.1,307.6,1354,43.3,155,0,0,0,0,0,0,0,9.5,6.1391,High(151-200),0,0,1,0,0,0
L,298.1,307.6,1488,39.4,157,0,0,0,0,0,0,0,9.5,6.139,High(151-200),0,0,0,0,0,0
L,298.1,307.7,1414,48.7,159,0,0,0,0,0,0,0,9.6,7.2107,High(151-200),0,1,1,1,0,0
L,298.1,307.5,1391,57.4,161,0,0,0,0,0,0,0,9.4,8.3606,High(151-200),0,1,1,1,0,0
M,298.0,307.5,1784,27.8,163,0,0,0,0,0,0,1,9.5,5.1932,High(151-200),0,0,0,0,0,0
H,297.8,307.3,1516,40.1,166,0,0,0,0,0,0,2,9.5,6.3656,High(151-200),0,0,0,0,0,0
M,297.9,307.3,1420,47.8,171,0,0,0,0,0,0,1,9.4,7.1074,High(151-200),0,1,1,1,0,0
L,297.8,307.2,1351,56.3,174,0,0,0,0,0,0,0,9.4,7.9645,High(151-200),0,1,1,1,0,0
L,297.8,307.2,1880,23.0,176,0,0,0,0,0,0,0,9.4,4.5277,High(151-200),0,0,0,0,0,0
L,297.8,307.3,1859,24.0,178,0,0,0,0,0,0,0,9.5,4.6718,High(151-200),0,0,0,0,0,0
M,297.8,307.3,1315,54.0,180,0,0,0,0,0,0,1,9.5,7.4356,High(151-200),0,1,1,1,0,0
M,297.8,307.4,1330,51.7,183,0,0,0,0,0,0,1,9.6,7.2001,High(151-200),0,1,1,1,0,0
L,297.8,307.3,1327,61.0,186,1,0,0,0,1,0,0,9.5,8.4761,High(151-200),0,1,1,1,0,1
L,297.8,307.2,1498,38.1,188,0,0,0,0,0,0,0,9.4,5.9763,High(151-200),0,0,0,0,0,0
H,297.8,307.3,1555,35.8,190,0,0,0,0,0,0,2,9.5,5.8292,High(151-200),0,0,0,0,0,0
L,297.7,307.2,1518,35.8,195,0,0,0,0,0,0,0,9.5,5.6905,High(151-200),0,0,0,0,0,0
L,297.7,307.2,1392,43.0,197,0,0,0,0,0,0,0,9.5,6.2676,High(151-200),0,0,1,0,0,0
M,297.8,307.2,1456,39.6,199,0,0,0,0,0,0,1,9.4,6.0374,High(151-200),0,0,0,0,0,0
L,297.7,307.1,1715,30.2,0,0,0,0,0,0,0,0,9.4,5.4234,Fresh(0-50),0,0,0,0,0,0
M,297.7,307.2,1405,43.7,2,0,0,0,0,0,0,1,9.5,6.4292,Fresh(0-50),0,0,1,0,0,0
L,297.7,307.2,1668,37.8,5,0,0,0,0,0,0,0,9.5,6.6021,Fresh(0-50),0,0,0,0,0,0
H,297.7,307.1,1855,22.5,7,0,0,0,0,0,0,2,9.4,4.3704,Fresh(0-50),0,0,0,0,0,0
L,297.6,307.1,1496,39.2,12,0,0,0,0,0,0,0,9.5,6.1406,Fresh(0-50),0,0,0,0,0,0
M,297.6,307.1,1471,44.9,14,0,0,0,0,0,0,1,9.5,6.916,Fresh(0-50),0,0,0,0,0,0
L,297.7,307.2,1444,40.0,17,0,0,0,0,0,0,0,9.5,6.0482,Fresh(0-50),0,0,0,0,0,0
H,297.7,307.3,1514,38.6,19,0,0,0,0,0,0,2,9.6,6.1194,Fresh(0-50),0,0,0,0,0,0
L,297.8,307.3,1412,50.7,24,0,0,0,0,0,0,0,9.5,7.4962,Fresh(0-50),0,1,1,1,0,0
H,297.7,307.2,1429,44.1,26,0,0,0,0,0,0,2,9.5,6.5988,Fresh(0-50),0,0,0,0,0,0
L,297.7,307.2,1668,32.7,31,0,0,0,0,0,0,0,9.5,5.7114,Fresh(0-50),0,0,0,0,0,0
M,297.7,307.2,1372,52.8,33,0,0,0,0,0,0,1,9.5,7.5855,Fresh(0-50),0,1,1,1,0,0
M,297.7,307.3,1365,49.2,36,0,0,0,0,0,0,1,9.6,7.0323,Fresh(0-50),0,1,1,1,0,0
M,297.6,307.1,1526,39.1,39,0,0,0,0,0,0,1,9.5,6.2478,Fresh(0-50),0,0,0,0,0,0
L,297.6,307.2,1486,40.6,42,0,0,0,0,0,0,0,9.6,6.3174,Fresh(0-50),0,0,0,0,0,0
M,297.6,307.2,1470,42.6,44,0,0,0,0,0,0,1,9.6,6.5573,Fresh(0-50),0,0,0,0,0,0
H,297.7,307.3,1249,62.8,47,0,0,0,0,0,0,2,9.6,8.2133,Fresh(0-50),0,1,1,1,0,0
M,297.8,307.4,1752,26.1,52,0,0,0,0,0,0,1,9.6,4.7882,Low(51-100),0,0,0,0,0,0
L,297.7,307.4,1643,36.5,55,0,0,0,0,0,0,0,9.7,6.2795,Low(51-100),0,0,0,0,0,0
M,297.8,307.4,1488,36.1,57,0,0,0,0,0,0,1,9.6,5.6248,Low(51-100),0,0,0,0,0,0
L,297.8,307.4,1355,45.8,60,0,0,0,0,0,0,0,9.6,6.4983,Low(51-100),0,0,1,0,0,0
L,297.8,307.6,1607,30.3,62,0,0,0,0,0,0,0,9.8,5.0986,Low(51-100),0,0,0,0,0,0
M,297.9,307.6,1609,30.3,64,0,0,0,0,0,0,1,9.7,5.105,Low(51-100),0,0,0,0,0,0
L,297.9,307.7,1517,44.4,67,0,0,0,0,0,0,0,9.8,7.0529,Low(51-100),0,0,0,0,0,0
M,297.9,307.7,1517,39.5,69,0,0,0,0,0,0,1,9.8,6.2745,Low(51-100),0,0,0,0,0,0
L,297.9,307.7,1546,37.6,72,0,0,0,0,0,0,0,9.8,6.0869,Low(51-100),0,0,0,0,0,0
L,297.9,307.7,1567,34.7,74,0,0,0,0,0,0,0,9.8,5.6937,Low(51-100),0,0,0,0,0,0
M,298.1,307.9,1662,28.9,76,0,0,0,0,0,0,1,9.8,5.0295,Low(51-100),0,0,0,0,0,0
L,298.1,307.9,1502,41.8,79,0,0,0,0,0,0,0,9.8,6.5742,Low(51-100),0,0,0,0,0,0
L,298.3,308.0,1361,56.9,81,0,0,0,0,0,0,0,9.7,8.109,Low(51-100),0,1,1,1,0,0
M,298.3,308.1,1630,32.7,83,0,0,0,0,0,0,1,9.8,5.5813,Low(51-100),0,0,0,0,0,0
L,298.3,308.0,1486,42.3,86,0,0,0,0,0,0,0,9.7,6.582,Low(51-100),0,0,0,0,0,0
L,298.3,308.1,1840,21.5,88,0,0,0,0,0,0,0,9.8,4.1424,Low(51-100),0,0,0,0,0,0
L,298.3,308.1,1326,58.4,90,0,0,0,0,0,0,0,9.8,8.1087,Low(51-100),0,1,1,1,0,0
L,298.4,308.1,1367,57.8,92,0,0,0,0,0,0,0,9.7,8.2736,Low(51-100),0,1,1,1,0,0
L,298.4,308.1,1598,32.7,94,0,0,0,0,0,0,0,9.7,5.4717,Low(51-100),0,0,0,0,0,0
L,298.3,308.0,1363,50.1,96,0,0,0,0,0,0,0,9.7,7.1504,Low(51-100),0,1,1,1,0,0
L,298.3,308.0,1242,62.0,98,0,0,0,0,0,0,0,9.7,8.0632,Low(51-100),0,1,1,1,0,0
M,298.2,307.8,1566,33.8,100,0,0,0,0,0,0,1,9.6,5.5425,Low(51-100),0,0,0,0,0,0
M,298.1,307.7,1424,47.7,103,0,0,0,0,0,0,1,9.6,7.1125,Medium(101-150),0,1,0,0,0,0
M,298.2,307.7,1608,33.8,106,0,0,0,0,0,0,1,9.5,5.6911,Medium(101-150),0,0,0,0,0,0
L,298.1,307.7,1705,29.1,109,0,0,0,0,0,0,0,9.6,5.1953,Medium(101-150),0,0,0,0,0,0
L,298.0,307.6,1548,45.8,111,0,0,0,0,0,0,0,9.6,7.4239,Medium(101-150),0,0,0,0,0,0
M,298.0,307.6,1581,43.4,113,0,0,0,0,0,0,1,9.6,7.1849,Medium(101-150),0,0,0,0,0,0
M,298.0,307.6,1472,46.7,116,0,0,0,0,0,0,1,9.6,7.1982,Medium(101-150),0,0,0,0,0,0
M,298.0,307.6,1792,26.0,119,0,0,0,0,0,0,1,9.6,4.8787,Medium(101-150),0,0,0,0,0,0
L,298.0,307.6,1683,32.8,122,0,0,0,0,0,0,0,9.6,5.7804,Medium(101-150),0,0,0,0,0,0
L,297.9,307.6,1503,40.7,124,0,0,0,0,0,0,0,9.7,6.4055,Medium(101-150),0,0,0,0,0,0
M,297.9,307.5,1642,32.4,126,0,0,0,0,0,0,1,9.6,5.5708,Medium(101-150),0,0,0,0,0,0
M,297.8,307.4,1902,24.3,129,0,0,0,0,0,0,1,9.6,4.8396,Medium(101-150),0,0,0,0,0,0
H,297.7,307.4,1432,40.2,132,0,0,0,0,0,0,2,9.7,6.0279,Medium(101-150),0,0,0,0,0,0
L,297.8,307.4,1512,40.8,137,0,0,0,0,0,0,0,9.6,6.4596,Medium(101-150),0,0,0,0,0,0
L,297.7,307.4,1764,29.0,139,0,0,0,0,0,0,0,9.7,5.3566,Medium(101-150),0,0,0,0,0,0
M,297.8,307.4,1438,43.6,141,0,0,0,0,0,0,1,9.6,6.5651,Medium(101-150),0,0,0,0,0,0
L,297.8,307.5,1631,29.9,144,0,0,0,0,0,0,0,9.7,5.1065,Medium(101-150),0,0,0,0,0,0
H,297.9,307.5,1880,23.3,146,0,0,0,0,0,0,2,9.6,4.5868,Medium(101-150),0,0,0,0,0,0
L,297.9,307.6,1344,54.3,151,0,0,0,0,0,0,0,9.7,7.6418,High(151-200),0,1,1,1,0,0
L,297.9,307.5,1574,35.8,153,0,0,0,0,0,0,0,9.6,5.9004,High(151-200),0,0,0,0,0,0
L,297.8,307.4,1418,41.2,155,0,0,0,0,0,0,0,9.6,6.1174,High(151-200),0,0,1,0,0,0
L,297.8,307.5,1372,54.1,157,0,0,0,0,0,0,0,9.7,7.7723,High(151-200),0,1,1,1,0,0
L,297.8,307.5,1388,40.0,159,0,0,0,0,0,0,0,9.7,5.8136,High(151-200),0,0,1,0,0,0
H,297.9,307.6,1493,36.0,161,0,0,0,0,0,0,2,9.7,5.6281,High(151-200),0,0,0,0,0,0
M,297.9,307.6,1505,40.1,166,0,0,0,0,0,0,1,9.7,6.3194,High(151-200),0,0,0,0,0,0
L,298.0,307.6,1694,29.1,169,0,0,0,0,0,0,0,9.6,5.1618,High(151-200),0,0,0,0,0,0
L,297.9,307.6,1968,20.4,171,0,0,0,0,0,0,0,9.7,4.2039,High(151-200),0,0,0,0,0,0
M,298.0,307.6,1569,35.6,173,0,0,0,0,0,0,1,9.6,5.8488,High(151-200),0,0,0,0,0,0
L,297.9,307.6,1687,29.1,176,0,0,0,0,0,0,0,9.7,5.1405,High(151-200),0,0,0,0,0,0
L,297.9,307.6,1430,52.4,178,0,0,0,0,0,0,0,9.7,7.8463,High(151-200),0,1,0,0,0,0
L,297.9,307.6,1504,42.4,180,0,0,0,0,0,0,0,9.7,6.6774,High(151-200),0,0,0,0,0,0
L,297.9,307.6,1977,20.2,182,0,0,0,0,0,0,0,9.7,4.1817,High(151-200),0,0,0,0,0,0
L,298.0,307.7,1435,45.6,184,0,0,0,0,0,0,0,9.7,6.8519,High(151-200),0,0,0,0,0,0
H,298.0,307.7,1547,36.8,186,0,0,0,0,0,0,2,9.7,5.9612,High(151-200),0,0,0,0,0,0
M,298.1,307.8,1316,57.2,191,0,0,0,0,0,0,1,9.7,7.8822,High(151-200),0,1,1,1,0,0
M,298.0,307.7,1621,34.9,194,0,0,0,0,0,0,1,9.7,5.9239,High(151-200),0,0,0,0,0,0
M,298.0,307.8,1492,40.2,197,0,0,0,0,0,0,1,9.8,6.2805,High(151-200),0,0,0,0,0,0
L,298.0,307.7,1643,32.3,200,0,0,0,0,0,0,0,9.7,5.557,High(151-200),0,0,0,0,0,0
L,298.0,307.7,1492,38.7,202,0,0,0,0,0,0,0,9.7,6.0461,Critical(>200),1,0,0,0,0,0
L,298.0,307.7,1387,50.8,204,0,0,0,0,0,0,0,9.7,7.378,Critical(>200),1,1,1,1,0,0
M,298.1,307.9,1463,47.3,206,0,0,0,0,0,0,1,9.8,7.2461,Critical(>200),1,1,0,0,0,0
M,298.1,307.9,1496,40.0,0,0,0,0,0,0,0,1,9.8,6.266,Fresh(0-50),0,0,0,0,0,0
L,298.2,308.0,1658,30.0,3,0,0,0,0,0,0,0,9.8,5.2084,Fresh(0-50),0,0,0,0,0,0
L,298.1,307.9,2161,17.5,5,0,0,0,0,0,0,0,9.8,3.9599,Fresh(0-50),0,0,0,0,0,0
L,298.1,307.9,1665,32.0,7,0,0,0,0,0,0,0,9.8,5.5791,Fresh(0-50),0,0,0,0,0,0
L,298.0,307.8,1716,26.6,9,0,0,0,0,0,0,0,9.8,4.7796,Fresh(0-50),0,0,0,0,0,0
L,298.0,307.7,1529,34.1,11,0,0,0,0,0,0,0,9.7,5.4596,Fresh(0-50),0,0,0,0,0,0
L,297.9,307.7,1353,50.7,13,0,0,0,0,0,0,0,9.8,7.1829,Fresh(0-50),0,1,1,1,0,0
L,297.9,307.7,1537,37.7,15,0,0,0,0,0,0,0,9.8,6.0675,Fresh(0-50),0,0,0,0,0,0
L,298.0,307.7,1606,30.8,17,0,0,0,0,0,0,0,9.7,5.1796,Fresh(0-50),0,0,0,0,0,0
H,298.0,307.8,1314,47.8,19,0,0,0,0,0,0,2,9.8,6.5769,Fresh(0-50),0,1,1,1,0,0
L,298.0,307.8,1623,29.9,24,0,0,0,0,0,0,0,9.8,5.0814,Fresh(0-50),0,0,0,0,0,0
M,298.0,307.8,1483,50.9,26,0,0,0,0,0,0,1,9.8,7.9042,Fresh(0-50),0,1,0,0,0,0
M,298.1,307.9,1569,37.0,29,0,0,0,0,0,0,1,9.8,6.0788,Fresh(0-50),0,0,0,0,0,0
M,298.2,308.0,1969,21.7,32,0,0,0,0,0,0,1,9.8,4.4741,Fresh(0-50),0,0,0,0,0,0
M,298.1,308.0,1686,29.3,35,0,0,0,0,0,0,1,9.9,5.1728,Fresh(0-50),0,0,0,0,0,0
L,298.1,308.0,1638,35.1,38,0,0,0,0,0,0,0,9.9,6.0203,Fresh(0-50),0,0,0,0,0,0
L,298.1,307.9,1698,33.3,40,0,0,0,0,0,0,0,9.8,5.9208,Fresh(0-50),0,0,0,0,0,0
M,298.1,307.9,1377,55.1,42,0,0,0,0,0,0,1,9.8,7.9448,Fresh(0-50),0,1,1,1,0,0
M,298.1,308.0,2129,18.4,45,0,0,0,0,0,0,1,9.9,4.1019,Fresh(0-50),0,0,0,0,0,0
L,298.2,308.0,1411,42.4,48,0,0,0,0,0,0,0,9.8,6.2645,Fresh(0-50),0,0,1,0,0,0
L,298.1,307.9,1517,40.8,50,0,0,0,0,0,0,0,9.8,6.481,Fresh(0-50),0,0,0,0,0,0
M,298.1,307.9,1303,53.9,52,0,0,0,0,0,0,1,9.8,7.3541,Low(51-100),0,1,1,1,0,0
L,298.1,307.9,1578,35.6,55,0,0,0,0,0,0,0,9.8,5.8824,Low(51-100),0,0,0,0,0,0
L,298.1,307.9,1425,58.2,57,0,0,0,0,0,0,0,9.8,8.6843,Low(51-100),0,1,0,0,0,0
L,298.1,308.0,1456,42.4,59,0,0,0,0,0,0,0,9.9,6.4643,Low(51-100),0,0,0,0,0,0
L,298.1,308.0,1704,30.9,61,0,0,0,0,0,0,0,9.9,5.5135,Low(51-100),0,0,0,0,0,0
L,298.1,308.1,1791,27.3,63,0,0,0,0,0,0,0,10.0,5.1198,Low(51-100),0,0,0,0,0,0
L,298.1,308.1,1616,32.8,65,0,0,0,0,0,0,0,10.0,5.5502,Low(51-100),0,0,0,0,0,0
L,298.2,308.1,1622,34.9,67,0,0,0,0,0,0,0,9.9,5.9275,Low(51-100),0,0,0,0,0,0
L,298.2,308.1,1462,49.9,69,0,0,0,0,0,0,0,9.9,7.6391,Low(51-100),0,1,0,0,0,0
L,298.1,308.1,1410,45.8,71,0,0,0,0,0,0,0,10.0,6.7621,Low(51-100),0,0,1,0,0,0
M,298.1,308.0,1543,41.9,73,0,0,0,0,0,0,1,9.9,6.7698,Low(51-100),0,0,0,0,0,0
M,298.0,307.9,1479,47.6,76,0,0,0,0,0,0,1,9.9,7.3718,Low(51-100),0,1,0,0,0,0
L,298.0,307.8,1839,22.7,79,0,0,0,0,0,0,0,9.8,4.3712,Low(51-100),0,0,0,0,0,0
L,298.0,307.8,1266,60.5,81,0,0,0,0,0,0,0,9.8,8.0202,Low(51-100),0,1,1,1,0,0
L,297.9,307.7,1593,34.9,83,0,0,0,0,0,0,0,9.8,5.8215,Low(51-100),0,0,0,0,0,0
L,297.9,307.8,1459,46.9,85,0,0,0,0,0,0,0,9.9,7.1651,Low(51-100),0,1,0,0,0,0
L,297.9,307.7,1308,55.2,87,0,0,0,0,0,0,0,9.8,7.5604,Low(51-100),0,1,1,1,0,0
M,297.9,307.7,1364,46.8,89,0,0,0,0,0,0,1,9.8,6.6843,Low(51-100),0,0,1,0,0,0
H,297.9,307.7,1618,35.9,92,0,0,0,0,0,0,2,9.8,6.0823,Low(51-100),0,0,0,0,0,0
H,297.9,307.7,1464,43.2,97,0,0,0,0,0,0,2,9.8,6.6225,Low(51-100),0,0,0,0,0,0
M,297.8,307.6,1352,49.4,102,0,0,0,0,0,0,1,9.8,6.9936,Medium(101-150),0,1,1,1,0,0
L,297.8,307.6,1446,51.4,105,0,0,0,0,0,0,0,9.8,7.7827,Medium(101-150),0,1,0,0,0,0
L,297.8,307.5,1448,51.2,107,0,0,0,0,0,0,0,9.7,7.7631,Medium(101-150),0,1,0,0,0,0
L,297.8,307.5,1391,48.6,109,0,0,0,0,0,0,0,9.7,7.0788,Medium(101-150),0,1,1,1,0,0
L,297.7,307.5,1379,43.3,111,0,0,0,0,0,0,0,9.8,6.2524,Medium(101-150),0,0,1,0,0,0
M,297.8,307.5,1405,46.9,113,0,0,0,0,0,0,1,9.7,6.8999,Medium(101-150),0,1,1,1,0,0
L,297.8,307.5,1581,33.1,116,0,0,0,0,0,0,0,9.7,5.4797,Medium(101-150),0,0,0,0,0,0
L,297.9,307.6,1515,40.5,118,0,0,0,0,0,0,0,9.7,6.4249,Medium(101-150),0,0,0,0,0,0
L,297.9,307.6,1589,37.8,120,0,0,0,0,0,0,0,9.7,6.2894,Medium(101-150),0,0,0,0,0,0
L,298.0,307.6,1281,50.8,122,0,0,0,0,0,0,0,9.6,6.8141,Medium(101-150),0,1,1,1,0,0
H,297.8,307.5,1631,31.3,124,0,0,0,0,0,0,2,9.7,5.3456,Medium(101-150),0,0,0,0,0,0
M,297.9,307.6,1202,67.0,129,0,0,0,0,0,0,1,9.7,8.4329,Medium(101-150),0,1,1,1,0,0
L,297.9,307.6,1298,52.7,132,0,0,0,0,0,0,0,9.7,7.1628,Medium(101-150),0,1,1,1,0,0
L,297.9,307.6,1612,30.7,134,0,0,0,0,0,0,0,9.7,5.182,Medium(101-150),0,0,0,0,0,0
L,297.9,307.6,1747,25.3,136,0,0,0,0,0,0,0,9.7,4.6282,Medium(101-150),0,0,0,0,0,0
L,298.0,307.6,1450,48.7,138,0,0,0,0,0,0,0,9.6,7.3942,Medium(101-150),0,1,0,0,0,0
L,298.0,307.7,1422,45.6,140,0,0,0,0,0,0,0,9.7,6.7899,Medium(101-150),0,0,1,0,0,0
M,298.1,307.7,1419,47.4,142,0,0,0,0,0,0,1,9.6,7.043,Medium(101-150),0,1,1,1,0,0
M,298.1,307.7,1633,30.7,145,0,0,0,0,0,0,1,9.6,5.2495,Medium(101-150),0,0,0,0,0,0
L,298.0,307.7,1442,43.6,148,0,0,0,0,0,0,0,9.7,6.5834,Medium(101-150),0,0,0,0,0,0
H,298.0,307.6,1420,45.8,150,0,0,0,0,0,0,2,9.6,6.8101,Medium(101-150),0,0,1,0,0,0
M,298.0,307.6,1301,58.5,155,0,0,0,0,0,0,1,9.6,7.9695,High(151-200),0,1,1,1,0,0
L,298.0,307.6,1385,45.0,158,0,0,0,0,0,0,0,9.6,6.5262,High(151-200),0,0,1,0,0,0
M,298.0,307.7,1487,41.3,160,0,0,0,0,0,0,1,9.7,6.4307,High(151-200),0,0,0,0,0,0
M,298.0,307.6,1459,44.4,163,0,0,0,0,0,0,1,9.6,6.7832,High(151-200),0,0,0,0,0,0
M,298.0,307.5,1387,45.5,166,0,0,0,0,0,0,1,9.5,6.6082,High(151-200),0,0,1,0,0,0
L,298.1,307.7,1537,40.8,169,0,0,0,0,0,0,0,9.6,6.5665,High(151-200),0,0,0,0,0,0
L,298.1,307.6,1498,42.9,171,0,0,0,0,0,0,0,9.5,6.7292,High(151-200),0,0,0,0,0,0
M,298.2,307.8,1599,31.2,173,0,0,0,0,0,0,1,9.6,5.224,High(151-200),0,0,0,0,0,0
H,298.3,307.9,1420,39.2,176,0,0,0,0,0,0,2,9.6,5.8287,High(151-200),0,0,1,0,0,0
L,298.2,307.9,1785,23.4,181,0,0,0,0,0,0,0,9.7,4.3737,High(151-200),0,0,0,0,0,0
L,298.2,307.8,1423,48.1,183,0,0,0,0,0,0,0,9.6,7.1672,High(151-200),0,1,0,0,0,0
M,298.2,307.8,1583,36.6,185,0,0,0,0,0,0,1,9.6,6.0668,High(151-200),0,0,0,0,0,0
L,298.2,307.8,1375,46.6,188,0,0,0,0,0,0,0,9.6,6.7094,High(151-200),0,0,1,0,0,0
M,298.3,308.0,1463,42.5,190,0,0,0,0,0,0,1,9.7,6.5107,High(151-200),0,0,0,0,0,0
M,298.2,307.9,1403,45.1,193,0,0,0,0,0,0,1,9.7,6.6257,High(151-200),0,0,1,0,0,0
L,298.3,308.0,1451,47.1,196,0,0,0,0,0,0,0,9.7,7.1562,High(151-200),0,1,0,0,0,0
M,298.4,308.0,1416,38.2,198,1,1,0,0,0,0,1,9.6,5.664,High(151-200),0,0,1,0,0,1
L,298.3,308.1,1672,41.3,0,0,0,0,0,0,0,0,9.8,7.2307,Fresh(0-50),0,0,0,0,0,0
H,298.3,308.0,1637,30.8,2,0,0,0,0,0,0,2,9.7,5.2795,Fresh(0-50),0,0,0,0,0,0
L,298.4,308.0,1540,37.8,7,0,0,0,0,0,0,0,9.6,6.0955,Fresh(0-50),0,0,0,0,0,0
L,298.4,308.1,1279,53.1,9,0,0,0,0,0,0,0,9.7,7.1115,Fresh(0-50),0,1,1,1,0,0
L,298.4,308.2,1604,34.9,11,0,0,0,0,0,0,0,9.8,5.8617,Fresh(0-50),0,0,0,0,0,0
L,298.5,308.2,1654,27.1,13,0,0,0,0,0,0,0,9.7,4.6935,Fresh(0-50),0,0,0,0,0,0
M,298.5,308.2,1564,37.5,15,0,0,0,0,0,0,1,9.7,6.1414,Fresh(0-50),0,0,0,0,0,0
L,298.5,308.2,1451,47.5,18,0,0,0,0,0,0,0,9.7,7.217,Fresh(0-50),0,1,0,0,0,0
L,298.5,308.3,1504,38.0,20,0,0,0,0,0,0,0,9.8,5.9845,Fresh(0-50),0,0,0,0,0,0
M,298.5,308.3,1381,50.5,22,0,0,0,0,0,0,1,9.8,7.3027,Fresh(0-50),0,1,1,1,0,0
L,298.6,308.4,1562,34.4,25,0,0,0,0,0,0,0,9.8,5.6265,Fresh(0-50),0,0,0,0,0,0
L,298.5,308.3,1811,24.7,27,0,0,0,0,0,0,0,9.8,4.6839,Fresh(0-50),0,0,0,0,0,0
M,298.6,308.3,1717,28.7,29,0,0,0,0,0,0,1,9.7,5.16,Fresh(0-50),0,0,0,0,0,0
L,298.6,308.3,1278,60.5,32,0,0,0,0,0,0,0,9.7,8.0962,Fresh(0-50),0,1,1,1,0,0
L,298.7,308.5,1616,30.2,34,0,0,0,0,0,0,0,9.8,5.1103,Fresh(0-50),0,0,0,0,0,0
L,298.6,308.4,1397,46.4,36,0,0,0,0,0,0,0,9.8,6.7875,Fresh(0-50),0,0,1,0,0,0
L,298.6,308.4,1485,42.9,38,0,0,0,0,0,0,0,9.8,6.6708,Fresh(0-50),0,0,0,0,0,0
L,298.6,308.4,1310,59.7,40,0,0,0,0,0,0,0,9.8,8.1892,Fresh(0-50),0,1,1,1,0,0
L,298.5,308.2,1301,66.3,42,1,0,0,1,0,0,0,9.7,9.0321,Fresh(0-50),0,1,1,1,0,1
L,298.5,308.3,1458,44.0,44,0,0,0,0,0,0,0,9.8,6.7175,Fresh(0-50),0,0,0,0,0,0
L,298.7,308.5,1483,42.5,46,0,0,0,0,0,0,0,9.8,6.5997,Fresh(0-50),0,0,0,0,0,0
L,298.7,308.5,1375,46.4,48,0,0,0,0,0,0,0,9.8,6.6806,Fresh(0-50),0,0,1,0,0,0
M,298.7,308.5,1660,27.0,50,0,0,0,0,0,0,1,9.8,4.6932,Fresh(0-50),0,0,0,0,0,0
H,298.7,308.4,1560,33.3,53,0,0,0,0,0,0,2,9.7,5.4396,Low(51-100),0,0,0,0,0,0
L,298.7,308.5,1480,42.2,58,0,0,0,0,0,0,0,9.8,6.5399,Low(51-100),0,0,0,0,0,0
L,298.7,308.4,1373,46.9,60,0,0,0,0,0,0,0,9.7,6.7428,Low(51-100),0,1,1,1,0,0
L,298.7,308.5,1444,54.2,62,0,0,0,0,0,0,0,9.8,8.1953,Low(51-100),0,1,0,0,0,0
M,298.7,308.6,1722,24.7,64,0,0,0,0,0,0,1,9.9,4.4538,Low(51-100),0,0,0,0,0,0
L,298.7,308.5,1469,39.9,67,0,0,0,0,0,0,0,9.8,6.1375,Low(51-100),0,0,0,0,0,0
M,298.7,308.5,1360,52.9,69,0,0,0,0,0,0,1,9.8,7.5334,Low(51-100),0,1,1,1,0,0
L,298.7,308.4,1750,25.8,72,0,0,0,0,0,0,0,9.7,4.7277,Low(51-100),0,0,0,0,0,0
M,298.7,308.3,1349,46.6,74,0,0,0,0,0,0,1,9.6,6.5826,Low(51-100),0,0,1,0,0,0
L,298.7,308.5,1668,35.2,77,0,0,0,0,0,0,0,9.8,6.148,Low(51-100),0,0,0,0,0,0
L,298.9,308.6,1400,49.5,79,0,0,0,0,0,0,0,9.7,7.2565,Low(51-100),0,1,1,1,0,0
L,298.8,308.6,1331,62.8,81,0,0,0,0,0,0,0,9.8,8.7525,Low(51-100),0,1,1,1,0,0
L,298.8,308.5,1444,42.2,83,0,0,0,0,0,0,0,9.7,6.3808,Low(51-100),0,0,0,0,0,0
H,298.8,308.5,1359,47.6,85,0,0,0,0,0,0,2,9.7,6.7737,Low(51-100),0,1,1,1,0,0
M,298.8,308.5,1425,47.4,90,0,0,0,0,0,0,1,9.7,7.0728,Low(51-100),0,1,0,0,0,0
M,298.9,308.6,1469,34.2,93,0,0,0,0,0,0,1,9.7,5.2607,Low(51-100),0,0,0,0,0,0
L,299.0,308.7,1892,22.8,96,0,0,0,0,0,0,0,9.7,4.517,Low(51-100),0,0,0,0,0,0
H,299.0,308.7,1940,19.9,98,0,0,0,0,0,0,2,9.7,4.0425,Low(51-100),0,0,0,0,0,0
L,299.0,308.8,1405,55.2,103,0,0,0,0,0,0,0,9.8,8.121,Medium(101-150),0,1,1,1,0,0
M,299.0,308.9,1449,39.6,105,0,0,0,0,0,0,1,9.9,6.0084,Medium(101-150),0,0,0,0,0,0
L,299.1,308.9,1686,29.6,108,0,0,0,0,0,0,0,9.8,5.2257,Medium(101-150),0,0,0,0,0,0
L,299.1,308.9,1680,27.2,110,0,0,0,0,0,0,0,9.8,4.7849,Medium(101-150),0,0,0,0,0,0
M,299.1,308.9,1397,52.4,112,0,0,0,0,0,0,1,9.8,7.6652,Medium(101-150),0,1,1,1,0,0
M,299.2,309.0,1597,30.3,115,0,0,0,0,0,0,1,9.8,5.0669,Medium(101-150),0,0,0,0,0,0
L,299.3,309.1,1470,41.1,118,0,0,0,0,0,0,0,9.8,6.3264,Medium(101-150),0,0,0,0,0,0
M,299.3,309.1,1703,31.3,120,0,0,0,0,0,0,1,9.8,5.5816,Medium(101-150),0,0,0,0,0,0
L,299.3,309.1,1388,45.5,123,0,0,0,0,0,0,0,9.8,6.613,Medium(101-150),0,0,1,0,0,0
L,299.3,309.2,1775,24.2,125,0,0,0,0,0,0,0,9.9,4.4979,Medium(101-150),0,0,0,0,0,0
L,299.3,309.2,1465,41.5,127,0,0,0,0,0,0,0,9.9,6.3662,Medium(101-150),0,0,0,0,0,0
M,299.3,309.2,1586,37.9,129,0,0,0,0,0,0,1,9.9,6.2942,Medium(101-150),0,0,0,0,0,0
M,299.5,309.3,1675,29.2,132,0,0,0,0,0,0,1,9.8,5.1215,Medium(101-150),0,0,0,0,0,0
M,299.4,309.2,1470,44.4,135,0,0,0,0,0,0,1,9.8,6.8343,Medium(101-150),0,0,0,0,0,0
L,299.5,309.3,1477,40.4,138,0,0,0,0,0,0,0,9.8,6.2483,Medium(101-150),0,0,0,0,0,0
L,299.5,309.3,1382,61.0,140,0,0,0,0,0,0,0,9.8,8.8274,Medium(101-150),0,1,1,1,0,0
M,299.6,309.4,1605,29.8,142,0,0,0,0,0,0,1,9.8,5.0083,Medium(101-150),0,0,0,0,0,0
L,299.6,309.4,1643,32.9,145,0,0,0,0,0,0,0,9.8,5.6602,Medium(101-150),0,0,0,0,0,0
L,299.5,309.3,1333,54.1,147,0,0,0,0,0,0,0,9.8,7.5513,Medium(101-150),0,1,1,1,0,0
L,299.5,309.3,1520,42.3,149,0,0,0,0,0,0,0,9.8,6.7326,Medium(101-150),0,0,0,0,0,0
M,299.5,309.3,1902,24.0,151,0,0,0,0,0,0,1,9.8,4.7799,High(151-200),0,0,0,0,0,0
H,299.5,309.4,1386,44.4,154,0,0,0,0,0,0,2,9.9,6.4438,High(151-200),0,0,1,0,0,0
L,299.6,309.5,1803,27.7,159,0,0,0,0,0,0,0,9.9,5.2296,High(151-200),0,0,0,0,0,0
L,299.7,309.6,1359,50.7,161,0,0,0,0,0,0,0,9.9,7.2148,High(151-200),0,1,1,1,0,0
M,299.7,309.6,1477,42.7,163,0,0,0,0,0,0,1,9.9,6.604,High(151-200),0,0,0,0,0,0
L,299.7,309.6,1321,53.4,166,0,0,0,0,0,0,0,9.9,7.3865,High(151-200),0,1,1,1,0,0
L,299.6,309.5,1453,41.4,168,0,0,0,0,0,0,0,9.9,6.2989,High(151-200),0,0,0,0,0,0
L,299.7,309.6,1419,45.1,170,0,0,0,0,0,0,0,9.9,6.7012,High(151-200),0,0,1,0,0,0
L,299.7,309.6,1512,36.2,172,0,0,0,0,0,0,0,9.9,5.7314,High(151-200),0,0,0,0,0,0
L,299.7,309.6,1553,36.8,174,0,0,0,0,0,0,0,9.9,5.9843,High(151-200),0,0,0,0,0,0
M,299.7,309.6,1534,39.1,176,0,0,0,0,0,0,1,9.9,6.2806,High(151-200),0,0,0,0,0,0
H,299.7,309.6,1553,41.0,179,0,0,0,0,0,0,2,9.9,6.6673,High(151-200),0,0,0,0,0,0
L,299.7,309.5,1352,49.7,184,0,0,0,0,0,0,0,9.8,7.0361,High(151-200),0,1,1,1,0,0
M,299.7,309.6,1313,60.0,186,0,0,0,0,0,0,1,9.9,8.2492,High(151-200),0,1,1,1,0,0
L,299.6,309.5,1570,35.5,189,0,0,0,0,0,1,0,9.9,5.8361,High(151-200),0,0,0,0,0,1
L,299.6,309.4,1677,31.1,191,0,0,0,0,0,0,0,9.8,5.4612,High(151-200),0,0,0,0,0,0
L,299.5,309.4,1602,31.5,193,0,0,0,0,0,0,0,9.9,5.2841,High(151-200),0,0,0,0,0,0
L,299.5,309.4,1390,58.8,195,1,0,0,0,1,0,0,9.9,8.5583,High(151-200),0,1,1,1,0,1
L,299.4,309.3,1544,36.0,197,0,0,0,0,0,0,0,9.9,5.8203,High(151-200),0,0,0,0,0,0
L,299.4,309.4,1701,31.2,199,0,0,0,0,0,0,0,10.0,5.5572,High(151-200),0,0,0,0,0,0
M,299.4,309.3,1692,28.4,201,0,0,0,0,0,0,1,9.9,5.0317,Critical(>200),1,0,0,0,0,0
M,299.3,309.3,1523,37.9,204,0,0,0,0,0,0,1,10.0,6.0442,Critical(>200),1,0,0,0,0,0
L,299.3,309.2,2280,15.4,207,0,0,0,0,0,0,0,9.9,3.6766,Critical(>200),1,0,0,0,0,0
M,299.4,309.3,1485,47.1,209,0,0,0,0,0,0,1,9.9,7.3239,Critical(>200),1,1,0,0,0,0
H,299.4,309.2,1513,36.1,212,0,0,0,0,0,0,2,9.8,5.7193,Critical(>200),1,0,0,0,0,0
H,299.4,309.3,1743,28.2,0,0,0,0,0,0,0,2,9.9,5.1469,Fresh(0-50),0,0,0,0,0,0
L,299.5,309.3,1442,46.2,5,0,0,0,0,0,0,0,9.8,6.976,Fresh(0-50),0,0,0,0,0,0
L,299.5,309.3,1462,46.7,7,0,0,0,0,0,0,0,9.8,7.1493,Fresh(0-50),0,0,0,0,0,0
H,299.4,309.3,1439,49.7,9,0,0,0,0,0,0,2,9.9,7.4888,Fresh(0-50),0,1,0,0,0,0
L,299.5,309.3,1577,36.6,14,0,0,0,0,0,0,0,9.8,6.0438,Fresh(0-50),0,0,0,0,0,0
L,299.6,309.4,1331,46.4,16,0,0,0,0,0,0,0,9.8,6.4668,Fresh(0-50),0,0,1,0,0,0
L,299.5,309.3,1941,22.5,18,0,0,0,0,0,0,0,9.8,4.573,Fresh(0-50),0,0,0,0,0,0
L,299.5,309.2,1393,47.3,20,0,0,0,0,0,0,0,9.7,6.8994,Fresh(0-50),0,1,1,1,0,0
L,299.4,309.2,1433,42.1,22,0,0,0,0,0,0,0,9.8,6.3172,Fresh(0-50),0,0,0,0,0,0
L,299.4,309.2,1444,48.2,24,0,0,0,0,0,0,0,9.8,7.288,Fresh(0-50),0,1,0,0,0,0
L,299.4,309.2,1564,39.0,26,0,0,0,0,0,0,0,9.8,6.387,Fresh(0-50),0,0,0,0,0,0
L,299.4,309.3,1377,43.6,28,0,0,0,0,0,0,0,9.9,6.2866,Fresh(0-50),0,0,1,0,0,0
L,299.4,309.3,1525,41.5,30,0,0,0,0,0,0,0,9.9,6.627,Fresh(0-50),0,0,0,0,0,0
M,299.5,309.4,1387,56.2,32,0,0,0,0,0,0,1,9.9,8.1622,Fresh(0-50),0,1,1,1,0,0
M,299.4,309.4,1326,47.5,35,0,0,0,0,0,0,1,10.0,6.5953,Fresh(0-50),0,1,1,1,0,0
L,299.4,309.3,1401,59.0,38,0,0,0,0,0,0,0,9.9,8.6554,Fresh(0-50),0,1,1,1,0,0
L,299.4,309.3,1596,31.8,40,0,0,0,0,0,0,0,9.9,5.3144,Fresh(0-50),0,0,0,0,0,0
M,299.3,309.3,1471,46.0,42,0,0,0,0,0,0,1,10.0,7.0854,Fresh(0-50),0,0,0,0,0,0
L,299.3,309.3,1528,37.8,45,0,0,0,0,0,0,0,10.0,6.048,Fresh(0-50),0,0,0,0,0,0
L,299.3,309.3,1325,62.0,47,0,0,0,0,0,0,0,10.0,8.6021,Fresh(0-50),0,1,1,1,0,0
M,299.3,309.1,1376,46.7,49,0,0,0,0,0,0,1,9.8,6.7287,Fresh(0-50),0,0,1,0,0,0
M,299.3,309.1,1600,35.3,52,0,0,0,0,0,0,1,9.8,5.9141,Low(51-100),0,0,0,0,0,0
L,299.3,309.1,1495,44.0,55,0,0,0,0,0,0,0,9.8,6.888,Low(51-100),0,0,0,0,0,0
L,299.4,309.1,1645,28.6,57,0,0,0,0,0,0,0,9.7,4.9264,Low(51-100),0,0,0,0,0,0
M,299.4,309.1,1417,47.3,59,0,0,0,0,0,0,1,9.7,7.0182,Low(51-100),0,1,1,1,0,0
H,299.4,309.0,1415,51.7,62,0,0,0,0,0,0,2,9.6,7.6603,Low(51-100),0,1,1,1,0,0
M,299.3,309.0,1496,43.4,67,0,0,0,0,0,0,1,9.7,6.7986,Low(51-100),0,0,0,0,0,0
H,299.3,309.0,1508,35.0,70,0,0,0,0,0,0,2,9.7,5.5267,Low(51-100),0,0,0,0,0,0
L,299.4,309.0,1436,47.9,75,0,0,0,0,0,0,0,9.6,7.2026,Low(51-100),0,1,0,0,0,0
L,299.5,309.1,1852,22.6,77,0,0,0,0,0,0,0,9.6,4.3827,Low(51-100),0,0,0,0,0,0
L,299.5,309.1,1863,22.5,79,0,0,0,0,0,0,0,9.6,4.3893,Low(51-100),0,0,0,0,0,0
H,299.4,309.1,1373,44.1,81,0,0,0,0,0,0,2,9.7,6.3402,Low(51-100),0,0,1,0,0,0
L,299.4,309.0,1404,47.3,86,0,0,0,0,0,0,0,9.6,6.9538,Low(51-100),0,1,1,1,0,0
M,299.4,309.0,1381,44.9,88,0,0,0,0,0,0,1,9.6,6.4929,Low(51-100),0,0,1,0,0,0
H,299.4,308.9,1762,29.3,91,0,0,0,0,0,0,2,9.5,5.4059,Low(51-100),0,0,0,0,0,0
H,299.3,308.9,1429,43.0,96,0,0,0,0,0,0,2,9.6,6.4342,Low(51-100),0,0,0,0,0,0
M,299.3,308.9,1858,24.7,101,0,0,0,0,0,0,1,9.6,4.8055,Medium(101-150),0,0,0,0,0,0
H,299.2,308.8,1908,21.3,104,0,0,0,0,0,0,2,9.6,4.2555,Medium(101-150),0,0,0,0,0,0
M,299.2,308.8,1503,37.4,109,0,0,0,0,0,0,1,9.6,5.8861,Medium(101-150),0,0,0,0,0,0
M,299.2,308.8,1523,38.9,112,0,0,0,0,0,0,1,9.6,6.2036,Medium(101-150),0,0,0,0,0,0
L,299.3,309.0,1491,38.4,115,0,0,0,0,0,0,0,9.7,5.9952,Medium(101-150),0,0,0,0,0,0
L,299.2,308.9,1430,39.1,117,0,0,0,0,0,0,0,9.7,5.8548,Medium(101-150),0,0,0,0,0,0
L,299.3,308.9,1258,69.4,119,1,0,0,1,0,0,0,9.6,9.1419,Medium(101-150),0,1,1,1,0,1
L,299.3,309.0,1449,46.5,121,0,0,0,0,0,0,0,9.7,7.0553,Medium(101-150),0,0,0,0,0,0
H,299.3,309.0,1425,40.6,123,0,0,0,0,0,0,2,9.7,6.0581,Medium(101-150),0,0,0,0,0,0
L,299.4,309.0,1800,24.3,128,0,0,0,0,0,0,0,9.6,4.5801,Medium(101-150),0,0,0,0,0,0
H,299.4,309.0,1607,33.7,130,0,0,0,0,0,0,2,9.6,5.6708,Medium(101-150),0,0,0,0,0,0
L,299.4,309.0,1391,58.2,135,0,0,0,0,0,0,0,9.6,8.4771,Medium(101-150),0,1,1,1,0,0
L,299.4,309.1,1432,45.4,137,0,0,0,0,0,0,0,9.7,6.8076,Medium(101-150),0,0,0,0,0,0
L,299.4,309.0,1660,28.4,139,0,0,0,0,0,0,0,9.6,4.9365,Medium(101-150),0,0,0,0,0,0
H,299.3,309.0,1732,29.7,141,0,0,0,0,0,0,2,9.7,5.3864,Medium(101-150),0,0,0,0,0,0
L,299.3,309.0,1473,46.3,146,0,0,0,0,0,0,0,9.7,7.1414,Medium(101-150),0,0,0,0,0,0
L,299.3,309.0,1511,47.8,148,0,0,0,0,0,0,0,9.7,7.5629,Medium(101-150),0,1,0,0,0,0
L,299.2,308.9,1588,41.5,150,0,0,0,0,0,0,0,9.7,6.9007,Medium(101-150),0,0,0,0,0,0
L,299.3,308.9,1623,31.1,152,0,0,0,0,0,0,0,9.6,5.2854,High(151-200),0,0,0,0,0,0
L,299.3,309.0,1734,30.6,154,0,0,0,0,0,0,0,9.7,5.5561,High(151-200),0,0,0,0,0,0
L,299.3,309.0,1415,47.6,156,0,0,0,0,0,0,0,9.7,7.0528,High(151-200),0,1,1,1,0,0
L,299.3,309.0,1419,46.6,158,0,0,0,0,0,0,0,9.7,6.9241,High(151-200),0,0,1,0,0,0
M,299.3,308.9,1577,34.9,160,0,0,0,0,0,0,1,9.6,5.7631,High(151-200),0,0,0,0,0,0
L,299.3,308.9,1376,60.3,163,0,0,0,0,0,0,0,9.6,8.6883,High(151-200),0,1,1,1,0,0
M,299.3,308.8,1442,49.0,165,0,0,0,0,0,0,1,9.5,7.3987,High(151-200),0,1,0,0,0,0
L,299.4,308.9,1451,40.5,168,0,0,0,0,0,0,0,9.5,6.1535,High(151-200),0,0,0,0,0,0
L,299.3,308.8,1550,45.8,170,0,0,0,0,0,0,0,9.5,7.4335,High(151-200),0,0,0,0,0,0
L,299.3,308.8,1647,32.9,172,0,0,0,0,0,0,0,9.5,5.674,High(151-200),0,0,0,0,0,0
L,299.4,308.9,1550,33.7,174,0,0,0,0,0,0,0,9.5,5.4696,High(151-200),0,0,0,0,0,0
L,299.4,308.9,1583,34.1,176,0,0,0,0,0,0,0,9.5,5.6524,High(151-200),0,0,0,0,0,0
L,299.4,309.0,1613,32.2,178,0,0,0,0,0,0,0,9.6,5.4386,High(151-200),0,0,0,0,0,0
H,299.3,308.8,1636,35.5,180,0,0,0,0,0,0,2,9.5,6.0815,High(151-200),0,0,0,0,0,0
M,299.3,308.7,1289,51.5,185,0,0,0,0,0,0,1,9.4,6.9512,High(151-200),0,1,1,1,0,0
M,299.3,308.8,1648,28.4,188,0,0,0,0,0,0,1,9.5,4.9009,High(151-200),0,0,0,0,0,0
H,299.3,308.8,1397,45.4,191,0,0,0,0,0,0,2,9.5,6.6412,High(151-200),0,0,1,0,0,0
M,299.3,308.9,1767,24.8,196,0,0,0,0,0,0,1,9.6,4.5886,High(151-200),0,0,0,0,0,0
L,299.3,308.8,1341,47.7,199,0,0,0,0,0,0,0,9.5,6.698,High(151-200),0,1,1,1,0,0
M,299.4,308.9,1457,41.5,201,0,0,0,0,0,0,1,9.5,6.3315,Critical(>200),1,0,0,0,0,0
M,299.4,309.0,1939,19.8,204,0,0,0,0,0,0,1,9.6,4.0201,Critical(>200),1,0,0,0,0,0
M,299.5,309.0,1399,49.7,207,0,0,0,0,0,0,1,9.5,7.2807,Critical(>200),1,1,1,1,0,0
M,299.5,309.0,1602,31.3,210,0,0,0,0,0,0,1,9.5,5.2505,Critical(>200),1,0,0,0,0,0
L,299.4,309.0,1507,41.0,213,0,0,0,0,0,0,0,9.6,6.4698,Critical(>200),1,0,0,0,0,0
L,299.4,309.1,1464,40.5,215,0,0,0,0,0,0,0,9.7,6.2086,Critical(>200),1,0,0,0,0,0
L,299.5,309.1,1336,42.1,217,0,0,0,0,0,0,0,9.6,5.8896,Critical(>200),1,0,1,0,0,0
L,299.6,309.2,1422,39.8,219,0,0,0,0,0,0,0,9.6,5.9262,Critical(>200),1,0,1,0,0,0
L,299.6,309.2,1540,36.7,221,0,0,0,0,0,0,0,9.6,5.9181,Critical(>200),1,0,0,0,0,0
L,299.5,309.1,1476,47.8,223,0,0,0,0,0,0,0,9.6,7.3877,Critical(>200),1,1,0,0,0,0
M,299.6,309.2,1867,23.4,225,1,1,0,0,0,0,1,9.6,4.5746,Critical(>200),1,0,0,0,0,1
H,299.6,309.1,1588,41.3,0,0,0,0,0,0,0,2,9.5,6.8675,Fresh(0-50),0,0,0,0,0,0
M,299.5,309.1,1420,49.5,5,0,0,0,0,0,0,1,9.6,7.3602,Fresh(0-50),0,1,1,1,0,0
L,299.5,309.1,1415,49.2,8,0,0,0,0,0,0,0,9.6,7.2898,Fresh(0-50),0,1,1,1,0,0
M,299.4,309.1,1500,43.3,10,0,0,0,0,0,0,1,9.7,6.801,Fresh(0-50),0,0,0,0,0,0
L,299.5,309.1,1502,44.6,13,0,0,0,0,0,0,0,9.6,7.0146,Fresh(0-50),0,0,0,0,0,0
L,299.5,309.2,1816,23.0,15,0,0,0,0,0,0,0,9.7,4.3736,Fresh(0-50),0,0,0,0,0,0
M,299.5,309.2,1495,41.6,17,0,0,0,0,0,0,1,9.7,6.5123,Fresh(0-50),0,0,0,0,0,0
L,299.6,309.2,1572,33.4,20,0,0,0,0,0,0,0,9.6,5.4979,Fresh(0-50),0,0,0,0,0,0
M,299.5,309.2,1590,35.9,22,0,0,0,0,0,0,1,9.7,5.9771,Fresh(0-50),0,0,0,0,0,0
M,299.6,309.3,1387,48.3,25,0,0,0,0,0,0,1,9.7,7.0149,Fresh(0-50),0,1,1,1,0,0
M,299.6,309.2,1393,47.7,28,0,0,0,0,0,0,1,9.6,6.9577,Fresh(0-50),0,1,1,1,0,0
L,299.6,309.2,1602,37.3,31,0,0,0,0,0,0,0,9.6,6.257,Fresh(0-50),0,0,0,0,0,0
L,299.6,309.2,1601,33.3,33,0,0,0,0,0,0,0,9.6,5.5825,Fresh(0-50),0,0,0,0,0,0
H,299.6,309.2,1597,36.3,35,0,0,0,0,0,0,2,9.6,6.0703,Fresh(0-50),0,0,0,0,0,0
H,299.5,309.1,1548,44.3,40,0,0,0,0,0,0,2,9.6,7.1808,Fresh(0-50),0,0,0,0,0,0
M,299.5,309.2,1314,61.8,45,0,0,0,0,0,0,1,9.7,8.5032,Fresh(0-50),0,1,1,1,0,0
M,299.6,309.3,1577,39.8,48,0,0,0,0,0,0,1,9.7,6.5722,Fresh(0-50),0,0,0,0,0,0
L,299.8,309.4,1475,43.4,51,0,0,0,0,0,0,0,9.6,6.7031,Low(51-100),0,0,0,0,0,0
L,299.8,309.4,1630,32.4,53,0,0,0,0,0,0,0,9.6,5.5301,Low(51-100),0,0,0,0,0,0
L,299.7,309.4,1445,42.9,55,0,0,0,0,0,0,0,9.7,6.4912,Low(51-100),0,0,0,0,0,0
M,299.8,309.4,1439,47.4,57,0,0,0,0,0,0,1,9.6,7.1423,Low(51-100),0,1,0,0,0,0
L,299.7,309.3,1420,44.1,60,0,0,0,0,0,0,0,9.6,6.5573,Low(51-100),0,0,1,0,0,0
H,299.7,309.2,1554,41.6,62,0,0,0,0,0,0,2,9.5,6.7693,Low(51-100),0,0,0,0,0,0
M,299.6,309.1,1471,44.3,67,0,0,0,0,0,0,1,9.5,6.8236,Low(51-100),0,0,0,0,0,0
L,299.6,309.0,1648,33.6,70,0,0,0,0,0,0,0,9.4,5.7982,Low(51-100),0,0,0,0,0,0
L,299.6,309.0,1472,48.8,72,0,0,0,0,0,0,0,9.4,7.5218,Low(51-100),0,1,0,0,0,0
M,299.5,308.9,1448,42.9,74,0,0,0,0,0,0,1,9.4,6.5046,Low(51-100),0,0,0,0,0,0
M,299.6,308.9,1568,35.3,77,0,0,0,0,0,0,1,9.3,5.7959,Low(51-100),0,0,0,0,0,0
L,299.6,308.9,1613,30.8,80,0,0,0,0,0,0,0,9.3,5.2021,Low(51-100),0,0,0,0,0,0
M,299.7,308.9,1551,35.4,82,0,0,0,0,0,0,1,9.2,5.7493,Low(51-100),0,0,0,0,0,0
L,299.7,309.0,1412,49.2,85,0,0,0,0,0,0,0,9.3,7.2744,Low(51-100),0,1,1,1,0,0
M,299.7,308.9,1478,41.0,87,0,0,0,0,0,0,1,9.2,6.3453,Low(51-100),0,0,0,0,0,0
M,299.8,309.1,1268,58.0,90,0,0,0,0,0,0,1,9.3,7.7009,Low(51-100),0,1,1,1,0,0
L,299.8,309.1,1546,35.6,93,0,0,0,0,0,0,0,9.3,5.7631,Low(51-100),0,0,0,0,0,0
L,299.8,309.0,1567,36.1,95,0,0,0,0,0,0,0,9.2,5.9234,Low(51-100),0,0,0,0,0,0
M,299.9,309.2,1548,35.7,97,0,0,0,0,0,0,1,9.3,5.7868,Low(51-100),0,0,0,0,0,0
L,299.8,309.0,1614,30.8,100,0,0,0,0,0,0,0,9.2,5.2054,Low(51-100),0,0,0,0,0,0
M,299.7,309.1,1352,46.1,102,0,0,0,0,0,0,1,9.4,6.5264,Medium(101-150),0,0,1,0,0,0
L,299.9,309.2,1624,34.6,105,0,0,0,0,0,0,0,9.3,5.8838,Medium(101-150),0,0,0,0,0,0
L,299.9,309.2,1436,52.0,107,0,0,0,0,0,0,0,9.3,7.8191,Medium(101-150),0,1,0,0,0,0
L,299.8,309.2,1591,37.5,109,0,0,0,0,0,0,0,9.4,6.2474,Medium(101-150),0,0,0,0,0,0
H,299.8,309.2,1435,42.6,111,0,0,0,0,0,0,2,9.4,6.4012,Medium(101-150),0,0,0,0,0,0
L,299.8,309.3,1386,49.4,116,0,0,0,0,0,0,0,9.5,7.1695,Medium(101-150),0,1,1,1,0,0
L,299.7,309.2,1401,54.1,118,0,0,0,0,0,0,0,9.5,7.9366,Medium(101-150),0,1,1,1,0,0
M,299.6,309.0,1245,64.0,120,0,0,0,0,0,0,1,9.4,8.3435,Medium(101-150),0,1,1,1,0,0
L,299.7,309.1,1475,40.0,123,0,0,0,0,0,0,0,9.4,6.178,Medium(101-150),0,0,0,0,0,0
L,299.7,309.1,1473,39.4,125,0,0,0,0,0,0,0,9.4,6.0771,Medium(101-150),0,0,0,0,0,0
H,299.7,309.2,1355,44.8,127,0,0,0,0,0,0,2,9.5,6.3564,Medium(101-150),0,0,1,0,0,0
H,299.7,309.2,1468,49.6,132,0,0,0,0,0,0,2,9.5,7.6244,Medium(101-150),0,1,0,0,0,0
L,299.7,309.2,1645,30.8,137,0,0,0,0,0,0,0,9.5,5.3053,Medium(101-150),0,0,0,0,0,0
L,299.7,309.1,1347,55.3,139,0,0,0,0,0,0,0,9.4,7.7999,Medium(101-150),0,1,1,1,0,0
L,299.7,309.1,1713,33.5,141,0,0,0,0,0,0,0,9.4,6.009,Medium(101-150),0,0,0,0,0,0
M,299.6,309.1,1435,48.4,143,0,0,0,0,0,0,1,9.5,7.2727,Medium(101-150),0,1,0,0,0,0
M,299.6,309.0,1736,26.1,146,0,0,0,0,0,0,1,9.4,4.7445,Medium(101-150),0,0,0,0,0,0
L,299.6,309.0,1372,60.4,149,0,0,0,0,0,0,0,9.4,8.6774,Medium(101-150),0,1,1,1,0,0
L,299.7,309.0,1605,33.0,151,0,0,0,0,0,0,0,9.3,5.5461,High(151-200),0,0,0,0,0,0
L,299.6,309.0,1413,48.5,153,0,0,0,0,0,0,0,9.4,7.176,High(151-200),0,1,1,1,0,0
M,299.7,309.0,1645,31.9,155,0,0,0,0,0,0,1,9.3,5.4948,High(151-200),0,0,0,0,0,0
M,299.7,309.0,1465,49.0,158,0,0,0,0,0,0,1,9.3,7.5168,High(151-200),0,1,0,0,0,0
M,299.6,308.9,1685,27.8,161,0,0,0,0,0,0,1,9.3,4.905,High(151-200),0,0,0,0,0,0
L,299.5,308.8,1965,20.4,164,0,0,0,0,0,0,0,9.3,4.1975,High(151-200),0,0,0,0,0,0
H,299.4,308.6,1542,41.8,166,0,0,0,0,0,0,2,9.2,6.7493,High(151-200),0,0,0,0,0,0
L,299.4,308.7,1681,30.8,171,0,0,0,0,0,0,0,9.3,5.4214,High(151-200),0,0,0,0,0,0
L,299.5,308.7,1446,45.7,173,0,0,0,0,0,0,0,9.2,6.9196,High(151-200),0,0,0,0,0,0
L,299.4,308.6,1415,56.4,175,0,0,0,0,0,0,0,9.2,8.3566,High(151-200),0,1,1,1,0,0
L,299.5,308.6,1672,30.5,177,0,0,0,0,0,0,0,9.1,5.3399,High(151-200),0,0,0,0,0,0
L,299.5,308.7,2549,13.0,179,1,0,0,1,0,0,0,9.2,3.4698,High(151-200),0,0,0,0,0,1
L,299.4,308.6,1492,40.5,181,0,0,0,0,0,0,0,9.2,6.3273,High(151-200),0,0,0,0,0,0
M,299.4,308.6,1455,42.7,183,0,0,0,0,0,0,1,9.2,6.5056,High(151-200),0,0,0,0,0,0
M,299.3,308.5,1422,43.1,186,0,0,0,0,0,0,1,9.2,6.4176,High(151-200),0,0,1,0,0,0
L,299.3,308.6,1403,50.6,189,0,0,0,0,0,0,0,9.3,7.4337,High(151-200),0,1,1,1,0,0
L,299.3,308.6,1474,49.6,191,0,0,0,0,0,0,0,9.3,7.6555,High(151-200),0,1,0,0,0,0
L,299.2,308.6,1381,50.0,193,0,0,0,0,0,0,0,9.4,7.2304,High(151-200),0,1,1,1,0,0
L,299.2,308.5,1457,44.7,195,0,0,0,0,0,0,0,9.3,6.8197,High(151-200),0,0,0,0,0,0
L,299.2,308.4,1711,28.9,197,0,0,0,0,0,0,0,9.2,5.1778,High(151-200),0,0,0,0,0,0
L,299.2,308.4,1667,29.0,199,0,0,0,0,0,0,0,9.2,5.0621,High(151-200),0,0,0,0,0,0
L,299.2,308.4,1465,35.0,201,0,0,0,0,0,0,0,9.2,5.3691,Critical(>200),1,0,0,0,0,0
M,299.3,308.4,1542,37.5,203,1,1,0,0,0,0,1,9.1,6.055,Critical(>200),1,0,0,0,0,1
M,299.3,308.4,1438,42.3,0,0,0,0,0,0,0,1,9.1,6.3694,Fresh(0-50),0,0,0,0,0,0
L,299.3,308.4,1406,47.4,3,0,0,0,0,0,0,0,9.1,6.9785,Fresh(0-50),0,1,1,1,0,0
M,299.2,308.4,1396,48.5,5,0,0,0,0,0,0,1,9.2,7.0896,Fresh(0-50),0,1,1,1,0,0
M,299.3,308.5,1304,60.6,8,0,0,0,0,0,0,1,9.2,8.2746,Fresh(0-50),0,1,1,1,0,0
L,299.2,308.5,1442,46.5,11,0,0,0,0,0,0,0,9.3,7.0213,Fresh(0-50),0,0,0,0,0,0
M,299.2,308.4,1396,48.7,13,0,0,0,0,0,0,1,9.2,7.1189,Fresh(0-50),0,1,1,1,0,0
H,299.1,308.3,1424,43.4,16,0,0,0,0,0,0,2,9.2,6.4714,Fresh(0-50),0,0,0,0,0,0
H,299.1,308.3,1451,42.8,21,0,0,0,0,0,0,2,9.2,6.5029,Fresh(0-50),0,0,0,0,0,0
L,299.2,308.4,1386,54.1,26,0,0,0,0,0,0,0,9.2,7.8516,Fresh(0-50),0,1,1,1,0,0
L,299.1,308.3,1325,46.9,28,0,0,0,0,0,0,0,9.2,6.5071,Fresh(0-50),0,1,1,1,0,0
L,299.1,308.3,1559,33.7,30,0,0,0,0,0,0,0,9.2,5.5014,Fresh(0-50),0,0,0,0,0,0
L,299.1,308.3,1489,38.1,32,0,0,0,0,0,0,0,9.2,5.9404,Fresh(0-50),0,0,0,0,0,0
L,299.1,308.3,1892,25.2,34,0,0,0,0,0,0,0,9.2,4.9925,Fresh(0-50),0,0,0,0,0,0
L,299.1,308.2,1319,60.3,36,0,0,0,0,0,0,0,9.1,8.3283,Fresh(0-50),0,1,1,1,0,0
L,299.1,308.3,1431,52.3,38,0,0,0,0,0,0,0,9.2,7.8368,Fresh(0-50),0,1,0,0,0,0
H,299.1,308.3,1521,36.5,40,0,0,0,0,0,0,2,9.2,5.8132,Fresh(0-50),0,0,0,0,0,0
M,299.1,308.2,1435,45.2,45,0,0,0,0,0,0,1,9.1,6.7918,Fresh(0-50),0,0,0,0,0,0
L,299.1,308.3,1533,42.4,48,0,0,0,0,0,0,0,9.2,6.8062,Fresh(0-50),0,0,0,0,0,0
M,299.2,308.4,1529,43.0,50,0,0,0,0,0,0,1,9.2,6.8845,Fresh(0-50),0,0,0,0,0,0
M,299.2,308.4,1415,43.5,53,0,0,0,0,0,0,1,9.2,6.4453,Low(51-100),0,0,1,0,0,0
M,299.2,308.4,1330,51.2,56,0,0,0,0,0,0,1,9.2,7.1305,Low(51-100),0,1,1,1,0,0
L,299.2,308.5,1381,60.6,59,0,0,0,0,0,0,0,9.3,8.7632,Low(51-100),0,1,1,1,0,0
L,299.2,308.5,1370,52.4,61,0,0,0,0,0,0,0,9.3,7.5171,Low(51-100),0,1,1,1,0,0
L,299.2,308.5,1438,46.6,63,0,0,0,0,0,0,0,9.3,7.0168,Low(51-100),0,0,0,0,0,0
L,299.3,308.6,1314,48.2,65,0,0,0,0,0,0,0,9.3,6.6319,Low(51-100),0,1,1,1,0,0
L,299.3,308.6,1437,48.1,67,0,0,0,0,0,0,0,9.3,7.2377,Low(51-100),0,1,0,0,0,0
L,299.2,308.5,1821,26.1,69,0,0,0,0,0,0,0,9.3,4.9768,Low(51-100),0,0,0,0,0,0
M,299.3,308.6,1448,52.1,71,0,0,0,0,0,0,1,9.3,7.8996,Low(51-100),0,1,0,0,0,0
L,299.3,308.5,1589,32.7,74,0,0,0,0,0,0,0,9.2,5.4409,Low(51-100),0,0,0,0,0,0
L,299.3,308.6,1520,33.7,76,0,0,0,0,0,0,0,9.3,5.3638,Low(51-100),0,0,0,0,0,0
L,299.3,308.6,1605,37.0,78,0,0,0,0,0,0,0,9.3,6.2183,Low(51-100),0,0,0,0,0,0
L,299.3,308.7,1393,54.2,80,0,0,0,0,0,0,0,9.4,7.9058,Low(51-100),0,1,1,1,0,0
H,299.3,308.7,1408,44.4,82,0,0,0,0,0,0,2,9.4,6.5461,Low(51-100),0,0,1,0,0,0
M,299.3,308.7,1459,35.6,87,0,0,0,0,0,0,1,9.4,5.4388,Low(51-100),0,0,0,0,0,0
L,299.4,308.7,1525,39.0,90,0,0,0,0,0,0,0,9.3,6.2277,Low(51-100),0,0,0,0,0,0
L,299.4,308.8,1390,57.0,92,0,0,0,0,0,0,0,9.4,8.2963,Low(51-100),0,1,1,1,0,0
L,299.3,308.7,1536,38.9,94,0,0,0,0,0,0,0,9.4,6.2566,Low(51-100),0,0,0,0,0,0
L,299.4,308.7,1459,47.6,96,0,0,0,0,0,0,0,9.3,7.2721,Low(51-100),0,1,0,0,0,0
L,299.2,308.5,1387,51.1,98,0,0,0,0,0,0,0,9.3,7.4215,Low(51-100),0,1,1,1,0,0
L,299.2,308.5,1378,53.4,100,0,0,0,0,0,0,0,9.3,7.7053,Low(51-100),0,1,1,1,0,0
L,299.4,308.7,1381,56.7,102,0,0,0,0,0,0,0,9.3,8.1992,Medium(101-150),0,1,1,1,0,0
M,299.4,308.7,1289,60.5,104,0,0,0,0,0,0,1,9.3,8.1659,Medium(101-150),0,1,1,1,0,0
L,299.4,308.6,1746,26.8,107,0,0,0,0,0,0,0,9.2,4.8998,Medium(101-150),0,0,0,0,0,0
M,299.4,308.6,1541,39.1,109,0,0,0,0,0,0,1,9.2,6.3092,Medium(101-150),0,0,0,0,0,0
L,299.4,308.7,1504,37.8,112,0,0,0,0,0,0,0,9.3,5.953,Medium(101-150),0,0,0,0,0,0
M,299.5,308.7,1321,51.9,114,0,0,0,0,0,0,1,9.2,7.179,Medium(101-150),0,1,1,1,0,0
M,299.5,308.8,1886,20.9,117,0,0,0,0,0,0,1,9.3,4.1275,Medium(101-150),0,0,0,0,0,0
L,299.6,308.9,1422,53.2,120,0,0,0,0,0,0,0,9.3,7.9215,Medium(101-150),0,1,1,1,0,0
L,299.5,308.9,1520,38.3,122,0,0,0,0,0,0,0,9.4,6.0959,Medium(101-150),0,0,0,0,0,0
L,299.4,308.8,1627,32.6,124,0,0,0,0,0,0,0,9.4,5.5539,Medium(101-150),0,0,0,0,0,0
L,299.4,308.7,1512,37.2,126,0,0,0,0,0,0,0,9.3,5.8897,Medium(101-150),0,0,0,0,0,0
L,299.4,308.7,1553,42.7,128,0,0,0,0,0,0,0,9.3,6.9438,Medium(101-150),0,0,0,0,0,0
L,299.3,308.7,1802,26.0,130,0,0,0,0,0,0,0,9.4,4.906,Medium(101-150),0,0,0,0,0,0
L,299.3,308.6,1482,37.6,132,0,0,0,0,0,0,0,9.3,5.8349,Medium(101-150),0,0,0,0,0,0
L,299.4,308.7,1446,62.9,134,1,0,0,1,0,0,0,9.3,9.5239,Medium(101-150),0,1,0,0,0,1
L,299.3,308.6,1371,50.5,136,0,0,0,0,0,0,0,9.3,7.2498,Medium(101-150),0,1,1,1,0,0
M,299.2,308.6,1586,35.7,138,0,0,0,0,0,0,1,9.4,5.9288,Medium(101-150),0,0,0,0,0,0
L,299.2,308.5,1515,39.8,141,0,0,0,0,0,0,0,9.3,6.3138,Medium(101-150),0,0,0,0,0,0
L,299.2,308.5,1374,53.6,143,0,0,0,0,0,0,0,9.3,7.7117,Medium(101-150),0,1,1,1,0,0
L,299.1,308.5,1455,39.8,145,0,0,0,0,0,0,0,9.4,6.0638,Medium(101-150),0,0,0,0,0,0
H,299.2,308.5,1342,47.5,147,0,0,0,0,0,0,2,9.3,6.6749,Medium(101-150),0,1,1,1,0,0
L,299.1,308.6,1260,57.8,152,0,0,0,0,0,0,0,9.5,7.626,High(151-200),0,1,1,1,0,0
H,299.0,308.5,1623,33.5,154,0,0,0,0,0,0,2,9.5,5.6932,High(151-200),0,0,0,0,0,0
L,299.1,308.5,1371,55.5,159,0,0,0,0,0,0,0,9.4,7.9676,High(151-200),0,1,1,1,0,0
L,299.1,308.6,1611,31.4,161,0,0,0,0,0,0,0,9.5,5.2969,High(151-200),0,0,0,0,0,0
M,299.0,308.4,1535,47.5,163,0,0,0,0,0,0,1,9.4,7.6348,High(151-200),0,1,0,0,0,0
M,299.1,308.6,1491,38.5,166,0,0,0,0,0,0,1,9.5,6.0108,High(151-200),0,0,0,0,0,0
M,299.1,308.6,1441,36.2,169,0,0,0,0,0,0,1,9.5,5.4622,High(151-200),0,0,0,0,0,0
M,299.1,308.8,1725,26.6,172,0,0,0,0,0,0,1,9.7,4.8047,High(151-200),0,0,0,0,0,0
L,299.2,308.9,1368,47.2,175,0,0,0,0,0,0,0,9.7,6.7612,High(151-200),0,1,1,1,0,0
L,299.2,308.9,1526,37.9,177,0,0,0,0,0,0,0,9.7,6.0561,High(151-200),0,0,0,0,0,0
L,299.2,308.8,1542,39.2,179,0,0,0,0,0,0,0,9.6,6.3295,High(151-200),0,0,0,0,0,0
L,299.2,308.8,1605,31.1,181,0,0,0,0,0,0,0,9.6,5.2268,High(151-200),0,0,0,0,0,0
L,299.2,308.8,1405,51.4,183,0,0,0,0,0,0,0,9.6,7.562,High(151-200),0,1,1,1,0,0
M,299.2,308.8,1700,33.5,185,0,0,0,0,0,0,1,9.6,5.9634,High(151-200),0,0,0,0,0,0
H,299.2,308.8,1440,39.1,188,0,0,0,0,0,0,2,9.6,5.8957,High(151-200),0,0,0,0,0,0
M,299.2,308.8,1314,52.5,193,0,0,0,0,0,0,1,9.6,7.2236,High(151-200),0,1,1,1,0,0
L,299.2,308.7,1514,41.9,196,0,0,0,0,0,0,0,9.5,6.6426,High(151-200),0,0,0,0,0,0
M,299.2,308.7,1401,47.0,198,0,0,0,0,0,0,1,9.5,6.895,High(151-200),0,1,1,1,0,0
L,299.3,308.8,1636,29.9,201,0,0,0,0,0,0,0,9.5,5.1221,Critical(>200),1,0,0,0,0,0
L,299.3,308.8,1603,33.9,203,0,0,0,0,0,0,0,9.5,5.6902,Critical(>200),1,0,0,0,0,0
M,299.4,308.7,1487,52.6,205,0,0,0,0,0,0,1,9.3,8.1902,Critical(>200),1,1,0,0,0,0
M,299.3,308.7,1420,50.3,208,0,0,0,0,0,0,1,9.4,7.4792,Critical(>200),1,1,1,1,0,0
L,299.3,308.7,1579,36.3,211,0,0,0,0,0,0,0,9.4,6.0019,Critical(>200),1,0,0,0,0,0
L,299.3,308.7,1484,40.5,213,0,0,0,0,0,0,0,9.4,6.2934,Critical(>200),1,0,0,0,0,0
M,299.3,308.7,1390,49.3,215,0,0,0,0,0,0,1,9.4,7.1756,Critical(>200),1,1,1,1,0,0
L,299.3,308.6,1384,53.6,218,1,0,0,0,1,0,0,9.3,7.7678,Critical(>200),1,1,1,1,0,1
L,299.2,308.5,1378,50.4,220,1,0,0,0,1,0,0,9.3,7.2724,Critical(>200),1,1,1,1,0,1
L,299.2,308.5,1445,45.2,222,0,0,0,0,0,0,0,9.3,6.8392,Critical(>200),1,0,0,0,0,0
L,299.2,308.4,1445,43.5,224,0,0,0,0,0,0,0,9.2,6.5819,Critical(>200),1,0,0,0,0,0
L,299.2,308.4,1509,39.4,0,0,0,0,0,0,0,0,9.2,6.2256,Fresh(0-50),0,0,0,0,0,0
L,299.2,308.4,1434,46.8,2,0,0,0,0,0,0,0,9.2,7.0274,Fresh(0-50),0,0,0,0,0,0
L,299.2,308.4,1877,23.9,4,0,0,0,0,0,0,0,9.2,4.6974,Fresh(0-50),0,0,0,0,0,0
L,299.3,308.3,1651,28.0,6,0,0,0,0,0,0,0,9.0,4.8406,Fresh(0-50),0,0,0,0,0,0
L,299.2,308.2,1466,41.3,8,0,0,0,0,0,0,0,9.0,6.3399,Fresh(0-50),0,0,0,0,0,0
L,299.1,308.1,1479,40.7,10,0,0,0,0,0,0,0,9.0,6.3032,Fresh(0-50),0,0,0,0,0,0
L,299.1,308.2,1409,46.4,12,0,0,0,0,0,0,0,9.1,6.8458,Fresh(0-50),0,0,1,0,0,0
M,299.2,308.2,1674,28.2,14,0,0,0,0,0,0,1,9.0,4.9431,Fresh(0-50),0,0,0,0,0,0
L,299.1,308.3,1305,61.4,17,0,0,0,0,0,0,0,9.2,8.3903,Fresh(0-50),0,1,1,1,0,0
M,299.2,308.3,1755,26.4,19,0,0,0,0,0,0,1,9.1,4.8515,Fresh(0-50),0,0,0,0,0,0
L,299.2,308.4,1475,38.7,22,0,0,0,0,0,0,0,9.2,5.9772,Fresh(0-50),0,0,0,0,0,0
L,299.2,308.4,1402,47.7,24,0,0,0,0,0,0,0,9.2,7.0027,Fresh(0-50),0,1,1,1,0,0
L,299.2,308.3,1410,43.0,26,0,0,0,0,0,0,0,9.1,6.3487,Fresh(0-50),0,0,1,0,0,0
L,299.2,308.4,1436,41.8,28,0,0,0,0,0,0,0,9.2,6.2853,Fresh(0-50),0,0,0,0,0,0
M,299.3,308.5,1386,42.2,30,0,0,0,0,0,0,1,9.2,6.1245,Fresh(0-50),0,0,1,0,0,0
L,299.3,308.6,1744,26.4,33,0,0,0,0,0,0,0,9.3,4.8211,Fresh(0-50),0,0,0,0,0,0
L,299.2,308.4,1393,48.4,35,0,0,0,0,0,0,0,9.2,7.0598,Fresh(0-50),0,1,1,1,0,0
M,299.3,308.5,1422,45.4,37,0,0,0,0,0,0,1,9.2,6.7601,Fresh(0-50),0,0,1,0,0,0
L,299.2,308.4,1841,22.8,40,0,0,0,0,0,0,0,9.2,4.3953,Fresh(0-50),0,0,0,0,0,0
L,299.3,308.6,1433,37.7,42,0,0,0,0,0,0,0,9.3,5.657,Fresh(0-50),0,0,0,0,0,0
M,299.3,308.5,1305,60.6,44,0,0,0,0,0,0,1,9.2,8.2809,Fresh(0-50),0,1,1,1,0,0
H,299.3,308.6,1498,39.5,47,0,0,0,0,0,0,2,9.3,6.1959,Fresh(0-50),0,0,0,0,0,0
L,299.3,308.5,1772,26.1,52,0,0,0,0,0,0,0,9.2,4.8428,Low(51-100),0,0,0,0,0,0
M,299.2,308.4,1381,42.5,54,0,0,0,0,0,0,1,9.2,6.1458,Low(51-100),0,0,1,0,0,0
L,299.3,308.5,1413,38.5,57,0,0,0,0,0,0,0,9.2,5.6964,Low(51-100),0,0,1,0,0,0
H,299.2,308.4,1388,53.2,59,0,0,0,0,0,0,2,9.2,7.7321,Low(51-100),0,1,1,1,0,0
M,299.2,308.6,1631,35.4,64,0,0,0,0,0,0,1,9.4,6.0458,Low(51-100),0,0,0,0,0,0
H,299.3,308.6,1520,41.4,67,0,0,0,0,0,0,2,9.3,6.5893,Low(51-100),0,0,0,0,0,0
L,299.3,308.5,1510,45.4,72,0,0,0,0,0,0,0,9.2,7.1784,Low(51-100),0,0,0,0,0,0
L,299.2,308.5,1366,49.7,74,0,0,0,0,0,0,0,9.3,7.1089,Low(51-100),0,1,1,1,0,0
L,299.4,308.5,1845,22.9,76,0,0,0,0,0,0,0,9.1,4.4241,Low(51-100),0,0,0,0,0,0
L,299.3,308.5,1485,44.7,78,0,0,0,0,0,0,0,9.2,6.9507,Low(51-100),0,0,0,0,0,0
M,299.3,308.5,1496,39.4,80,0,0,0,0,0,0,1,9.2,6.172,Low(51-100),0,0,0,0,0,0
M,299.3,308.4,1468,42.2,83,0,0,0,0,0,0,1,9.1,6.4869,Low(51-100),0,0,0,0,0,0
M,299.2,308.4,1856,22.7,86,0,0,0,0,0,0,1,9.2,4.4116,Low(51-100),0,0,0,0,0,0
L,299.2,308.4,1620,34.1,89,0,0,0,0,0,0,0,9.2,5.7845,Low(51-100),0,0,0,0,0,0
L,299.3,308.5,1409,44.8,91,0,0,0,0,0,0,0,9.2,6.6098,Low(51-100),0,0,1,0,0,0
M,299.3,308.5,1404,49.4,93,0,0,0,0,0,0,1,9.2,7.2626,Low(51-100),0,1,1,1,0,0
L,299.2,308.4,1350,51.3,96,0,0,0,0,0,0,0,9.2,7.2518,Low(51-100),0,1,1,1,0,0
M,299.2,308.4,1538,38.0,98,0,0,0,0,0,0,1,9.2,6.1198,Low(51-100),0,0,0,0,0,0
M,299.2,308.4,1476,32.7,101,0,0,0,0,0,0,1,9.2,5.0539,Medium(101-150),0,0,0,0,0,0
M,299.2,308.3,1364,51.8,104,0,0,0,0,0,0,1,9.1,7.3985,Medium(101-150),0,1,1,1,0,0
M,299.2,308.3,1582,45.5,107,0,0,0,0,0,0,1,9.1,7.5373,Medium(101-150),0,0,0,0,0,0
L,299.1,308.2,1348,56.1,110,0,0,0,0,0,0,0,9.1,7.9186,Medium(101-150),0,1,1,1,0,0
H,299.1,308.2,1450,46.1,112,0,0,0,0,0,0,2,9.1,6.9995,Medium(101-150),0,0,0,0,0,0
L,299.0,308.1,1242,60.9,117,0,0,0,0,0,0,0,9.1,7.9202,Medium(101-150),0,1,1,1,0,0
L,299.1,308.2,1493,34.9,119,0,0,0,0,0,0,0,9.1,5.4561,Medium(101-150),0,0,0,0,0,0
L,299.1,308.3,1601,31.4,121,0,0,0,0,0,0,0,9.2,5.264,Medium(101-150),0,0,0,0,0,0
L,299.1,308.2,1568,33.3,123,0,0,0,0,0,0,0,9.1,5.4675,Medium(101-150),0,0,0,0,0,0
M,299.1,308.3,1506,38.0,125,0,0,0,0,0,0,1,9.2,5.9925,Medium(101-150),0,0,0,0,0,0
L,299.1,308.3,1524,34.1,128,0,0,0,0,0,0,0,9.2,5.4417,Medium(101-150),0,0,0,0,0,0
L,299.1,308.4,1543,37.9,130,0,0,0,0,0,0,0,9.3,6.1235,Medium(101-150),0,0,0,0,0,0
M,299.2,308.5,1474,47.2,132,0,0,0,0,0,0,1,9.3,7.2851,Medium(101-150),0,1,0,0,0,0
M,299.2,308.5,1526,37.3,135,0,0,0,0,0,0,1,9.3,5.9602,Medium(101-150),0,0,0,0,0,0
L,299.2,308.5,1867,27.0,138,0,0,0,0,0,0,0,9.3,5.2784,Medium(101-150),0,0,0,0,0,0
L,299.2,308.5,1487,41.2,140,0,0,0,0,0,0,0,9.3,6.4151,Medium(101-150),0,0,0,0,0,0
L,299.2,308.4,1580,32.6,142,0,0,0,0,0,0,0,9.2,5.3935,Medium(101-150),0,0,0,0,0,0
L,299.2,308.5,1340,50.0,144,0,0,0,0,0,0,0,9.3,7.0157,Medium(101-150),0,1,1,1,0,0
L,299.2,308.5,1544,41.6,146,0,0,0,0,0,0,0,9.3,6.7257,Medium(101-150),0,0,0,0,0,0
L,299.2,308.5,1488,40.3,148,0,0,0,0,0,0,0,9.3,6.2792,Medium(101-150),0,0,0,0,0,0
M,299.2,308.5,1742,28.9,150,0,0,0,0,0,0,1,9.3,5.2716,Medium(101-150),0,0,0,0,0,0
M,299.1,308.5,1592,34.2,153,0,0,0,0,0,0,1,9.4,5.7012,High(151-200),0,0,0,0,0,0
L,299.2,308.6,1582,38.8,156,0,0,0,0,0,0,0,9.4,6.4274,High(151-200),0,0,0,0,0,0
L,299.2,308.5,1490,43.2,158,0,0,0,0,0,0,0,9.3,6.7401,High(151-200),0,0,0,0,0,0
M,299.2,308.5,1594,35.8,160,0,0,0,0,0,0,1,9.3,5.9754,High(151-200),0,0,0,0,0,0
H,299.2,308.6,1462,55.0,163,0,0,0,0,0,0,2,9.4,8.4199,High(151-200),0,1,0,0,0,0
M,299.2,308.6,1367,47.6,168,0,0,0,0,0,0,1,9.4,6.8135,High(151-200),0,1,1,1,0,0
L,299.2,308.7,1325,51.0,171,0,0,0,0,0,0,0,9.5,7.0759,High(151-200),0,1,1,1,0,0
H,299.2,308.7,1448,51.4,173,0,0,0,0,0,0,2,9.5,7.7934,High(151-200),0,1,0,0,0,0
M,299.1,308.7,2008,20.3,178,0,0,0,0,0,0,1,9.6,4.2683,High(151-200),0,0,0,0,0,0
L,299.1,308.7,1498,38.9,181,0,0,0,0,0,0,0,9.6,6.1018,High(151-200),0,0,0,0,0,0
L,299.1,308.6,1437,41.6,183,0,0,0,0,0,0,0,9.5,6.2596,High(151-200),0,0,0,0,0,0
M,299.1,308.6,1499,45.1,185,0,0,0,0,0,0,1,9.5,7.079,High(151-200),0,0,0,0,0,0
L,299.0,308.4,1356,52.6,188,0,0,0,0,0,0,0,9.4,7.4686,High(151-200),0,1,1,1,0,0
L,299.1,308.5,1539,46.8,190,0,0,0,0,0,0,0,9.4,7.5419,High(151-200),0,0,0,0,0,0
L,299.1,308.5,1689,32.1,192,0,0,0,0,0,0,0,9.4,5.6772,High(151-200),0,0,0,0,0,0
L,299.0,308.5,1559,38.1,194,0,0,0,0,0,0,0,9.5,6.2197,High(151-200),0,0,0,0,0,0
L,299.1,308.6,1408,46.7,196,0,0,0,0,0,0,0,9.5,6.8852,High(151-200),0,0,1,0,0,0
L,299.0,308.5,1886,23.0,198,0,0,0,0,0,0,0,9.5,4.5422,High(151-200),0,0,0,0,0,0
L,299.1,308.5,1415,43.4,0,0,0,0,0,0,0,0,9.4,6.4305,Fresh(0-50),0,0,1,0,0,0
M,299.1,308.5,1587,35.6,2,0,0,0,0,0,0,1,9.4,5.9159,Fresh(0-50),0,0,0,0,0,0
L,299.0,308.4,1571,38.6,5,0,0,0,0,0,0,0,9.4,6.3498,Fresh(0-50),0,0,0,0,0,0
L,298.9,308.3,1576,36.6,7,0,0,0,0,0,0,0,9.4,6.04,Fresh(0-50),0,0,0,0,0,0
L,298.9,308.3,1660,34.4,9,0,0,0,0,0,0,0,9.4,5.9795,Fresh(0-50),0,0,0,0,0,0
M,298.9,308.2,1328,49.2,11,0,0,0,0,0,0,1,9.3,6.8416,Fresh(0-50),0,1,1,1,0,0
H,298.8,308.2,1450,44.7,14,0,0,0,0,0,0,2,9.4,6.7869,Fresh(0-50),0,0,0,0,0,0
L,298.9,308.2,2384,15.0,19,0,0,0,0,0,0,0,9.3,3.7445,Fresh(0-50),0,0,0,0,0,0
L,298.8,308.2,1443,53.4,21,0,0,0,0,0,0,0,9.4,8.0687,Fresh(0-50),0,1,0,0,0,0
M,298.9,308.2,2022,20.0,23,0,0,0,0,0,0,1,9.3,4.2346,Fresh(0-50),0,0,0,0,0,0
L,298.9,308.2,1828,23.8,26,0,0,0,0,0,0,0,9.3,4.5556,Fresh(0-50),0,0,0,0,0,0
L,298.8,308.1,1472,53.5,28,0,0,0,0,0,0,0,9.3,8.2463,Fresh(0-50),0,1,0,0,0,0
M,298.9,308.2,1372,63.6,30,1,0,0,1,0,0,1,9.3,9.1371,Fresh(0-50),0,1,1,1,0,1
L,298.9,308.3,1855,23.8,33,0,0,0,0,0,0,0,9.4,4.6229,Fresh(0-50),0,0,0,0,0,0
M,299.0,308.3,1377,47.2,35,0,0,0,0,0,0,1,9.3,6.8057,Fresh(0-50),0,1,1,1,0,0
L,298.9,308.3,1432,48.9,38,0,0,0,0,0,0,0,9.4,7.3324,Fresh(0-50),0,1,0,0,0,0
M,298.9,308.2,1335,47.8,40,0,0,0,0,0,0,1,9.3,6.682,Fresh(0-50),0,1,1,1,0,0
M,298.9,308.2,1411,51.3,43,0,0,0,0,0,0,1,9.3,7.5795,Fresh(0-50),0,1,1,1,0,0
L,298.9,308.2,1510,43.5,46,0,0,0,0,0,0,0,9.3,6.878,Fresh(0-50),0,0,0,0,0,0
L,299.0,308.3,1441,44.0,48,0,0,0,0,0,0,0,9.3,6.6392,Fresh(0-50),0,0,0,0,0,0
M,299.0,308.2,1358,42.7,50,0,0,0,0,0,0,1,9.2,6.0719,Fresh(0-50),0,0,1,0,0,0
L,298.9,308.2,1686,30.4,53,0,0,0,0,0,0,0,9.3,5.367,Low(51-100),0,0,0,0,0,0
H,299.0,308.2,1662,30.4,55,0,0,0,0,0,0,2,9.2,5.2906,Low(51-100),0,0,0,0,0,0
L,299.1,308.3,1426,40.1,60,0,0,0,0,0,0,0,9.2,5.9877,Low(51-100),0,0,0,0,0,0
M,299.1,308.4,1330,53.6,62,0,0,0,0,0,0,1,9.3,7.4647,Low(51-100),0,1,1,1,0,0
L,299.1,308.4,1693,31.6,65,0,0,0,0,0,0,0,9.3,5.602,Low(51-100),0,0,0,0,0,0
L,299.1,308.4,1426,47.9,67,0,0,0,0,0,0,0,9.3,7.1524,Low(51-100),0,1,0,0,0,0
L,299.1,308.5,1676,31.0,69,0,0,0,0,0,0,0,9.4,5.4404,Low(51-100),0,0,0,0,0,0
M,299.1,308.4,1332,51.7,71,0,0,0,0,0,0,1,9.3,7.2109,Low(51-100),0,1,1,1,0,0
L,299.1,308.5,1647,35.0,74,0,0,0,0,0,0,0,9.4,6.0361,Low(51-100),0,0,0,0,0,0
L,299.2,308.6,1267,68.2,76,1,0,0,1,0,0,0,9.4,9.0481,Low(51-100),0,1,1,1,0,1
H,299.2,308.7,1375,55.1,78,0,0,0,0,0,0,2,9.5,7.9332,Low(51-100),0,1,1,1,0,0
L,299.3,308.6,1422,48.9,83,0,0,0,0,0,0,0,9.3,7.2812,Low(51-100),0,1,1,1,0,0
L,299.3,308.7,1408,48.7,85,0,0,0,0,0,0,0,9.4,7.1801,Low(51-100),0,1,1,1,0,0
L,299.4,308.9,1440,42.5,87,0,0,0,0,0,0,0,9.5,6.4084,Low(51-100),0,0,0,0,0,0
L,299.3,308.8,1772,25.2,89,0,0,0,0,0,0,0,9.5,4.6759,Low(51-100),0,0,0,0,0,0
L,299.2,308.7,1492,37.8,91,0,0,0,0,0,0,0,9.5,5.9055,Low(51-100),0,0,0,0,0,0
L,299.2,308.7,1650,30.5,93,0,0,0,0,0,0,0,9.5,5.2696,Low(51-100),0,0,0,0,0,0
M,299.1,308.6,2329,14.6,95,0,0,0,0,0,0,1,9.5,3.5606,Low(51-100),0,0,0,0,0,0
L,299.0,308.6,1648,30.8,98,0,0,0,0,0,0,0,9.6,5.315,Low(51-100),0,0,0,0,0,0
L,299.0,308.6,1653,31.7,100,0,0,0,0,0,0,0,9.6,5.4869,Low(51-100),0,0,0,0,0,0
L,299.0,308.6,1946,22.3,102,0,0,0,0,0,0,0,9.6,4.5441,Medium(101-150),0,0,0,0,0,0
L,299.1,308.6,1555,36.6,104,0,0,0,0,0,0,0,9.5,5.9595,Medium(101-150),0,0,0,0,0,0
L,299.0,308.6,1661,32.2,106,0,0,0,0,0,0,0,9.6,5.6004,Medium(101-150),0,0,0,0,0,0
L,299.0,308.6,1434,45.9,108,0,0,0,0,0,0,0,9.6,6.8922,Medium(101-150),0,0,0,0,0,0
L,299.0,308.6,1297,54.2,110,0,0,0,0,0,0,0,9.6,7.361,Medium(101-150),0,1,1,1,0,0
L,299.0,308.6,1466,46.4,112,0,0,0,0,0,0,0,9.6,7.1228,Medium(101-150),0,0,0,0,0,0
M,298.9,308.6,1517,39.8,114,0,0,0,0,0,0,1,9.7,6.3222,Medium(101-150),0,0,0,0,0,0
L,298.9,308.5,1742,34.5,117,0,0,0,0,0,0,0,9.6,6.2931,Medium(101-150),0,0,0,0,0,0
L,298.9,308.5,1580,39.1,119,0,0,0,0,0,0,0,9.6,6.4689,Medium(101-150),0,0,0,0,0,0
M,298.9,308.5,1534,42.9,121,0,0,0,0,0,0,1,9.6,6.891,Medium(101-150),0,0,0,0,0,0
L,298.9,308.6,1481,40.7,124,0,0,0,0,0,0,0,9.7,6.3117,Medium(101-150),0,0,0,0,0,0
L,299.0,308.6,1429,37.7,126,0,0,0,0,0,0,0,9.6,5.6412,Medium(101-150),0,0,0,0,0,0
M,298.9,308.6,1574,33.5,128,0,0,0,0,0,0,1,9.7,5.5214,Medium(101-150),0,0,0,0,0,0
M,298.9,308.6,1524,40.4,131,0,0,0,0,0,0,1,9.7,6.4471,Medium(101-150),0,0,0,0,0,0
L,299.0,308.7,1507,37.5,134,0,0,0,0,0,0,0,9.7,5.9175,Medium(101-150),0,0,0,0,0,0
L,298.9,308.5,1467,44.7,136,0,0,0,0,0,0,0,9.6,6.8665,Medium(101-150),0,0,0,0,0,0
L,298.9,308.4,1301,51.1,138,0,0,0,0,0,0,0,9.5,6.9614,Medium(101-150),0,1,1,1,0,0
L,298.9,308.5,1429,55.1,140,0,0,0,0,0,0,0,9.6,8.2448,Medium(101-150),0,1,0,0,0,0
M,298.9,308.5,1555,37.6,142,0,0,0,0,0,0,1,9.6,6.1223,Medium(101-150),0,0,0,0,0,0
L,298.9,308.5,1503,40.6,145,0,0,0,0,0,0,0,9.6,6.3897,Medium(101-150),0,0,0,0,0,0
L,298.9,308.5,1459,43.1,147,0,0,0,0,0,0,0,9.6,6.5846,Medium(101-150),0,0,0,0,0,0
H,298.9,308.4,1449,42.4,149,0,0,0,0,0,0,2,9.5,6.4333,Medium(101-150),0,0,0,0,0,0
L,298.9,308.5,1387,57.3,154,0,0,0,0,0,0,0,9.6,8.322,High(151-200),0,1,1,1,0,0
M,298.9,308.5,1456,50.0,156,0,0,0,0,0,0,1,9.6,7.623,High(151-200),0,1,0,0,0,0
L,299.0,308.5,1604,34.7,159,0,0,0,0,0,0,0,9.5,5.8281,High(151-200),0,0,0,0,0,0
L,299.0,308.6,1734,32.4,161,0,0,0,0,0,0,0,9.6,5.8829,High(151-200),0,0,0,0,0,0
L,299.0,308.6,1378,47.8,163,0,0,0,0,0,0,0,9.6,6.8972,High(151-200),0,1,1,1,0,0
L,298.9,308.7,1504,41.8,165,0,0,0,0,0,0,0,9.8,6.583,High(151-200),0,0,0,0,0,0
M,298.9,308.7,1402,49.8,167,0,0,0,0,0,0,1,9.8,7.311,High(151-200),0,1,1,1,0,0
H,298.8,308.6,1524,37.7,170,0,0,0,0,0,0,2,9.8,6.0162,High(151-200),0,0,0,0,0,0
L,298.8,308.6,1593,35.5,175,0,0,0,0,0,0,0,9.8,5.9216,High(151-200),0,0,0,0,0,0
M,298.9,308.7,1772,28.4,177,0,0,0,0,0,0,1,9.8,5.2696,High(151-200),0,0,0,0,0,0
H,298.9,308.6,1623,31.0,180,0,0,0,0,0,0,2,9.7,5.2684,High(151-200),0,0,0,0,0,0
L,298.9,308.7,1356,50.7,185,0,0,0,0,0,0,0,9.8,7.1989,High(151-200),0,1,1,1,0,0
H,298.9,308.7,1500,41.6,187,0,0,0,0,0,0,2,9.8,6.534,High(151-200),0,0,0,0,0,0
H,299.1,308.8,1566,46.6,192,0,0,0,0,0,0,2,9.7,7.6414,High(151-200),0,0,0,0,0,0
L,299.1,308.9,1445,43.4,197,0,0,0,0,0,0,0,9.8,6.5668,High(151-200),0,0,0,0,0,0
H,299.0,308.8,1382,58.5,199,0,0,0,0,0,0,2,9.8,8.4657,High(151-200),0,1,1,1,0,0
M,299.0,308.8,1418,45.7,204,0,0,0,0,0,0,1,9.8,6.7856,Critical(>200),1,0,1,0,0,0
L,299.1,308.8,1329,53.6,207,1,0,0,0,1,0,0,9.7,7.4591,Critical(>200),1,1,1,1,0,1
M,299.1,308.8,1491,41.0,209,0,0,0,0,0,0,1,9.7,6.4012,Critical(>200),1,0,0,0,0,0
M,299.2,308.9,1573,37.4,212,0,0,0,0,0,0,1,9.7,6.1602,Critical(>200),1,0,0,0,0,0
M,299.2,308.9,1521,42.3,215,0,0,0,0,0,0,1,9.7,6.737,Critical(>200),1,0,0,0,0,0
L,299.1,308.9,1467,47.2,218,0,0,0,0,0,0,0,9.8,7.2505,Critical(>200),1,1,0,0,0,0
M,299.1,308.9,1325,48.4,220,0,0,0,0,0,0,1,9.8,6.7152,Critical(>200),1,1,1,1,0,0
L,299.1,308.9,1617,32.3,223,0,0,0,0,0,0,0,9.8,5.469,Critical(>200),1,0,0,0,0,0
M,299.1,308.9,1476,42.7,225,0,0,0,0,0,0,1,9.8,6.5995,Critical(>200),1,0,0,0,0,0
L,299.2,309.0,1515,48.9,228,1,0,0,0,1,0,0,9.8,7.7574,Critical(>200),1,1,0,0,0,1
L,299.2,309.0,1408,47.2,0,0,0,0,0,0,0,0,9.8,6.9589,Fresh(0-50),0,1,1,1,0,0
L,299.2,309.1,1468,45.6,2,0,0,0,0,0,0,0,9.9,7.0095,Fresh(0-50),0,0,0,0,0,0
L,299.2,309.1,1387,48.7,4,0,0,0,0,0,0,0,9.9,7.073,Fresh(0-50),0,1,1,1,0,0
M,299.2,309.1,1503,34.7,6,0,0,0,0,0,0,1,9.9,5.4612,Fresh(0-50),0,0,0,0,0,0
H,299.2,309.1,1410,47.1,9,0,0,0,0,0,0,2,9.9,6.954,Fresh(0-50),0,1,1,1,0,0
L,299.0,308.9,1615,30.6,14,0,0,0,0,0,0,0,9.9,5.1748,Fresh(0-50),0,0,0,0,0,0
L,299.0,308.9,1511,35.9,16,0,0,0,0,0,0,0,9.9,5.6801,Fresh(0-50),0,0,0,0,0,0
L,299.1,309.0,1405,53.8,18,0,0,0,0,0,0,0,9.9,7.9151,Fresh(0-50),0,1,1,1,0,0
M,299.0,308.9,1526,41.1,20,0,0,0,0,0,0,1,9.9,6.5674,Fresh(0-50),0,0,0,0,0,0
L,298.9,308.8,1530,38.3,23,0,0,0,0,0,0,0,9.9,6.136,Fresh(0-50),0,0,0,0,0,0
L,299.0,308.7,1583,32.5,25,0,0,0,0,0,0,0,9.7,5.3872,Fresh(0-50),0,0,0,0,0,0
L,298.9,308.6,2069,18.7,27,0,0,0,0,0,0,0,9.7,4.0513,Fresh(0-50),0,0,0,0,0,0
L,298.8,308.5,1490,35.0,29,0,0,0,0,0,0,0,9.7,5.4607,Fresh(0-50),0,0,0,0,0,0
L,298.8,308.5,1736,29.0,31,0,0,0,0,0,0,0,9.7,5.2716,Fresh(0-50),0,0,0,0,0,0
L,298.8,308.5,1395,44.4,33,0,0,0,0,0,0,0,9.7,6.4857,Fresh(0-50),0,0,1,0,0,0
M,298.9,308.6,1425,49.6,35,0,0,0,0,0,0,1,9.7,7.401,Fresh(0-50),0,1,0,0,0,0
L,298.8,308.6,1631,32.4,38,0,0,0,0,0,0,0,9.8,5.5334,Fresh(0-50),0,0,0,0,0,0
L,298.8,308.6,1535,41.2,40,0,0,0,0,0,0,0,9.8,6.6222,Fresh(0-50),0,0,0,0,0,0
L,298.8,308.6,1584,34.4,42,0,0,0,0,0,0,0,9.8,5.7057,Fresh(0-50),0,0,0,0,0,0
M,298.8,308.7,1543,38.2,44,0,0,0,0,0,0,1,9.9,6.172,Fresh(0-50),0,0,0,0,0,0
L,298.8,308.7,1635,35.2,47,0,0,0,0,0,0,0,9.9,6.0264,Fresh(0-50),0,0,0,0,0,0
M,298.8,308.7,1446,45.5,49,0,0,0,0,0,0,1,9.9,6.8893,Fresh(0-50),0,0,0,0,0,0
M,298.8,308.6,1598,35.1,52,0,0,0,0,0,0,1,9.8,5.8733,Low(51-100),0,0,0,0,0,0
L,298.8,308.6,1501,35.0,55,0,0,0,0,0,0,0,9.8,5.501,Low(51-100),0,0,0,0,0,0
L,298.8,308.5,1450,50.8,57,0,0,0,0,0,0,0,9.7,7.7131,Low(51-100),0,1,0,0,0,0
L,298.8,308.6,1730,25.9,59,0,0,0,0,0,0,0,9.8,4.6918,Low(51-100),0,0,0,0,0,0
M,298.8,308.6,1571,33.7,61,0,0,0,0,0,0,1,9.8,5.5437,Low(51-100),0,0,0,0,0,0
L,298.9,308.7,1438,51.7,64,0,0,0,0,0,0,0,9.8,7.7848,Low(51-100),0,1,0,0,0,0
M,298.8,308.5,1510,38.7,66,0,0,0,0,0,0,1,9.7,6.1191,Low(51-100),0,0,0,0,0,0
L,298.9,308.7,1389,44.9,69,0,0,0,0,0,0,0,9.8,6.5305,Low(51-100),0,0,1,0,0,0
L,298.8,308.7,1490,33.6,71,0,0,0,0,0,0,0,9.9,5.2423,Low(51-100),0,0,0,0,0,0
L,298.9,308.7,1729,26.6,73,0,0,0,0,0,0,0,9.8,4.8159,Low(51-100),0,0,0,0,0,0
L,299.0,308.8,1495,38.4,75,0,0,0,0,0,0,0,9.8,6.0113,Low(51-100),0,0,0,0,0,0
L,298.9,308.8,1281,53.9,77,0,0,0,0,0,0,0,9.9,7.2299,Low(51-100),0,1,1,1,0,0
H,298.9,308.7,1353,48.1,79,0,0,0,0,0,0,2,9.8,6.8146,Low(51-100),0,1,1,1,0,0
L,299.1,308.8,1429,50.1,84,0,0,0,0,0,0,0,9.7,7.4966,Low(51-100),0,1,0,0,0,0
L,299.1,308.8,1413,42.1,86,0,0,0,0,0,0,0,9.7,6.229,Low(51-100),0,0,1,0,0,0
L,299.1,308.8,1502,38.3,88,0,0,0,0,0,0,0,9.7,6.0237,Low(51-100),0,0,0,0,0,0
H,299.1,308.8,1553,32.6,90,0,0,0,0,0,0,2,9.7,5.3013,Low(51-100),0,0,0,0,0,0
H,299.2,308.9,1712,26.4,95,0,0,0,0,0,0,2,9.7,4.7326,Low(51-100),0,0,0,0,0,0
L,299.3,309.0,1786,23.5,100,0,0,0,0,0,0,0,9.7,4.3949,Low(51-100),0,0,0,0,0,0
L,299.2,309.0,1951,21.4,102,0,0,0,0,0,0,0,9.8,4.3719,Medium(101-150),0,0,0,0,0,0
M,299.2,309.0,1541,36.3,104,0,0,0,0,0,0,1,9.8,5.8574,Medium(101-150),0,0,0,0,0,0
L,299.2,309.1,1605,34.3,107,0,0,0,0,0,0,0,9.9,5.7646,Medium(101-150),0,0,0,0,0,0
L,299.2,309.1,1578,38.1,109,0,0,0,0,0,0,0,9.9,6.2955,Medium(101-150),0,0,0,0,0,0
M,299.3,309.2,1440,37.5,111,0,0,0,0,0,0,1,9.9,5.6545,Medium(101-150),0,0,0,0,0,0
L,299.4,309.2,1489,42.3,114,0,0,0,0,0,0,0,9.8,6.5953,Medium(101-150),0,0,0,0,0,0
L,299.4,309.3,1366,48.4,116,0,0,0,0,0,0,0,9.9,6.923,Medium(101-150),0,1,1,1,0,0
L,299.3,309.2,1541,37.2,118,0,0,0,0,0,0,0,9.9,6.0026,Medium(101-150),0,0,0,0,0,0
H,299.3,309.1,1552,40.7,120,0,0,0,0,0,0,2,9.8,6.6143,Medium(101-150),0,0,0,0,0,0
L,299.3,309.1,1473,40.3,125,0,0,0,0,0,0,0,9.8,6.2159,Medium(101-150),0,0,0,0,0,0
L,299.3,309.1,1531,37.9,127,0,0,0,0,0,0,0,9.8,6.0759,Medium(101-150),0,0,0,0,0,0
L,299.3,309.2,1511,37.2,129,0,0,0,0,0,0,0,9.9,5.8858,Medium(101-150),0,0,0,0,0,0
M,299.3,309.1,1449,47.9,131,0,0,0,0,0,0,1,9.8,7.2678,Medium(101-150),0,1,0,0,0,0
M,299.4,309.1,1440,50.0,134,0,0,0,0,0,0,1,9.7,7.5393,Medium(101-150),0,1,0,0,0,0
M,299.2,309.0,1881,23.9,137,0,0,0,0,0,0,1,9.8,4.7074,Medium(101-150),0,0,0,0,0,0
L,299.3,309.0,1447,50.4,140,0,0,0,0,0,1,0,9.7,7.6365,Medium(101-150),0,1,0,0,0,1
M,299.4,309.1,1326,62.0,142,0,0,0,0,0,0,1,9.7,8.6086,Medium(101-150),0,1,1,1,0,0
L,299.4,309.2,1607,31.7,145,0,0,0,0,0,0,0,9.8,5.3342,Medium(101-150),0,0,0,0,0,0
L,299.3,309.1,1551,39.1,147,0,0,0,0,0,0,0,9.8,6.3502,Medium(101-150),0,0,0,0,0,0
L,299.3,309.1,1496,37.2,149,0,0,0,0,0,0,0,9.8,5.8274,Medium(101-150),0,0,0,0,0,0
L,299.3,309.1,1493,38.0,151,0,0,0,0,0,0,0,9.8,5.9407,High(151-200),0,0,0,0,0,0
L,299.4,309.1,1304,50.5,153,0,0,0,0,0,0,0,9.7,6.8955,High(151-200),0,1,1,1,0,0
M,299.3,309.0,1420,41.6,155,0,0,0,0,0,0,1,9.7,6.1855,High(151-200),0,0,1,0,0,0
L,299.4,309.1,1766,24.6,158,0,0,0,0,0,0,0,9.7,4.5491,High(151-200),0,0,0,0,0,0
L,299.6,309.2,1450,43.1,160,0,0,0,0,0,0,0,9.6,6.544,High(151-200),0,0,0,0,0,0
H,299.5,309.2,1872,22.6,162,0,0,0,0,0,0,2,9.7,4.4301,High(151-200),0,0,0,0,0,0
L,299.6,309.2,1713,26.5,167,0,0,0,0,0,0,0,9.6,4.7534,High(151-200),0,0,0,0,0,0
M,299.5,309.2,1497,40.9,169,0,0,0,0,0,0,1,9.7,6.4112,High(151-200),0,0,0,0,0,0
M,299.4,309.1,1352,44.7,172,0,0,0,0,0,0,1,9.7,6.3282,High(151-200),0,0,1,0,0,0
L,299.5,309.2,1499,41.5,175,0,0,0,0,0,0,0,9.7,6.514,High(151-200),0,0,0,0,0,0
L,299.5,309.3,1972,19.3,177,0,0,0,0,0,0,0,9.8,3.9853,High(151-200),0,0,0,0,0,0
L,299.5,309.3,1422,49.2,179,0,0,0,0,0,0,0,9.8,7.3259,High(151-200),0,1,1,1,0,0
L,299.5,309.3,1523,41.5,181,0,0,0,0,0,0,0,9.8,6.6183,High(151-200),0,0,0,0,0,0
L,299.5,309.4,1563,41.5,183,0,0,0,0,0,0,0,9.9,6.7921,High(151-200),0,0,0,0,0,0
L,299.4,309.3,1391,46.6,185,0,0,0,0,0,0,0,9.9,6.7875,High(151-200),0,0,1,0,0,0
L,299.3,309.1,1795,24.7,187,0,0,0,0,0,0,0,9.8,4.6426,High(151-200),0,0,0,0,0,0
L,299.3,309.1,1293,53.7,189,0,0,0,0,0,0,0,9.8,7.2706,High(151-200),0,1,1,1,0,0
L,299.2,309.1,1345,60.7,191,1,0,0,0,1,0,0,9.9,8.5488,High(151-200),0,1,1,1,0,1
L,299.2,309.0,1615,33.7,193,0,0,0,0,0,0,0,9.8,5.699,High(151-200),0,0,0,0,0,0
L,299.2,308.9,1342,50.8,195,0,0,0,0,0,0,0,9.7,7.1386,High(151-200),0,1,1,1,0,0
L,299.1,308.8,1502,46.7,197,0,0,0,0,0,0,0,9.7,7.3449,High(151-200),0,0,0,0,0,0
M,299.0,308.7,1620,35.4,199,0,0,0,0,0,0,1,9.7,6.005,High(151-200),0,0,0,0,0,0
L,299.0,308.7,1537,42.8,202,0,0,0,0,0,0,0,9.7,6.8883,Critical(>200),1,0,0,0,0,0
L,299.0,308.7,2248,16.8,204,0,0,0,0,0,0,0,9.7,3.9546,Critical(>200),1,0,0,0,0,0
L,299.0,308.7,1706,28.6,206,0,0,0,0,0,0,0,9.7,5.1091,Critical(>200),1,0,0,0,0,0
L,299.0,308.7,2250,16.6,208,0,0,0,0,0,0,0,9.7,3.911,Critical(>200),1,0,0,0,0,0
L,299.0,308.7,1396,48.6,0,0,0,0,0,0,0,0,9.7,7.1043,Fresh(0-50),0,1,1,1,0,0
L,298.9,308.6,1522,46.4,2,0,0,0,0,0,0,0,9.7,7.3948,Fresh(0-50),0,0,0,0,0,0
L,298.9,308.6,1539,45.4,4,0,0,0,0,0,0,0,9.7,7.3163,Fresh(0-50),0,0,0,0,0,0
H,298.9,308.5,1415,54.0,6,0,0,0,0,0,0,2,9.6,8.001,Fresh(0-50),0,1,1,1,0,0
L,298.8,308.5,1446,37.0,11,0,0,0,0,0,0,0,9.7,5.6023,Fresh(0-50),0,0,0,0,0,0
M,298.8,308.6,1486,41.1,13,0,0,0,0,0,0,1,9.8,6.3952,Fresh(0-50),0,0,0,0,0,0
L,299.0,308.7,1426,38.6,16,0,0,0,0,0,0,0,9.7,5.7637,Fresh(0-50),0,0,0,0,0,0
L,299.0,308.7,1449,38.9,18,0,0,0,0,0,0,0,9.7,5.9022,Fresh(0-50),0,0,0,0,0,0
L,299.1,308.8,1320,67.5,20,1,0,0,1,0,0,0,9.7,9.3298,Fresh(0-50),0,1,1,1,0,1
M,299.2,308.9,1447,39.6,22,0,0,0,0,0,0,1,9.7,6.0001,Fresh(0-50),0,0,0,0,0,0
L,299.3,309.0,1422,47.3,25,0,0,0,0,0,0,0,9.7,7.043,Fresh(0-50),0,1,1,1,0,0
L,299.3,309.1,1399,52.1,27,0,0,0,0,0,0,0,9.8,7.6322,Fresh(0-50),0,1,1,1,0,0
L,299.4,309.2,1427,41.5,29,0,0,0,0,0,0,0,9.8,6.2011,Fresh(0-50),0,0,0,0,0,0
M,299.3,309.2,1334,46.3,31,0,0,0,0,0,0,1,9.9,6.4675,Fresh(0-50),0,0,1,0,0,0
M,299.3,309.1,1385,45.6,34,0,0,0,0,0,0,1,9.8,6.6132,Fresh(0-50),0,0,1,0,0,0
L,299.4,309.2,1552,37.4,37,0,0,0,0,0,0,0,9.8,6.078,Fresh(0-50),0,0,0,0,0,0
H,299.4,309.3,1534,37.5,39,0,0,0,0,0,0,2,9.9,6.0236,Fresh(0-50),0,0,0,0,0,0
L,299.4,309.3,1448,48.6,44,0,0,0,0,0,0,0,9.9,7.3689,Fresh(0-50),0,1,0,0,0,0
L,299.5,309.3,1409,44.7,46,0,0,0,0,0,0,0,9.8,6.595,Fresh(0-50),0,0,1,0,0,0
L,299.4,309.2,1621,34.5,48,0,0,0,0,0,0,0,9.8,5.856,Fresh(0-50),0,0,0,0,0,0
H,299.4,309.1,1547,40.9,50,0,0,0,0,0,0,2,9.7,6.6254,Fresh(0-50),0,0,0,0,0,0
L,299.4,309.1,1957,22.1,55,0,0,0,0,0,0,0,9.7,4.5288,Low(51-100),0,0,0,0,0,0
L,299.4,309.1,2421,14.2,57,0,0,0,0,0,0,0,9.7,3.5998,Low(51-100),0,0,0,0,0,0
M,299.3,309.1,1571,38.3,59,0,0,0,0,0,0,1,9.8,6.3005,Low(51-100),0,0,0,0,0,0
L,299.3,309.1,1634,36.8,62,0,0,0,0,0,0,0,9.8,6.2965,Low(51-100),0,0,0,0,0,0
L,299.3,309.0,1516,38.7,64,0,0,0,0,0,0,0,9.7,6.1434,Low(51-100),0,0,0,0,0,0
L,299.4,309.1,1207,66.5,66,0,0,0,0,0,0,0,9.7,8.4048,Low(51-100),0,1,1,1,0,0
L,299.4,309.1,1670,35.9,68,0,0,0,0,0,0,0,9.7,6.2778,Low(51-100),0,0,0,0,0,0
M,299.4,309.1,1461,48.6,70,0,0,0,0,0,0,1,9.7,7.435,Low(51-100),0,1,0,0,0,0
L,299.4,309.2,1569,40.8,73,0,0,0,0,0,0,0,9.8,6.7032,Low(51-100),0,0,0,0,0,0
L,299.4,309.2,1556,35.7,75,0,0,0,0,0,0,0,9.8,5.8167,Low(51-100),0,0,0,0,0,0
M,299.5,309.3,1506,41.5,77,0,0,0,0,0,0,1,9.8,6.5444,Low(51-100),0,0,0,0,0,0
M,299.6,309.4,1642,30.3,80,0,0,0,0,0,0,1,9.8,5.2097,Low(51-100),0,0,0,0,0,0
M,299.6,309.4,1283,62.1,83,0,0,0,0,0,0,1,9.8,8.3429,Low(51-100),0,1,1,1,0,0
H,299.7,309.5,1375,46.8,86,0,0,0,0,0,0,2,9.8,6.7382,Low(51-100),0,0,1,0,0,0
L,299.7,309.4,1399,39.9,91,0,0,0,0,0,0,0,9.7,5.845,Low(51-100),0,0,1,0,0,0
L,299.7,309.4,1650,29.8,93,0,0,0,0,0,0,0,9.7,5.1487,Low(51-100),0,0,0,0,0,0
M,299.8,309.6,1346,53.2,95,0,0,0,0,0,0,1,9.8,7.4981,Low(51-100),0,1,1,1,0,0
H,299.9,309.6,1410,51.2,98,0,0,0,0,0,0,2,9.7,7.5594,Low(51-100),0,1,1,1,0,0
L,300.0,309.7,1586,37.8,103,0,0,0,0,0,0,0,9.7,6.2776,Medium(101-150),0,0,0,0,0,0
L,300.0,309.8,1372,39.6,105,0,0,0,0,0,0,0,9.8,5.6891,Medium(101-150),0,0,1,0,0,0
H,300.0,309.7,1529,42.4,107,0,0,0,0,0,0,2,9.7,6.7884,Medium(101-150),0,0,0,0,0,0
M,300.0,309.7,1652,28.6,112,0,0,0,0,0,0,1,9.7,4.9474,Medium(101-150),0,0,0,0,0,0
L,300.1,309.8,1532,39.8,115,0,0,0,0,0,0,0,9.7,6.3847,Medium(101-150),0,0,0,0,0,0
L,300.0,309.7,1554,32.0,117,0,0,0,0,0,0,0,9.7,5.2071,Medium(101-150),0,0,0,0,0,0
H,299.9,309.6,1462,51.0,119,0,0,0,0,0,0,2,9.7,7.8075,Medium(101-150),0,1,0,0,0,0
L,299.9,309.6,1254,61.3,124,0,0,0,0,0,0,0,9.7,8.0492,Medium(101-150),0,1,1,1,0,0
L,299.9,309.6,1294,49.7,126,0,0,0,0,0,0,0,9.7,6.7342,Medium(101-150),0,1,1,1,0,0
L,299.8,309.5,1739,27.5,128,0,0,0,0,0,0,0,9.7,5.0076,Medium(101-150),0,0,0,0,0,0
M,299.8,309.4,1412,47.8,130,0,0,0,0,0,0,1,9.6,7.0674,Medium(101-150),0,1,1,1,0,0
M,299.9,309.5,1372,56.2,133,0,0,0,0,0,0,1,9.6,8.074,Medium(101-150),0,1,1,1,0,0
H,299.8,309.5,1420,46.7,136,0,0,0,0,0,0,2,9.7,6.9439,Medium(101-150),0,0,1,0,0,0
L,299.8,309.5,1542,40.3,141,0,0,0,0,0,0,0,9.7,6.5071,Medium(101-150),0,0,0,0,0,0
M,299.8,309.4,1401,48.1,143,0,0,0,0,0,0,1,9.6,7.0563,Medium(101-150),0,1,1,1,0,0
L,299.8,309.4,1510,42.5,146,0,0,0,0,0,0,0,9.6,6.7199,Medium(101-150),0,0,0,0,0,0
H,299.9,309.5,1547,38.5,148,0,0,0,0,0,0,2,9.6,6.2366,Medium(101-150),0,0,0,0,0,0
M,299.8,309.5,1453,43.2,153,0,0,0,0,0,0,1,9.7,6.5727,High(151-200),0,0,0,0,0,0
L,299.8,309.4,1408,45.6,156,0,0,0,0,0,0,0,9.6,6.723,High(151-200),0,0,1,0,0,0
L,299.8,309.4,1436,51.6,158,0,0,0,0,0,0,0,9.6,7.7589,High(151-200),0,1,0,0,0,0
M,299.9,309.5,1582,38.2,160,0,0,0,0,0,0,1,9.6,6.328,High(151-200),0,0,0,0,0,0
L,299.9,309.6,1280,59.3,163,0,0,0,0,0,0,0,9.7,7.9481,High(151-200),0,1,1,1,0,0
L,299.9,309.5,2008,20.4,165,0,0,0,0,0,0,0,9.6,4.2893,High(151-200),0,0,0,0,0,0
L,299.9,309.5,1772,23.5,167,0,0,0,0,0,0,0,9.6,4.3604,High(151-200),0,0,0,0,0,0
L,299.9,309.5,1779,26.1,169,0,0,0,0,0,0,0,9.6,4.862,High(151-200),0,0,0,0,0,0
L,299.9,309.5,1567,35.5,171,0,0,0,0,0,0,0,9.6,5.825,High(151-200),0,0,0,0,0,0
M,299.8,309.4,1751,27.0,173,0,0,0,0,0,0,1,9.6,4.9505,High(151-200),0,0,0,0,0,0
L,299.9,309.5,1349,51.3,176,0,0,0,0,0,0,0,9.6,7.2465,High(151-200),0,1,1,1,0,0
M,300.0,309.5,1425,40.8,178,0,0,0,0,0,0,1,9.5,6.088,High(151-200),0,0,0,0,0,0
L,300.0,309.4,1395,44.5,181,0,0,0,0,0,0,0,9.4,6.5003,High(151-200),0,0,1,0,0,0
H,299.8,309.3,1595,32.1,183,0,0,0,0,0,0,2,9.5,5.3612,High(151-200),0,0,0,0,0,0
L,299.8,309.3,1291,56.4,188,0,0,0,0,0,0,0,9.5,7.6243,High(151-200),0,1,1,1,0,0
M,299.9,309.4,1509,42.8,190,0,0,0,0,0,0,1,9.5,6.7628,High(151-200),0,0,0,0,0,0
M,299.9,309.4,1483,38.1,193,0,0,0,0,0,0,1,9.5,5.9165,High(151-200),0,0,0,0,0,0
L,299.9,309.3,1620,31.1,196,0,0,0,0,0,0,0,9.4,5.2756,High(151-200),0,0,0,0,0,0
M,299.9,309.4,1487,42.2,198,0,0,0,0,0,0,1,9.5,6.5708,High(151-200),0,0,0,0,0,0
L,299.8,309.4,2256,15.9,201,0,0,0,0,0,0,0,9.6,3.7561,Critical(>200),1,0,0,0,0,0
H,299.7,309.2,1691,27.7,203,0,0,0,0,0,0,2,9.5,4.9048,Critical(>200),1,0,0,0,0,0
M,299.8,309.3,1663,35.2,208,0,0,0,0,0,0,1,9.5,6.1296,Critical(>200),1,0,0,0,0,0
M,299.8,309.3,1640,31.1,211,0,0,0,0,0,0,1,9.5,5.3407,Critical(>200),1,0,0,0,0,0
H,299.7,309.3,1494,37.8,214,0,0,0,0,0,0,2,9.6,5.9134,Critical(>200),1,0,0,0,0,0
L,299.8,309.4,1467,46.2,219,0,0,0,0,0,0,0,9.6,7.0969,Critical(>200),1,0,0,0,0,0
M,299.7,309.3,1399,41.9,221,1,1,0,0,0,0,1,9.6,6.138,Critical(>200),1,0,1,0,0,1
L,299.7,309.3,1445,42.6,0,0,0,0,0,0,0,0,9.6,6.4458,Fresh(0-50),0,0,0,0,0,0
L,299.8,309.4,1480,40.9,2,0,0,0,0,0,0,0,9.6,6.3384,Fresh(0-50),0,0,0,0,0,0
L,299.7,309.3,1546,37.2,4,0,0,0,0,0,0,0,9.6,6.0221,Fresh(0-50),0,0,0,0,0,0
L,299.7,309.3,1574,35.8,6,0,0,0,0,0,0,0,9.6,5.9004,Fresh(0-50),0,0,0,0,0,0
L,299.7,309.3,1592,34.2,8,0,0,0,0,0,0,0,9.6,5.7012,Fresh(0-50),0,0,0,0,0,0
L,299.8,309.5,1495,39.6,10,0,0,0,0,0,0,0,9.7,6.1992,Fresh(0-50),0,0,0,0,0,0
L,299.8,309.6,1447,43.1,12,0,0,0,0,0,0,0,9.8,6.5304,Fresh(0-50),0,0,0,0,0,0
L,299.8,309.5,1476,44.4,14,0,0,0,0,0,0,0,9.7,6.8622,Fresh(0-50),0,0,0,0,0,0
L,299.8,309.5,1641,27.1,16,0,0,0,0,0,0,0,9.7,4.6567,Fresh(0-50),0,0,0,0,0,0
L,299.8,309.5,1545,32.2,18,0,0,0,0,0,0,0,9.7,5.2093,Fresh(0-50),0,0,0,0,0,0
M,299.9,309.6,1364,44.4,20,0,0,0,0,0,0,1,9.7,6.3415,Fresh(0-50),0,0,1,0,0,0
L,299.8,309.5,1590,28.5,23,0,0,0,0,0,0,0,9.7,4.745,Fresh(0-50),0,0,0,0,0,0
L,299.8,309.4,1460,37.4,25,0,0,0,0,0,0,0,9.6,5.7177,Fresh(0-50),0,0,0,0,0,0
L,299.8,309.4,1609,32.5,27,0,0,0,0,0,0,0,9.6,5.4757,Fresh(0-50),0,0,0,0,0,0
L,299.8,309.4,1633,27.5,29,0,0,0,0,0,0,0,9.6,4.7024,Fresh(0-50),0,0,0,0,0,0
L,299.9,309.4,1348,52.8,31,0,0,0,0,0,0,0,9.5,7.4528,Fresh(0-50),0,1,1,1,0,0
L,299.9,309.4,1322,53.9,33,0,0,0,0,0,0,0,9.5,7.4613,Fresh(0-50),0,1,1,1,0,0
L,300.0,309.5,1641,30.1,35,0,0,0,0,0,0,0,9.5,5.1722,Fresh(0-50),0,0,0,0,0,0
L,300.0,309.5,1728,26.0,37,0,0,0,0,0,0,0,9.5,4.7045,Fresh(0-50),0,0,0,0,0,0
L,300.0,309.6,1431,47.7,39,0,0,0,0,0,0,0,9.6,7.1475,Fresh(0-50),0,1,0,0,0,0
L,300.1,309.7,1641,30.4,41,0,0,0,0,0,0,0,9.6,5.2237,Fresh(0-50),0,0,0,0,0,0
M,300.1,309.6,1622,36.1,43,0,0,0,0,0,0,1,9.5,6.1313,Fresh(0-50),0,0,0,0,0,0
M,300.1,309.6,1625,38.0,46,0,0,0,0,0,0,1,9.5,6.466,Fresh(0-50),0,0,0,0,0,0
L,300.0,309.5,1869,22.7,49,0,0,0,0,0,0,0,9.5,4.4425,Fresh(0-50),0,0,0,0,0,0
L,300.0,309.6,1452,46.0,51,0,0,0,0,0,0,0,9.6,6.9939,Low(51-100),0,0,0,0,0,0
L,300.0,309.6,1618,28.7,53,0,0,0,0,0,0,0,9.6,4.8625,Low(51-100),0,0,0,0,0,0
L,300.0,309.4,2010,20.0,55,0,0,0,0,0,0,0,9.4,4.2094,Low(51-100),0,0,0,0,0,0
L,299.9,309.4,1363,60.9,57,0,0,0,0,0,0,0,9.5,8.6918,Low(51-100),0,1,1,1,0,0
L,299.9,309.3,1473,40.4,59,0,0,0,0,0,0,0,9.4,6.2313,Low(51-100),0,0,0,0,0,0
L,299.9,309.2,1333,50.8,61,0,0,0,0,0,0,0,9.3,7.0907,Low(51-100),0,1,1,1,0,0
L,299.8,309.2,1760,25.9,63,0,0,0,0,0,0,0,9.4,4.7732,Low(51-100),0,0,0,0,0,0
M,299.8,309.2,1372,58.2,65,0,0,0,0,0,0,1,9.4,8.3613,Low(51-100),0,1,1,1,0,0
M,299.7,309.2,1608,34.4,68,0,0,0,0,0,0,1,9.5,5.7922,Low(51-100),0,0,0,0,0,0
L,299.7,309.2,1326,64.8,71,0,0,0,0,0,0,0,9.5,8.9974,Low(51-100),0,1,1,1,0,0
M,299.6,309.1,1560,37.1,73,0,0,0,0,0,0,1,9.5,6.0603,Low(51-100),0,0,0,0,0,0
M,299.6,309.0,1539,36.1,76,0,0,0,0,0,0,1,9.4,5.8176,Low(51-100),0,0,0,0,0,0
L,299.6,309.1,2266,15.3,79,0,0,0,0,0,0,0,9.5,3.6303,Low(51-100),0,0,0,0,0,0
L,299.6,309.1,1641,35.8,81,0,0,0,0,0,0,0,9.5,6.1516,Low(51-100),0,0,0,0,0,0
L,299.6,309.1,1574,39.2,83,0,0,0,0,0,0,0,9.5,6.4608,Low(51-100),0,0,0,0,0,0
L,299.6,309.1,1407,50.6,85,0,0,0,0,0,0,0,9.5,7.4549,Low(51-100),0,1,1,1,0,0
H,299.7,309.2,1302,55.5,87,0,0,0,0,0,0,2,9.5,7.5666,Low(51-100),0,1,1,1,0,0
M,299.6,309.2,1651,30.8,92,0,0,0,0,0,0,1,9.6,5.3247,Low(51-100),0,0,0,0,0,0
M,299.6,309.1,1366,55.2,95,0,0,0,0,0,0,1,9.5,7.8956,Low(51-100),0,1,1,1,0,0
M,299.5,309.0,1701,28.6,98,0,0,0,0,0,0,1,9.5,5.0941,Low(51-100),0,0,0,0,0,0
L,299.5,309.0,1498,44.6,101,0,0,0,0,0,0,0,9.5,6.9959,Medium(101-150),0,0,0,0,0,0
M,299.5,309.1,1422,45.3,103,0,0,0,0,0,0,1,9.6,6.7452,Medium(101-150),0,0,1,0,0,0
L,299.5,309.1,1357,47.3,106,0,0,0,0,0,0,0,9.6,6.7211,Medium(101-150),0,1,1,1,0,0
L,299.5,309.2,1690,29.2,108,0,0,0,0,0,0,0,9.7,5.1673,Medium(101-150),0,0,0,0,0,0
L,299.6,309.2,1559,39.1,110,0,0,0,0,0,0,0,9.6,6.3829,Medium(101-150),0,0,0,0,0,0
M,299.6,309.3,1553,32.4,112,0,0,0,0,0,0,1,9.7,5.2688,Medium(101-150),0,0,0,0,0,0
L,299.6,309.3,1558,34.8,115,0,0,0,0,0,0,0,9.7,5.6773,Medium(101-150),0,0,0,0,0,0
L,299.7,309.4,1362,51.9,117,0,0,0,0,0,0,0,9.7,7.4019,Medium(101-150),0,1,1,1,0,0
M,299.8,309.3,1470,42.7,119,0,0,0,0,0,0,1,9.5,6.5727,Medium(101-150),0,0,0,0,0,0
L,299.8,309.4,1555,34.8,122,0,0,0,0,0,0,0,9.6,5.6664,Medium(101-150),0,0,0,0,0,0
M,299.8,309.4,1423,42.9,124,0,0,0,0,0,0,1,9.6,6.3923,Medium(101-150),0,0,0,0,0,0
L,299.7,309.3,1434,38.5,127,0,0,0,0,0,0,0,9.6,5.781,Medium(101-150),0,0,0,0,0,0
L,299.7,309.3,1779,25.5,129,0,0,0,0,0,0,0,9.6,4.7502,Medium(101-150),0,0,0,0,0,0
L,299.7,309.3,1417,54.6,131,0,0,0,0,0,0,0,9.6,8.1014,Medium(101-150),0,1,1,1,0,0
L,299.6,309.2,1425,45.9,133,0,0,0,0,0,0,0,9.6,6.849,Medium(101-150),0,0,0,0,0,0
M,299.7,309.2,1597,32.9,135,0,0,0,0,0,0,1,9.5,5.5017,Medium(101-150),0,0,0,0,0,0
L,299.7,309.2,1346,57.4,138,0,0,0,0,0,0,0,9.5,8.0901,Medium(101-150),0,1,1,1,0,0
L,299.7,309.2,1422,40.4,140,0,0,0,0,0,0,0,9.5,6.0156,Medium(101-150),0,0,1,0,0,0
H,299.7,309.2,1572,32.8,142,0,0,0,0,0,0,2,9.5,5.3991,Medium(101-150),0,0,0,0,0,0
L,299.7,309.2,1412,45.4,147,0,0,0,0,0,0,0,9.5,6.7125,Medium(101-150),0,0,1,0,0,0
M,299.7,309.1,1576,36.4,149,0,0,0,0,0,0,1,9.4,6.007,Medium(101-150),0,0,0,0,0,0
M,299.7,309.1,1508,41.2,152,0,0,0,0,0,0,1,9.4,6.5057,High(151-200),0,0,0,0,0,0
M,299.8,309.1,1496,44.4,155,0,0,0,0,0,0,1,9.3,6.9552,High(151-200),0,0,0,0,0,0
L,299.8,309.2,1572,35.4,158,0,0,0,0,0,0,0,9.4,5.8271,High(151-200),0,0,0,0,0,0
L,299.6,309.0,1525,42.8,160,0,0,0,0,0,0,0,9.4,6.8346,High(151-200),0,0,0,0,0,0
L,299.6,309.0,1378,51.9,162,0,0,0,0,0,0,0,9.4,7.4888,High(151-200),0,1,1,1,0,0
L,299.6,309.1,1369,51.4,164,0,0,0,0,0,0,0,9.5,7.3682,High(151-200),0,1,1,1,0,0
L,299.6,309.1,1476,45.3,166,0,0,0,0,0,0,0,9.5,7.0013,High(151-200),0,0,0,0,0,0
L,299.7,309.2,1620,30.0,168,0,0,0,0,0,0,0,9.5,5.089,High(151-200),0,0,0,0,0,0
M,299.7,309.1,1603,38.5,170,0,0,0,0,0,0,1,9.4,6.4624,High(151-200),0,0,0,0,0,0
L,299.7,309.2,1411,46.1,173,0,0,0,0,0,0,0,9.5,6.8112,High(151-200),0,0,1,0,0,0
L,299.7,309.2,1616,31.6,175,0,0,0,0,0,0,0,9.5,5.3472,High(151-200),0,0,0,0,0,0
L,299.7,309.2,1631,35.1,177,0,0,0,0,0,0,0,9.5,5.9946,High(151-200),0,0,0,0,0,0
M,299.7,309.2,1685,28.9,179,1,0,0,0,0,0,1,9.5,5.0991,High(151-200),0,0,0,0,0,0
H,299.7,309.2,1456,40.6,182,0,0,0,0,0,0,2,9.5,6.1899,High(151-200),0,0,0,0,0,0
L,299.7,309.1,1417,50.1,187,0,0,0,0,0,0,0,9.4,7.4337,High(151-200),0,1,1,1,0,0
M,299.7,309.1,1851,24.7,189,0,0,0,0,0,0,1,9.4,4.7874,High(151-200),0,0,0,0,0,0
L,299.7,309.1,1715,27.8,192,0,0,0,0,0,0,0,9.4,4.9924,High(151-200),0,0,0,0,0,0
H,299.6,309.1,1630,32.3,194,0,0,0,0,0,0,2,9.5,5.513,High(151-200),0,0,0,0,0,0
L,299.7,309.2,1478,38.8,199,0,0,0,0,0,0,0,9.5,6.0049,High(151-200),0,0,0,0,0,0
L,299.7,309.2,1781,29.6,201,0,0,0,0,0,0,0,9.5,5.5202,Critical(>200),1,0,0,0,0,0
L,299.8,309.2,1439,36.1,203,0,0,0,0,0,0,0,9.4,5.4396,Critical(>200),1,0,0,0,0,0
M,299.7,309.2,1412,45.3,205,0,0,0,0,0,0,1,9.5,6.6978,Critical(>200),1,0,1,0,0,0
L,299.7,309.1,1483,41.1,208,0,0,0,0,0,0,0,9.4,6.3823,Critical(>200),1,0,0,0,0,0
L,299.8,309.2,1400,42.6,210,0,0,0,0,0,0,0,9.4,6.245,Critical(>200),1,0,1,0,0,0
L,299.8,309.3,1299,65.1,212,1,0,0,0,1,0,0,9.5,8.855,Critical(>200),1,1,1,1,0,1
L,299.8,309.2,1479,44.4,214,0,0,0,0,0,0,0,9.4,6.8762,Critical(>200),1,0,0,0,0,0
L,299.8,309.2,1491,47.5,216,0,0,0,0,0,0,0,9.4,7.416,Critical(>200),1,1,0,0,0,0
M,299.9,309.3,1389,52.8,0,0,0,0,0,0,0,1,9.4,7.6795,Fresh(0-50),0,1,1,1,0,0
M,299.9,309.4,1399,54.8,3,0,0,0,0,0,0,1,9.5,8.0278,Fresh(0-50),0,1,1,1,0,0
M,299.9,309.4,1889,26.0,6,0,0,0,0,0,0,1,9.5,5.1428,Fresh(0-50),0,0,0,0,0,0
L,300.0,309.5,1925,21.9,9,0,0,0,0,0,0,0,9.5,4.4144,Fresh(0-50),0,0,0,0,0,0
L,300.0,309.5,1675,30.2,11,0,0,0,0,0,0,0,9.5,5.2969,Fresh(0-50),0,0,0,0,0,0
M,300.0,309.6,1477,38.1,13,0,0,0,0,0,0,1,9.6,5.8925,Fresh(0-50),0,0,0,0,0,0
L,300.0,309.6,1364,45.9,16,0,0,0,0,0,0,0,9.6,6.5558,Fresh(0-50),0,0,1,0,0,0
L,299.9,309.5,1451,39.4,18,0,0,0,0,0,0,0,9.6,5.9863,Fresh(0-50),0,0,0,0,0,0
L,299.9,309.4,1467,41.2,20,0,0,0,0,0,0,0,9.5,6.3288,Fresh(0-50),0,0,0,0,0,0
L,299.9,309.4,1858,22.5,22,0,0,0,0,0,0,0,9.5,4.3775,Fresh(0-50),0,0,0,0,0,0
L,300.1,309.4,1559,39.7,24,0,0,0,0,0,0,0,9.3,6.4809,Fresh(0-50),0,0,0,0,0,0
L,300.1,309.4,1560,47.7,26,0,0,0,0,0,0,0,9.3,7.7918,Fresh(0-50),0,1,0,0,0,0
L,300.1,309.4,1453,47.6,28,0,0,0,0,0,0,0,9.3,7.2422,Fresh(0-50),0,1,0,0,0,0
L,300.1,309.4,1464,41.7,30,0,0,0,0,0,0,0,9.3,6.3925,Fresh(0-50),0,0,0,0,0,0
L,300.0,309.4,1308,50.2,32,0,0,0,0,0,0,0,9.4,6.8756,Fresh(0-50),0,1,1,1,0,0
L,300.1,309.5,1353,50.9,34,0,0,0,0,0,0,0,9.4,7.2113,Fresh(0-50),0,1,1,1,0,0
M,300.2,309.6,1556,35.8,36,0,0,0,0,0,0,1,9.4,5.833,Fresh(0-50),0,0,0,0,0,0
L,300.2,309.5,2183,17.8,39,0,0,0,0,0,0,0,9.3,4.0688,Fresh(0-50),0,0,0,0,0,0
M,300.2,309.6,1491,41.8,41,0,0,0,0,0,0,1,9.4,6.5261,Fresh(0-50),0,0,0,0,0,0
M,300.2,309.6,1528,35.1,44,0,0,0,0,0,0,1,9.4,5.616,Fresh(0-50),0,0,0,0,0,0
L,300.2,309.6,1430,52.7,47,0,0,0,0,0,0,0,9.4,7.8912,Fresh(0-50),0,1,0,0,0,0
L,300.2,309.5,1495,32.6,49,0,0,0,0,0,0,0,9.3,5.1034,Fresh(0-50),0,0,0,0,0,0
M,300.2,309.5,1630,28.3,51,0,0,0,0,0,0,1,9.3,4.8303,Low(51-100),0,0,0,0,0,0
M,300.3,309.6,1524,38.4,54,0,0,0,0,0,0,1,9.3,6.1279,Low(51-100),0,0,0,0,0,0
L,300.3,309.6,1326,52.4,57,0,0,0,0,0,0,0,9.3,7.2756,Low(51-100),0,1,1,1,0,0
H,300.3,309.5,1438,44.0,59,0,0,0,0,0,0,2,9.2,6.6253,Low(51-100),0,0,0,0,0,0
L,300.4,309.6,1356,45.9,64,0,0,0,0,0,0,0,9.2,6.5173,Low(51-100),0,0,1,0,0,0
H,300.4,309.6,1416,43.3,66,0,0,0,0,0,0,2,9.2,6.4202,Low(51-100),0,0,1,0,0,0
L,300.4,309.7,1584,32.6,71,0,0,0,0,0,0,0,9.3,5.4072,Low(51-100),0,0,0,0,0,0
L,300.3,309.6,1597,31.8,73,0,0,0,0,0,0,0,9.3,5.3178,Low(51-100),0,0,0,0,0,0
L,300.4,309.6,1553,43.9,75,0,0,0,0,0,0,0,9.2,7.1389,Low(51-100),0,0,0,0,0,0
M,300.3,309.5,1405,49.4,77,0,0,0,0,0,0,1,9.2,7.2677,Low(51-100),0,1,1,1,0,0
L,300.2,309.5,1539,35.3,80,0,0,0,0,0,0,0,9.3,5.6887,Low(51-100),0,0,0,0,0,0
M,300.3,309.6,1398,53.7,82,0,0,0,0,0,0,1,9.3,7.861,Low(51-100),0,1,1,1,0,0
L,300.3,309.6,1568,39.6,85,0,0,0,0,0,0,0,9.3,6.5019,Low(51-100),0,0,0,0,0,0
L,300.3,309.6,1404,44.6,87,0,0,0,0,0,0,0,9.3,6.5569,Low(51-100),0,0,1,0,0,0
M,300.2,309.5,1500,45.7,89,0,0,0,0,0,0,1,9.3,7.178,Low(51-100),0,0,0,0,0,0
M,300.2,309.5,1642,28.8,92,0,0,0,0,0,0,1,9.3,4.9518,Low(51-100),0,0,0,0,0,0
M,300.3,309.6,1509,46.6,95,0,0,0,0,0,0,1,9.3,7.3633,Low(51-100),0,0,0,0,0,0
L,300.2,309.5,1343,50.2,98,0,0,0,0,0,0,0,9.3,7.0595,Low(51-100),0,1,1,1,0,0
L,300.1,309.5,1450,40.1,100,0,0,0,0,0,0,0,9.4,6.0885,Low(51-100),0,0,0,0,0,0
L,300.0,309.4,1460,43.5,102,0,0,0,0,0,0,0,9.4,6.6503,Medium(101-150),0,0,0,0,0,0
L,300.0,309.3,1364,41.2,104,0,0,0,0,0,0,0,9.3,5.8845,Medium(101-150),0,0,1,0,0,0
M,299.9,309.3,1452,41.9,106,0,0,0,0,0,0,1,9.4,6.3706,Medium(101-150),0,0,0,0,0,0
L,299.9,309.3,1471,41.8,109,0,0,0,0,0,0,0,9.4,6.4385,Medium(101-150),0,0,0,0,0,0
L,299.9,309.2,1598,34.6,111,0,0,0,0,0,0,0,9.3,5.7896,Medium(101-150),0,0,0,0,0,0
L,299.8,309.1,1772,24.8,113,0,0,0,0,0,0,0,9.3,4.6016,Medium(101-150),0,0,0,0,0,0
L,299.9,309.2,1761,25.6,115,0,0,0,0,0,0,0,9.3,4.7206,Medium(101-150),0,0,0,0,0,0
M,300.0,309.3,1413,40.7,117,0,0,0,0,0,0,1,9.3,6.0219,Medium(101-150),0,0,1,0,0,0
L,300.0,309.3,1887,22.6,120,0,0,0,0,0,0,0,9.3,4.4656,Medium(101-150),0,0,0,0,0,0
L,300.0,309.3,1395,56.5,122,0,0,0,0,0,0,0,9.3,8.2531,Medium(101-150),0,1,1,1,0,0
M,300.1,309.4,1569,31.6,124,0,0,0,0,0,0,1,9.3,5.1917,Medium(101-150),0,0,0,0,0,0
L,300.1,309.4,1434,47.3,127,0,0,0,0,0,0,0,9.3,7.1024,Medium(101-150),0,1,0,0,0,0
L,300.2,309.5,1417,41.1,129,0,0,0,0,0,0,0,9.3,6.0983,Medium(101-150),0,0,1,0,0,0
L,300.2,309.5,1729,28.4,131,0,0,0,0,0,0,0,9.3,5.1417,Medium(101-150),0,0,0,0,0,0
L,300.2,309.5,1356,51.1,133,0,0,0,0,0,0,0,9.3,7.2557,Medium(101-150),0,1,1,1,0,0
L,300.2,309.5,1436,48.8,135,0,0,0,0,0,0,0,9.3,7.3379,Medium(101-150),0,1,0,0,0,0
M,300.3,309.6,1419,42.5,137,0,0,0,0,0,0,1,9.3,6.3149,Medium(101-150),0,0,1,0,0,0
L,300.3,309.6,1593,38.1,140,0,0,0,0,0,0,0,9.3,6.3553,Medium(101-150),0,0,0,0,0,0
M,300.3,309.5,1320,62.2,142,0,0,0,0,0,0,1,9.2,8.5973,Medium(101-150),0,1,1,1,0,0
M,300.3,309.5,1448,42.4,145,0,0,0,0,0,0,1,9.2,6.4288,Medium(101-150),0,0,0,0,0,0
L,300.3,309.4,1470,33.5,148,0,0,0,0,0,0,0,9.1,5.1565,Medium(101-150),0,0,0,0,0,0
M,300.3,309.4,1612,33.1,150,0,0,0,0,0,0,1,9.1,5.5871,Medium(101-150),0,0,0,0,0,0
L,300.4,309.4,1412,51.6,153,0,0,0,0,0,0,0,9.0,7.6292,High(151-200),0,1,1,1,0,0
M,300.4,309.4,1875,23.9,155,0,0,0,0,0,0,1,9.0,4.6924,High(151-200),0,0,0,0,0,0
L,300.3,309.3,1612,36.0,158,0,0,0,0,0,0,0,9.0,6.0766,High(151-200),0,0,0,0,0,0
M,300.4,309.3,1411,41.6,160,0,0,0,0,0,0,1,8.9,6.1463,High(151-200),0,0,1,0,0,0
M,300.3,309.2,1490,47.9,163,0,0,0,0,0,0,1,8.9,7.4734,High(151-200),0,1,0,0,0,0
M,300.4,309.3,1467,40.3,166,0,0,0,0,0,0,1,8.9,6.1906,High(151-200),0,0,0,0,0,0
L,300.3,309.2,1807,26.4,169,0,0,0,0,0,0,0,8.9,4.9953,High(151-200),0,0,0,0,0,0
L,300.3,309.1,1368,46.0,171,0,0,0,0,0,0,0,8.8,6.5893,High(151-200),0,0,1,0,0,0
L,300.3,309.2,1572,32.0,173,0,0,0,0,0,0,0,8.9,5.2674,High(151-200),0,0,0,0,0,0
M,300.3,309.1,1458,44.3,175,0,0,0,0,0,0,1,8.8,6.7633,High(151-200),0,0,0,0,0,0
L,300.3,309.1,1699,30.3,178,0,0,0,0,0,0,0,8.8,5.3905,High(151-200),0,0,0,0,0,0
L,300.3,309.3,1478,39.5,180,0,0,0,0,0,0,0,9.0,6.1132,High(151-200),0,0,0,0,0,0
M,300.4,309.4,1362,42.1,182,0,0,0,0,0,0,1,9.0,6.0042,High(151-200),0,0,1,0,0,0
H,300.4,309.4,1487,38.9,185,0,0,0,0,0,0,2,9.0,6.057,High(151-200),0,0,0,0,0,0
L,300.3,309.4,1705,29.4,190,0,0,0,0,0,0,0,9.1,5.2489,High(151-200),0,0,0,0,0,0
L,300.3,309.3,1345,53.5,192,0,0,0,0,0,0,0,9.0,7.5348,High(151-200),0,1,1,1,0,0
L,300.3,309.2,1532,40.2,194,0,0,0,0,0,0,0,8.9,6.4488,High(151-200),0,0,0,0,0,0
L,300.3,309.2,1650,35.2,196,0,0,0,0,0,0,0,8.9,6.0817,High(151-200),0,0,0,0,0,0
L,300.3,309.2,1398,54.4,198,0,0,0,0,0,0,0,8.9,7.9635,High(151-200),0,1,1,1,0,0
L,300.3,309.2,1412,44.8,200,0,0,0,0,0,0,0,8.9,6.6238,High(151-200),0,0,1,0,0,0
L,300.4,309.3,1525,39.6,202,0,0,0,0,0,0,0,8.9,6.3236,Critical(>200),1,0,0,0,0,0
M,300.3,309.3,1391,57.9,204,0,0,0,0,0,0,1,9.0,8.4334,Critical(>200),1,1,1,1,0,0
L,300.4,309.3,1766,28.2,207,0,0,0,0,0,0,0,8.9,5.2148,Critical(>200),1,0,0,0,0,0
L,300.4,309.3,1671,35.0,209,0,0,0,0,0,0,0,8.9,6.1241,Critical(>200),1,0,0,0,0,0
L,300.5,309.3,1373,48.8,211,0,0,0,0,0,0,0,8.8,7.016,Critical(>200),1,1,1,1,0,0
M,300.5,309.4,1347,50.1,213,0,0,0,0,0,0,1,8.9,7.0665,Critical(>200),1,1,1,1,0,0
M,300.5,309.3,1539,39.1,216,0,0,0,0,0,0,1,8.8,6.301,Critical(>200),1,0,0,0,0,0
L,300.5,309.3,1470,40.8,219,0,0,0,0,0,0,0,8.8,6.2802,Critical(>200),1,0,0,0,0,0
L,300.5,309.3,1528,37.0,221,0,0,0,0,0,0,0,8.8,5.92,Critical(>200),1,0,0,0,0,0
H,300.5,309.3,1471,45.2,223,0,0,0,0,0,0,2,8.8,6.9622,Critical(>200),1,0,0,0,0,0
M,300.4,309.2,1528,37.2,228,0,0,0,0,0,0,1,8.8,5.952,Critical(>200),1,0,0,0,0,0
L,300.5,309.3,1417,51.5,231,1,0,0,0,1,0,0,8.8,7.6414,Critical(>200),1,1,1,1,0,1
L,300.6,309.4,1549,43.4,233,0,0,0,0,0,0,0,8.8,7.0394,Critical(>200),1,0,0,0,0,0
H,300.6,309.4,1463,49.2,235,0,0,0,0,0,0,2,8.8,7.5371,Critical(>200),1,1,0,0,0,0
L,300.7,309.5,1479,43.6,240,0,0,0,0,0,0,0,8.8,6.7523,Critical(>200),1,0,0,0,0,0
L,300.6,309.5,1867,23.0,242,0,0,0,0,0,0,0,8.9,4.4964,Critical(>200),1,0,0,0,0,0
L,300.6,309.4,1471,44.1,244,0,0,0,0,0,0,0,8.8,6.7928,Critical(>200),1,0,0,0,0,0
H,300.6,309.4,1380,47.6,246,1,1,0,0,0,0,2,8.8,6.8783,Critical(>200),1,1,1,1,0,1
H,300.7,309.7,1623,32.7,0,0,0,0,0,0,0,2,9.0,5.5573,Fresh(0-50),0,0,0,0,0,0
L,300.8,309.7,1997,20.7,5,0,0,0,0,0,0,0,8.9,4.3286,Fresh(0-50),0,0,0,0,0,0
H,300.7,309.6,1390,48.5,7,0,0,0,0,0,0,2,8.9,7.0592,Fresh(0-50),0,1,1,1,0,0
L,300.8,309.7,1418,46.6,12,0,0,0,0,0,0,0,8.9,6.9192,Fresh(0-50),0,0,1,0,0,0
L,300.8,309.7,1519,35.8,14,0,0,0,0,0,0,0,8.9,5.6943,Fresh(0-50),0,0,0,0,0,0
M,300.8,309.7,1519,39.7,16,0,0,0,0,0,0,1,8.9,6.3146,Fresh(0-50),0,0,0,0,0,0
M,300.7,309.6,1536,37.2,19,0,0,0,0,0,0,1,8.9,5.9832,Fresh(0-50),0,0,0,0,0,0
L,300.8,309.6,1680,28.7,22,0,0,0,0,0,0,0,8.8,5.0488,Fresh(0-50),0,0,0,0,0,0
H,300.6,309.4,1555,37.9,24,0,0,0,0,0,0,2,8.8,6.1712,Fresh(0-50),0,0,0,0,0,0
L,300.6,309.5,1471,49.6,29,0,0,0,0,0,0,0,8.9,7.64,Fresh(0-50),0,1,0,0,0,0
M,300.5,309.4,1877,23.8,31,0,0,0,0,0,0,1,8.9,4.6778,Fresh(0-50),0,0,0,0,0,0
M,300.5,309.3,1578,30.5,34,0,0,0,0,0,0,1,8.8,5.0397,Fresh(0-50),0,0,0,0,0,0
M,300.5,309.4,1655,32.1,37,0,0,0,0,0,0,1,8.9,5.5629,Fresh(0-50),0,0,0,0,0,0
H,300.5,309.4,1502,34.3,40,0,0,0,0,0,0,2,8.9,5.3946,Fresh(0-50),0,0,0,0,0,0
M,300.6,309.4,1367,63.2,45,1,0,0,1,0,0,1,8.8,9.0465,Fresh(0-50),0,1,1,1,0,1
L,300.7,309.5,1541,37.2,48,0,0,0,0,0,0,0,8.8,6.0026,Fresh(0-50),0,0,0,0,0,0
M,300.6,309.6,1588,37.0,50,0,0,0,0,0,0,1,9.0,6.1525,Fresh(0-50),0,0,0,0,0,0
L,300.6,309.6,1684,32.8,53,0,0,0,0,0,0,0,9.0,5.7838,Low(51-100),0,0,0,0,0,0
L,300.6,309.5,1437,40.0,55,0,0,0,0,0,0,0,8.9,6.0188,Low(51-100),0,0,0,0,0,0
L,300.6,309.6,1409,42.4,57,0,0,0,0,0,0,0,9.0,6.2557,Low(51-100),0,0,1,0,0,0
M,300.5,309.5,1320,49.9,59,0,0,0,0,0,0,1,9.0,6.8972,Low(51-100),0,1,1,1,0,0
H,300.5,309.5,1635,34.2,62,0,0,0,0,0,0,2,9.0,5.8552,Low(51-100),0,0,0,0,0,0
M,300.5,309.5,1691,27.6,67,0,0,0,0,0,0,1,9.0,4.8871,Low(51-100),0,0,0,0,0,0
M,300.6,309.6,1365,50.0,70,0,0,0,0,0,0,1,9.0,7.1466,Low(51-100),0,1,1,1,0,0
M,300.7,309.7,1523,38.2,73,0,0,0,0,0,0,1,9.0,6.092,Low(51-100),0,0,0,0,0,0
L,300.6,309.7,1593,32.4,76,0,0,0,0,0,0,0,9.1,5.4045,Low(51-100),0,0,0,0,0,0
L,300.6,309.6,1682,30.7,78,0,0,0,0,0,0,0,9.0,5.4071,Low(51-100),0,0,0,0,0,0
L,300.7,309.6,1329,54.3,80,0,0,0,0,0,0,0,8.9,7.5565,Low(51-100),0,1,1,1,0,0
M,300.7,309.6,1568,35.2,82,0,0,0,0,0,0,1,8.9,5.7794,Low(51-100),0,0,0,0,0,0
L,300.7,309.6,1733,24.8,85,0,0,0,0,0,0,0,8.9,4.5004,Low(51-100),0,0,0,0,0,0
M,300.7,309.6,1473,48.1,87,0,0,0,0,0,0,1,8.9,7.419,Low(51-100),0,1,0,0,0,0
M,300.7,309.5,1633,31.3,90,0,0,0,0,0,0,1,8.8,5.3521,Low(51-100),0,0,0,0,0,0
M,300.6,309.5,1530,40.2,93,0,0,0,0,0,0,1,8.9,6.4404,Low(51-100),0,0,0,0,0,0
M,300.6,309.5,1550,40.2,96,0,0,0,0,0,0,1,8.9,6.5246,Low(51-100),0,0,0,0,0,0
L,300.6,309.4,1410,40.6,99,0,0,0,0,0,0,0,8.8,5.9943,Low(51-100),0,0,1,0,0,0
L,300.5,309.3,1574,33.5,101,0,0,0,0,0,0,0,8.8,5.5214,Medium(101-150),0,0,0,0,0,0
L,300.6,309.4,1425,40.3,103,0,0,0,0,0,0,0,8.8,6.0134,Medium(101-150),0,0,0,0,0,0
M,300.6,309.4,1541,35.2,105,0,0,0,0,0,0,1,8.8,5.6799,Medium(101-150),0,0,0,0,0,0
M,300.7,309.5,1733,26.7,108,0,0,0,0,0,0,1,8.8,4.8451,Medium(101-150),0,0,0,0,0,0
L,300.6,309.4,2496,13.5,111,0,0,0,0,0,0,0,8.8,3.5284,Medium(101-150),0,0,0,0,0,0
L,300.6,309.4,1552,36.4,113,0,0,0,0,0,0,0,8.8,5.9155,Medium(101-150),0,0,0,0,0,0
L,300.6,309.3,1409,38.7,115,0,0,0,0,0,0,0,8.7,5.7098,Medium(101-150),0,0,1,0,0,0
M,300.6,309.4,1581,35.7,117,0,0,0,0,0,0,1,8.8,5.9101,Medium(101-150),0,0,0,0,0,0
L,300.7,309.5,1251,59.9,120,0,0,0,0,0,0,0,8.8,7.8466,Medium(101-150),0,1,1,1,0,0
L,300.7,309.6,1500,44.1,122,0,0,0,0,0,0,0,8.9,6.9267,Medium(101-150),0,0,0,0,0,0
L,300.6,309.5,1576,38.8,124,0,0,0,0,0,0,0,8.9,6.403,Medium(101-150),0,0,0,0,0,0
M,300.7,309.5,1352,44.0,126,0,0,0,0,0,0,1,8.8,6.2291,Medium(101-150),0,0,1,0,0,0
L,300.7,309.6,1661,30.3,129,0,0,0,0,0,0,0,8.9,5.27,Medium(101-150),0,0,0,0,0,0
L,300.7,309.6,1541,34.6,131,0,0,0,0,0,0,0,8.9,5.5831,Medium(101-150),0,0,0,0,0,0
H,300.6,309.6,1888,20.5,133,0,0,0,0,0,0,2,9.0,4.0528,Medium(101-150),0,0,0,0,0,0
L,300.5,309.5,1255,62.1,138,0,0,0,0,0,0,0,9.0,8.1608,Medium(101-150),0,1,1,1,0,0
L,300.6,309.6,1411,41.6,140,0,0,0,0,0,0,0,9.0,6.1463,Medium(101-150),0,0,1,0,0,0
L,300.6,309.5,1516,39.0,142,0,0,0,0,0,0,0,8.9,6.191,Medium(101-150),0,0,0,0,0,0
M,300.6,309.5,1492,34.0,144,0,0,0,0,0,0,1,8.9,5.3118,Medium(101-150),0,0,0,0,0,0
L,300.6,309.6,1726,30.0,147,0,0,0,0,0,0,0,9.0,5.422,Medium(101-150),0,0,0,0,0,0
L,300.7,309.7,1598,33.7,149,0,0,0,0,0,0,0,9.0,5.639,Medium(101-150),0,0,0,0,0,0
L,300.8,309.8,1657,31.1,151,0,0,0,0,0,0,0,9.0,5.3961,High(151-200),0,0,0,0,0,0
L,300.8,309.7,1481,38.1,153,0,0,0,0,0,0,0,8.9,5.9085,High(151-200),0,0,0,0,0,0
M,300.7,309.7,1397,51.3,155,0,0,0,0,0,0,1,9.0,7.5043,High(151-200),0,1,1,1,0,0
L,300.8,309.7,1461,44.3,158,0,0,0,0,0,0,0,8.9,6.7772,High(151-200),0,0,0,0,0,0
M,300.7,309.6,1388,51.1,160,0,0,0,0,0,0,1,8.9,7.4269,High(151-200),0,1,1,1,0,0
L,300.7,309.7,1507,52.4,163,0,0,0,0,0,0,0,9.0,8.2688,High(151-200),0,1,0,0,0,0
M,300.7,309.6,1421,49.8,165,0,0,0,0,0,0,1,8.9,7.41,High(151-200),0,1,1,1,0,0
M,300.8,309.7,1258,54.9,168,0,0,0,0,0,0,1,8.9,7.2319,High(151-200),0,1,1,1,0,0
M,300.8,309.7,1482,39.0,171,0,0,0,0,0,0,1,8.9,6.0521,High(151-200),0,0,0,0,0,0
H,300.7,309.6,1403,51.3,174,0,0,0,0,0,0,2,8.9,7.5365,High(151-200),0,1,1,1,0,0
L,300.8,309.7,1373,45.4,179,0,0,0,0,0,0,0,8.9,6.5271,High(151-200),0,0,1,0,0,0
L,300.9,309.7,1460,42.1,181,0,0,0,0,0,0,0,8.8,6.4362,High(151-200),0,0,0,0,0,0
M,300.8,309.7,1751,27.9,183,0,0,0,0,0,0,1,8.9,5.1155,High(151-200),0,0,0,0,0,0
M,300.8,309.6,1546,42.3,186,0,0,0,0,0,0,1,8.8,6.8477,High(151-200),0,0,0,0,0,0
M,300.8,309.7,1680,28.2,189,0,0,0,0,0,0,1,8.9,4.9608,High(151-200),0,0,0,0,0,0
M,300.9,309.7,1394,48.8,192,0,0,0,0,0,0,1,8.8,7.1233,High(151-200),0,1,1,1,0,0
L,300.7,309.6,1810,26.0,195,0,0,0,0,0,0,0,8.9,4.9277,High(151-200),0,0,0,0,0,0
L,300.7,309.5,1479,34.5,197,0,0,0,0,0,0,0,8.8,5.343,High(151-200),0,0,0,0,0,0
L,300.9,309.7,1431,41.4,199,0,0,0,0,0,0,0,8.8,6.2035,High(151-200),0,0,0,0,0,0
L,300.9,309.7,2355,14.4,201,0,0,0,0,0,0,0,8.8,3.551,Critical(>200),1,0,0,0,0,0
M,300.7,309.6,1996,19.8,203,1,1,0,0,0,0,1,8.9,4.1383,Critical(>200),1,0,0,0,0,1
L,300.7,309.5,1461,49.9,0,0,0,0,0,0,0,0,8.8,7.6339,Fresh(0-50),0,1,0,0,0,0
H,300.7,309.5,2007,19.7,2,0,0,0,0,0,0,2,8.8,4.1401,Fresh(0-50),0,0,0,0,0,0
L,300.7,309.6,1505,34.9,7,0,0,0,0,0,0,0,8.9,5.4999,Fresh(0-50),0,0,0,0,0,0
H,300.7,309.6,1925,20.5,9,0,0,0,0,0,0,2,8.9,4.1322,Fresh(0-50),0,0,0,0,0,0
M,300.7,309.5,1622,30.5,14,0,0,0,0,0,0,1,8.8,5.1802,Fresh(0-50),0,0,0,0,0,0
L,300.7,309.5,1592,29.0,17,0,0,0,0,0,0,0,8.8,4.8343,Fresh(0-50),0,0,0,0,0,0
L,300.7,309.5,1850,24.5,19,0,0,0,0,0,0,0,8.8,4.7461,Fresh(0-50),0,0,0,0,0,0
M,300.7,309.5,1470,48.7,21,0,0,0,0,0,0,1,8.8,7.4962,Fresh(0-50),0,1,0,0,0,0
M,300.7,309.5,1445,46.4,24,0,0,0,0,0,0,1,8.8,7.0207,Fresh(0-50),0,0,0,0,0,0
L,300.7,309.5,1685,31.1,27,0,0,0,0,0,0,0,8.8,5.4873,Fresh(0-50),0,0,0,0,0,0
H,300.7,309.5,1667,30.5,29,0,0,0,0,0,0,2,8.8,5.3239,Fresh(0-50),0,0,0,0,0,0
L,300.7,309.5,1578,35.4,34,0,0,0,0,0,0,0,8.8,5.8493,Fresh(0-50),0,0,0,0,0,0
H,300.6,309.4,1691,28.0,36,0,0,0,0,0,0,2,8.8,4.9579,Fresh(0-50),0,0,0,0,0,0
M,300.7,309.5,1439,43.8,41,0,0,0,0,0,0,1,8.8,6.5998,Fresh(0-50),0,0,0,0,0,0
M,300.8,309.6,1404,38.7,44,0,0,0,0,0,0,1,8.8,5.6895,Fresh(0-50),0,0,1,0,0,0
L,300.8,309.6,1498,45.8,47,0,0,0,0,0,0,0,8.8,7.1841,Fresh(0-50),0,0,0,0,0,0
M,300.8,309.5,1481,44.5,49,0,0,0,0,0,0,1,8.7,6.901,Fresh(0-50),0,0,0,0,0,0
M,300.7,309.4,1589,35.0,52,0,0,0,0,0,0,1,8.7,5.8236,Low(51-100),0,0,0,0,0,0
L,300.7,309.5,1467,44.3,55,0,0,0,0,0,0,0,8.8,6.805,Low(51-100),0,0,0,0,0,0
L,300.6,309.4,1654,32.8,57,0,0,0,0,0,0,0,8.8,5.6808,Low(51-100),0,0,0,0,0,0
L,300.7,309.5,1508,39.9,59,0,0,0,0,0,0,0,8.8,6.3004,Low(51-100),0,0,0,0,0,0
M,300.7,309.6,1439,43.0,61,0,0,0,0,0,0,1,8.9,6.4793,Low(51-100),0,0,0,0,0,0
L,300.7,309.5,1692,30.3,64,0,0,0,0,0,0,0,8.8,5.3683,Low(51-100),0,0,0,0,0,0
M,300.7,309.5,1838,24.9,66,0,0,0,0,0,0,1,8.8,4.7923,Low(51-100),0,0,0,0,0,0
L,300.6,309.3,1601,40.2,69,0,0,0,0,0,0,0,8.7,6.7393,Low(51-100),0,0,0,0,0,0
L,300.6,309.4,1369,51.6,71,0,0,0,0,0,0,0,8.8,7.3969,Low(51-100),0,1,1,1,0,0
M,300.6,309.4,1312,45.2,73,0,0,0,0,0,0,1,8.8,6.2097,Low(51-100),0,0,1,0,0,0
L,300.6,309.4,1468,44.1,76,0,0,0,0,0,0,0,8.8,6.7789,Low(51-100),0,0,0,0,0,0
M,300.6,309.4,1452,39.4,78,0,0,0,0,0,0,1,8.8,5.9905,Low(51-100),0,0,0,0,0,0
M,300.7,309.5,1393,43.9,81,0,0,0,0,0,0,1,8.8,6.4034,Low(51-100),0,0,1,0,0,0
M,300.6,309.4,1432,44.2,84,0,0,0,0,0,0,1,8.8,6.6277,Low(51-100),0,0,0,0,0,0
M,300.6,309.3,1510,46.0,87,0,0,0,0,0,0,1,8.7,7.2733,Low(51-100),0,0,0,0,0,0
M,300.6,309.4,1521,37.2,90,0,0,0,0,0,0,1,8.8,5.9247,Low(51-100),0,0,0,0,0,0
H,300.5,309.4,1360,46.2,93,0,0,0,0,0,0,2,8.9,6.5793,Low(51-100),0,0,1,0,0,0
M,300.5,309.3,1881,25.5,98,0,0,0,0,0,0,1,8.8,5.0226,Low(51-100),0,0,0,0,0,0
L,300.4,309.3,1413,50.3,101,0,0,0,0,0,0,0,8.9,7.4423,Medium(101-150),0,1,1,1,0,0
H,300.5,309.4,1642,36.2,103,0,0,0,0,0,0,2,8.9,6.2241,Medium(101-150),0,0,0,0,0,0
L,300.5,309.5,1542,38.5,108,0,0,0,0,0,0,0,9.0,6.2164,Medium(101-150),0,0,0,0,0,0
L,300.4,309.5,1447,39.3,110,0,0,0,0,0,0,0,9.1,5.9547,Medium(101-150),0,0,0,0,0,0
H,300.4,309.4,1530,40.4,112,0,0,0,0,0,0,2,9.0,6.4725,Medium(101-150),0,0,0,0,0,0
L,300.5,309.5,1795,27.7,117,0,0,0,0,0,0,0,9.0,5.2064,Medium(101-150),0,0,0,0,0,0
L,300.6,309.6,1290,57.4,119,0,0,0,0,0,0,0,9.0,7.7535,Medium(101-150),0,1,1,1,0,0
L,300.6,309.7,1639,30.4,121,0,0,0,0,0,0,0,9.1,5.2173,Medium(101-150),0,0,0,0,0,0
L,300.7,309.8,1596,31.5,123,0,0,0,0,0,0,0,9.1,5.2643,Medium(101-150),0,0,0,0,0,0
L,300.6,309.8,1455,48.0,125,0,0,0,0,0,0,0,9.2,7.3131,Medium(101-150),0,1,0,0,0,0
M,300.6,309.8,1659,28.9,127,0,0,0,0,0,0,1,9.2,5.0204,Medium(101-150),0,0,0,0,0,0
M,300.6,309.8,1532,42.5,130,0,0,0,0,0,0,1,9.2,6.8178,Medium(101-150),0,0,0,0,0,0
L,300.6,309.8,1502,42.4,133,0,0,0,0,0,0,0,9.2,6.6686,Medium(101-150),0,0,0,0,0,0
L,300.6,309.8,1688,28.6,135,0,0,0,0,0,0,0,9.2,5.0552,Medium(101-150),0,0,0,0,0,0
M,300.5,309.7,1341,50.9,137,0,0,0,0,0,0,1,9.2,7.1473,Medium(101-150),0,1,1,1,0,0
M,300.5,309.7,1685,29.4,140,0,0,0,0,0,0,1,9.2,5.1873,Medium(101-150),0,0,0,0,0,0
M,300.5,309.8,1370,55.9,143,0,0,0,0,0,0,1,9.3,8.0192,Medium(101-150),0,1,1,1,0,0
L,300.5,309.8,1461,52.5,146,0,0,0,0,0,0,0,9.3,8.0317,Medium(101-150),0,1,0,0,0,0
L,300.5,309.8,1550,37.4,148,0,0,0,0,0,0,0,9.3,6.0702,Medium(101-150),0,0,0,0,0,0
M,300.5,309.8,1508,37.8,150,0,0,0,0,0,0,1,9.3,5.9688,Medium(101-150),0,0,0,0,0,0
L,300.5,309.8,1345,62.7,153,0,0,0,0,0,0,0,9.3,8.8305,High(151-200),0,1,1,1,0,0
L,300.5,309.7,1616,34.5,155,0,0,0,0,0,0,0,9.2,5.8379,High(151-200),0,0,0,0,0,0
L,300.5,309.7,1395,61.0,157,0,0,0,0,0,0,0,9.2,8.9105,High(151-200),0,1,1,1,0,0
H,300.5,309.8,1324,72.8,159,1,0,0,1,0,0,2,9.3,10.0929,High(151-200),0,1,1,1,0,1
L,300.5,309.8,1445,43.9,164,0,0,0,0,0,0,0,9.3,6.6425,High(151-200),0,0,0,0,0,0
M,300.5,309.8,1555,38.9,166,0,0,0,0,0,0,1,9.3,6.334,High(151-200),0,0,0,0,0,0
M,300.6,309.9,1449,42.4,169,0,0,0,0,0,0,1,9.3,6.4333,High(151-200),0,0,0,0,0,0
M,300.5,309.9,1466,53.2,172,0,0,0,0,0,0,1,9.4,8.1666,High(151-200),0,1,0,0,0,0
L,300.5,309.9,1503,37.4,175,0,0,0,0,0,0,0,9.4,5.8861,High(151-200),0,0,0,0,0,0
L,300.4,309.7,1488,35.7,177,0,0,0,0,0,0,0,9.3,5.5625,High(151-200),0,0,0,0,0,0
L,300.4,309.7,1314,50.2,179,0,0,0,0,0,0,0,9.3,6.9071,High(151-200),0,1,1,1,0,0
M,300.4,309.7,1547,38.0,181,0,0,0,0,0,0,1,9.3,6.1556,High(151-200),0,0,0,0,0,0
M,300.4,309.7,1466,39.8,184,0,0,0,0,0,0,1,9.3,6.1096,High(151-200),0,0,0,0,0,0
L,300.3,309.6,1537,37.1,187,0,0,0,0,0,0,0,9.3,5.971,High(151-200),0,0,0,0,0,0
M,300.2,309.5,1434,51.5,189,0,0,0,0,0,0,1,9.3,7.7331,High(151-200),0,1,0,0,0,0
L,300.4,309.6,1432,44.7,192,0,0,0,0,0,0,0,9.2,6.7027,High(151-200),0,0,0,0,0,0
L,300.5,309.6,1390,48.4,194,0,0,0,0,0,0,0,9.1,7.0446,High(151-200),0,1,1,1,0,0
L,300.5,309.7,1580,42.8,196,0,0,0,0,0,0,0,9.2,7.081,High(151-200),0,0,0,0,0,0
L,300.5,309.7,1589,30.5,198,0,0,0,0,0,0,0,9.2,5.0748,High(151-200),0,0,0,0,0,0
L,300.5,309.8,1441,48.8,200,0,0,0,0,0,0,0,9.3,7.3634,High(151-200),0,1,0,0,0,0
L,300.5,309.8,1305,51.7,202,0,0,0,0,0,0,0,9.3,7.0648,Critical(>200),1,1,1,1,0,0
M,300.5,309.8,1566,35.9,204,0,0,0,0,0,0,1,9.3,5.8868,Critical(>200),1,0,0,0,0,0
L,300.5,309.8,1379,54.2,207,1,0,0,0,1,0,0,9.3,7.8264,Critical(>200),1,1,1,1,0,1
L,300.4,309.6,1543,38.1,209,0,0,0,0,0,0,0,9.2,6.1558,Critical(>200),1,0,0,0,0,0
L,300.5,309.8,1421,49.6,211,0,0,0,0,0,0,0,9.3,7.3803,Critical(>200),1,1,1,1,0,0
L,300.5,309.6,1760,30.6,213,0,0,0,0,0,0,0,9.1,5.6394,Critical(>200),1,0,0,0,0,0
L,300.4,309.5,1711,29.2,215,0,0,0,0,0,0,0,9.1,5.2315,Critical(>200),1,0,0,0,0,0
L,300.5,309.6,1465,41.6,217,0,0,0,0,0,0,0,9.1,6.3816,Critical(>200),1,0,0,0,0,0
L,300.5,309.6,1366,50.2,219,0,0,0,0,0,0,0,9.1,7.1804,Critical(>200),1,1,1,1,0,0
M,300.4,309.5,1888,21.9,221,0,0,0,0,0,0,1,9.1,4.3295,Critical(>200),1,0,0,0,0,0
L,300.5,309.5,1777,23.6,0,0,0,0,0,0,0,0,9.0,4.3913,Fresh(0-50),0,0,0,0,0,0
L,300.5,309.5,1379,55.6,2,0,0,0,0,0,0,0,9.0,8.0285,Fresh(0-50),0,1,1,1,0,0
L,300.4,309.5,1525,51.3,4,0,0,0,0,0,0,0,9.1,8.1919,Fresh(0-50),0,1,0,0,0,0
M,300.4,309.6,1563,34.0,6,0,0,0,0,0,0,1,9.2,5.5646,Fresh(0-50),0,0,0,0,0,0
M,300.5,309.7,1389,43.3,9,0,0,0,0,0,0,1,9.2,6.2978,Fresh(0-50),0,0,1,0,0,0
M,300.6,309.8,1447,42.9,12,0,0,0,0,0,0,1,9.2,6.5001,Fresh(0-50),0,0,0,0,0,0
M,300.6,309.7,1934,22.8,15,0,0,0,0,0,0,1,9.1,4.6173,Fresh(0-50),0,0,0,0,0,0
H,300.6,309.7,1470,43.8,18,0,0,0,0,0,0,2,9.1,6.742,Fresh(0-50),0,0,0,0,0,0
M,300.6,309.7,1428,42.6,23,0,0,0,0,0,0,1,9.1,6.3699,Fresh(0-50),0,0,0,0,0,0
L,300.4,309.6,1319,48.1,26,0,0,0,0,0,0,0,9.2,6.6433,Fresh(0-50),0,1,1,1,0,0
L,300.5,309.7,1887,24.3,28,0,0,0,0,0,0,0,9.2,4.8015,Fresh(0-50),0,0,0,0,0,0
L,300.4,309.5,1349,50.4,30,0,0,0,0,0,0,0,9.1,7.1193,Fresh(0-50),0,1,1,1,0,0
M,300.3,309.5,1665,31.4,32,0,0,0,0,0,0,1,9.2,5.4745,Fresh(0-50),0,0,0,0,0,0
L,300.3,309.5,1474,38.7,35,0,0,0,0,0,0,0,9.2,5.9732,Fresh(0-50),0,0,0,0,0,0
L,300.4,309.5,1543,38.9,37,0,0,0,0,0,0,0,9.1,6.2851,Fresh(0-50),0,0,0,0,0,0
M,300.2,309.4,1459,43.9,39,0,0,0,0,0,0,1,9.2,6.7068,Fresh(0-50),0,0,0,0,0,0
L,300.3,309.5,1551,37.9,42,0,0,0,0,0,0,0,9.2,6.1553,Fresh(0-50),0,0,0,0,0,0
L,300.2,309.4,1981,21.4,44,0,0,0,0,0,0,0,9.2,4.4391,Fresh(0-50),0,0,0,0,0,0
L,300.2,309.4,1526,35.3,46,0,0,0,0,0,0,0,9.2,5.6406,Fresh(0-50),0,0,0,0,0,0
M,300.2,309.4,1501,40.0,48,0,0,0,0,0,0,1,9.2,6.2869,Fresh(0-50),0,0,0,0,0,0
L,300.2,309.4,1558,38.3,51,0,0,0,0,0,0,0,9.2,6.2483,Low(51-100),0,0,0,0,0,0
L,300.2,309.3,1532,43.2,53,0,0,0,0,0,0,0,9.1,6.9301,Low(51-100),0,0,0,0,0,0
L,300.1,309.2,1326,55.9,55,0,0,0,0,0,0,0,9.1,7.7616,Low(51-100),0,1,1,1,0,0
L,300.2,309.2,1431,51.3,57,0,0,0,0,0,0,0,9.0,7.6869,Low(51-100),0,1,0,0,0,0
L,300.2,309.3,1366,49.3,59,0,0,0,0,0,0,0,9.1,7.0517,Low(51-100),0,1,1,1,0,0
L,300.1,309.2,1421,42.5,61,0,0,0,0,0,0,0,9.1,6.3238,Low(51-100),0,0,1,0,0,0
H,300.2,309.3,1506,35.6,63,0,0,0,0,0,0,2,9.1,5.614,Low(51-100),0,0,0,0,0,0
H,300.2,309.3,1342,48.7,68,0,0,0,0,0,0,2,9.1,6.8435,Low(51-100),0,1,1,1,0,0
L,300.1,309.2,1427,37.6,73,0,0,0,0,0,0,0,9.1,5.6183,Low(51-100),0,0,0,0,0,0
L,300.2,309.2,1667,29.9,75,0,0,0,0,0,0,0,9.0,5.2192,Low(51-100),0,0,0,0,0,0
L,300.1,309.1,1400,46.7,77,0,0,0,0,0,0,0,9.0,6.8461,Low(51-100),0,0,1,0,0,0
L,300.0,309.0,1709,32.1,79,0,0,0,0,0,0,0,9.0,5.7444,Low(51-100),0,0,0,0,0,0
M,300.0,309.0,1368,45.8,81,0,0,0,0,0,0,1,9.0,6.5607,Low(51-100),0,0,1,0,0,0
L,300.0,309.1,1882,23.8,84,0,0,0,0,0,0,0,9.1,4.6902,Low(51-100),0,0,0,0,0,0
L,300.1,309.1,1353,58.7,86,0,0,0,0,0,0,0,9.0,8.3163,Low(51-100),0,1,1,1,0,0
L,299.9,309.0,1553,40.0,88,0,0,0,0,0,0,0,9.1,6.5047,Low(51-100),0,0,0,0,0,0
L,300.0,309.1,1431,45.4,90,0,0,0,0,0,0,0,9.1,6.8029,Low(51-100),0,0,0,0,0,0
M,300.1,309.1,1731,30.4,92,0,0,0,0,0,0,1,9.0,5.5102,Low(51-100),0,0,0,0,0,0
M,300.1,309.2,1687,27.7,95,0,0,0,0,0,1,1,9.1,4.8932,Low(51-100),0,0,0,0,0,1
M,300.1,309.2,1457,44.3,98,0,0,0,0,0,0,1,9.1,6.7586,Low(51-100),0,0,0,0,0,0
L,300.1,309.2,1533,37.0,101,0,0,0,0,0,0,0,9.1,5.9394,Medium(101-150),0,0,0,0,0,0
H,300.0,309.0,1622,31.8,103,0,0,0,0,0,0,2,9.0,5.401,Medium(101-150),0,0,0,0,0,0
L,300.0,309.1,1791,28.2,108,0,0,0,0,0,0,0,9.1,5.2886,Medium(101-150),0,0,0,0,0,0
L,300.0,309.1,1631,28.3,110,0,0,0,0,0,0,0,9.1,4.8332,Medium(101-150),0,0,0,0,0,0
L,300.0,309.0,2174,16.9,112,0,0,0,0,0,0,0,9.0,3.8472,Medium(101-150),0,0,0,0,0,0
L,300.1,309.0,1314,58.2,114,0,0,0,0,0,0,0,8.9,8.0078,Medium(101-150),0,1,1,1,0,0
L,300.1,309.1,1478,46.9,116,0,0,0,0,0,0,0,9.0,7.2585,Medium(101-150),0,1,0,0,0,0
L,300.1,309.2,1783,27.3,118,0,0,0,0,0,0,0,9.1,5.097,Medium(101-150),0,0,0,0,0,0
M,300.1,309.2,1385,46.1,120,0,0,0,0,0,0,1,9.1,6.6857,Medium(101-150),0,0,1,0,0,0
L,300.0,309.2,1444,43.6,123,0,0,0,0,0,0,0,9.2,6.5925,Medium(101-150),0,0,0,0,0,0
L,300.1,309.3,1841,23.0,125,0,0,0,0,0,0,0,9.2,4.4338,Medium(101-150),0,0,0,0,0,0
M,300.1,309.4,1349,56.2,127,0,0,0,0,0,0,1,9.3,7.9386,Medium(101-150),0,1,1,1,0,0
L,300.1,309.3,1340,56.0,130,0,0,0,0,0,0,0,9.2,7.8576,Medium(101-150),0,1,1,1,0,0
M,299.9,309.2,1539,43.2,132,0,0,0,0,0,0,1,9.3,6.9618,Medium(101-150),0,0,0,0,0,0
M,300.0,309.3,1932,21.8,135,0,0,0,0,0,0,1,9.3,4.4102,Medium(101-150),0,0,0,0,0,0
M,300.0,309.3,1407,43.9,138,0,0,0,0,0,0,1,9.3,6.4678,Medium(101-150),0,0,1,0,0,0
L,300.1,309.3,1712,28.5,141,0,0,0,0,0,0,0,9.2,5.1091,Medium(101-150),0,0,0,0,0,0
H,300.1,309.4,1329,55.2,143,0,0,0,0,0,0,2,9.3,7.6818,Medium(101-150),0,1,1,1,0,0
L,300.1,309.2,1441,42.9,148,0,0,0,0,0,0,0,9.1,6.4732,Medium(101-150),0,0,0,0,0,0
L,300.0,309.2,1610,32.1,150,0,0,0,0,0,0,0,9.2,5.4116,Medium(101-150),0,0,0,0,0,0
M,300.0,309.1,1474,45.2,152,0,0,0,0,0,0,1,9.1,6.9764,High(151-200),0,0,0,0,0,0
M,300.0,309.1,1624,30.8,155,0,0,0,0,0,0,1,9.1,5.2376,High(151-200),0,0,0,0,0,0
H,300.1,309.3,1520,38.2,158,0,0,0,0,0,0,2,9.2,6.08,High(151-200),0,0,0,0,0,0
H,300.1,309.3,1448,45.8,163,0,0,0,0,0,0,2,9.2,6.9443,High(151-200),0,0,0,0,0,0
L,300.0,309.3,1558,29.7,168,0,0,0,0,0,0,0,9.3,4.8453,High(151-200),0,0,0,0,0,0
M,300.0,309.3,2293,16.3,170,0,0,0,0,0,0,1,9.3,3.9137,High(151-200),0,0,0,0,0,0
L,300.0,309.3,1397,51.2,173,0,0,0,0,0,0,0,9.3,7.4897,High(151-200),0,1,1,1,0,0
L,300.0,309.3,1972,22.0,175,0,0,0,0,0,0,0,9.3,4.5428,High(151-200),0,0,0,0,0,0
M,299.9,309.2,1574,36.5,177,0,0,0,0,0,0,1,9.3,6.0158,High(151-200),0,0,0,0,0,0
L,299.9,309.2,1560,38.9,180,0,0,0,0,0,0,0,9.3,6.3543,High(151-200),0,0,0,0,0,0
M,299.9,309.2,1353,49.8,182,0,0,0,0,0,0,1,9.3,7.0554,High(151-200),0,1,1,1,0,0
M,299.9,309.2,1389,51.2,185,0,0,0,0,0,0,1,9.3,7.4468,High(151-200),0,1,1,1,0,0
M,299.9,309.1,1513,43.8,188,0,0,0,0,0,0,1,9.2,6.9392,High(151-200),0,0,0,0,0,0
L,299.8,309.1,1578,42.1,191,0,0,0,0,0,0,0,9.3,6.9564,High(151-200),0,0,0,0,0,0
H,299.8,309.0,1467,37.3,193,0,0,0,0,0,0,2,9.2,5.7297,High(151-200),0,0,0,0,0,0
L,299.9,309.1,1412,48.3,198,0,0,0,0,0,0,0,9.2,7.1413,High(151-200),0,1,1,1,0,0
L,299.8,309.1,1668,30.3,200,0,0,0,0,0,0,0,9.3,5.2922,High(151-200),0,0,0,0,0,0
M,299.8,309.2,1678,29.8,202,0,0,0,0,0,0,1,9.4,5.2361,Critical(>200),1,0,0,0,0,0
L,299.8,309.1,1612,35.4,205,0,0,0,0,0,0,0,9.3,5.9754,Critical(>200),1,0,0,0,0,0
L,299.8,309.1,1485,39.9,207,0,0,0,0,0,0,0,9.3,6.2043,Critical(>200),1,0,0,0,0,0
M,299.8,309.1,1456,39.4,209,0,0,0,0,0,0,1,9.3,6.007,Critical(>200),1,0,0,0,0,0
L,299.8,309.2,1504,38.7,212,0,0,0,0,0,0,0,9.4,6.0947,Critical(>200),1,0,0,0,0,0
L,299.9,309.2,1491,44.3,214,0,0,0,0,0,0,0,9.3,6.9164,Critical(>200),1,0,0,0,0,0
H,299.9,309.2,1525,33.2,0,0,0,0,0,0,0,2,9.3,5.3016,Fresh(0-50),0,0,0,0,0,0
L,300.0,309.2,1759,27.9,5,0,0,0,0,0,0,0,9.2,5.1389,Fresh(0-50),0,0,0,0,0,0
M,299.8,309.1,1355,56.7,7,0,0,0,0,0,0,1,9.3,8.0449,Fresh(0-50),0,1,1,1,0,0
M,299.9,309.1,1345,56.8,10,0,0,0,0,0,0,1,9.2,7.9996,Fresh(0-50),0,1,1,1,0,0
M,299.9,309.2,1683,30.5,13,0,0,0,0,0,0,1,9.3,5.375,Fresh(0-50),0,0,0,0,0,0
L,299.9,309.2,1658,34.8,16,0,0,0,0,0,0,0,9.3,6.0417,Fresh(0-50),0,0,0,0,0,0
L,300.0,309.2,1566,34.4,18,0,0,0,0,0,0,0,9.2,5.6409,Fresh(0-50),0,0,0,0,0,0
M,300.1,309.3,1469,43.9,20,0,0,0,0,0,0,1,9.2,6.7528,Fresh(0-50),0,0,0,0,0,0
M,300.2,309.5,1458,46.9,23,0,0,0,0,0,0,1,9.3,7.1602,Fresh(0-50),0,1,0,0,0,0
L,300.1,309.4,1858,23.6,26,0,0,0,0,0,0,0,9.3,4.5915,Fresh(0-50),0,0,0,0,0,0
H,300.1,309.4,1563,40.8,28,0,0,0,0,0,0,2,9.3,6.6775,Fresh(0-50),0,0,0,0,0,0
L,300.1,309.4,2141,17.9,33,0,0,0,0,0,0,0,9.3,4.013,Fresh(0-50),0,0,0,0,0,0
L,300.0,309.3,1473,46.0,35,0,0,0,0,0,0,0,9.3,7.0951,Fresh(0-50),0,0,0,0,0,0
H,300.0,309.4,1498,38.5,37,0,0,0,0,0,0,2,9.4,6.0391,Fresh(0-50),0,0,0,0,0,0
L,300.1,309.4,1568,39.7,42,0,0,0,0,0,0,0,9.3,6.5183,Fresh(0-50),0,0,0,0,0,0
L,300.1,309.4,1694,27.4,44,0,0,0,0,0,0,0,9.3,4.8603,Fresh(0-50),0,0,0,0,0,0
L,300.0,309.4,1499,35.7,46,0,0,0,0,0,0,0,9.4,5.6036,Fresh(0-50),0,0,0,0,0,0
L,300.0,309.5,1717,28.3,48,0,0,0,0,0,0,0,9.5,5.0881,Fresh(0-50),0,0,0,0,0,0
M,300.1,309.5,1462,42.8,50,0,0,0,0,0,0,1,9.4,6.5522,Fresh(0-50),0,0,0,0,0,0
L,300.1,309.6,1642,34.5,53,0,0,0,0,0,0,0,9.5,5.9318,Low(51-100),0,0,0,0,0,0
L,300.1,309.6,1760,25.4,55,0,0,0,0,0,0,0,9.5,4.681,Low(51-100),0,0,0,0,0,0
L,300.1,309.5,1660,32.7,57,0,0,0,0,0,0,0,9.4,5.684,Low(51-100),0,0,0,0,0,0
L,300.1,309.5,1557,40.6,59,0,0,0,0,0,0,0,9.4,6.6193,Low(51-100),0,0,0,0,0,0
H,300.2,309.6,1442,49.2,61,0,0,0,0,0,0,2,9.4,7.4289,Low(51-100),0,1,0,0,0,0
L,300.2,309.6,1359,51.5,66,0,0,0,0,0,0,0,9.4,7.3286,Low(51-100),0,1,1,1,0,0
L,300.4,309.8,1342,52.5,68,0,0,0,0,0,0,0,9.4,7.3775,Low(51-100),0,1,1,1,0,0
L,300.4,309.9,1435,54.8,70,0,0,0,0,0,0,0,9.5,8.2343,Low(51-100),0,1,0,0,0,0
L,300.4,309.9,1567,36.5,72,0,0,0,0,0,0,0,9.5,5.9891,Low(51-100),0,0,0,0,0,0
L,300.4,309.9,1376,43.5,74,0,0,0,0,0,0,0,9.5,6.2676,Low(51-100),0,0,1,0,0,0
H,300.4,309.9,1513,38.7,76,0,0,0,0,0,0,2,9.5,6.1312,Low(51-100),0,0,0,0,0,0
H,300.4,309.9,2563,12.8,81,1,0,0,1,0,0,2,9.5,3.4352,Low(51-100),0,0,0,0,0,1
L,300.5,310.0,1521,45.1,86,0,0,0,0,0,0,0,9.5,7.1829,Low(51-100),0,0,0,0,0,0
L,300.6,310.0,1658,34.7,88,0,0,0,0,0,0,0,9.4,6.0244,Low(51-100),0,0,0,0,0,0
H,300.6,310.0,1419,42.4,90,0,0,0,0,0,0,2,9.4,6.3001,Low(51-100),0,0,1,0,0,0
M,300.6,310.0,1478,36.3,95,0,0,0,0,0,0,1,9.4,5.6179,Low(51-100),0,0,0,0,0,0
M,300.5,310.0,1415,43.5,98,0,0,0,0,0,0,1,9.5,6.4453,Low(51-100),0,0,1,0,0,0
M,300.5,309.9,1780,26.5,101,0,0,0,0,0,0,1,9.4,4.9393,Medium(101-150),0,0,0,0,0,0
M,300.4,309.7,1440,42.8,104,0,0,0,0,0,0,1,9.3,6.4536,Medium(101-150),0,0,0,0,0,0
H,300.4,309.8,1448,39.7,107,0,0,0,0,0,0,2,9.4,6.0194,Medium(101-150),0,0,0,0,0,0
H,300.4,309.7,1500,35.2,112,0,0,0,0,0,0,2,9.3,5.5288,Medium(101-150),0,0,0,0,0,0
L,300.4,309.8,1513,32.9,117,0,0,0,0,0,0,0,9.4,5.2123,Medium(101-150),0,0,0,0,0,0
L,300.5,309.8,1428,43.8,119,0,0,0,0,0,0,0,9.3,6.5494,Medium(101-150),0,0,0,0,0,0
M,300.5,309.8,1473,42.3,121,0,0,0,0,0,0,1,9.3,6.5244,Medium(101-150),0,0,0,0,0,0
M,300.5,309.9,1483,49.3,124,0,0,0,0,0,0,1,9.4,7.6557,Medium(101-150),0,1,0,0,0,0
L,300.4,309.7,1534,42.5,127,0,0,0,0,0,0,0,9.3,6.8267,Medium(101-150),0,0,0,0,0,0
L,300.5,309.8,1367,54.0,129,0,0,0,0,0,0,0,9.3,7.7296,Medium(101-150),0,1,1,1,0,0
L,300.4,309.7,1467,36.9,131,0,0,0,0,0,0,0,9.3,5.6683,Medium(101-150),0,0,0,0,0,0
M,300.4,309.7,1488,42.2,133,0,0,0,0,0,0,1,9.3,6.5752,Medium(101-150),0,0,0,0,0,0
L,300.4,309.7,1679,30.1,136,0,0,0,0,0,0,0,9.3,5.2919,Medium(101-150),0,0,0,0,0,0
H,300.4,309.8,1409,47.5,138,0,0,0,0,0,0,2,9.4,7.0081,Medium(101-150),0,1,1,1,0,0
M,300.4,309.7,1367,51.2,143,0,0,0,0,0,0,1,9.3,7.3288,Medium(101-150),0,1,1,1,0,0
L,300.4,309.8,1314,63.1,146,0,0,0,0,0,0,0,9.4,8.682,Medium(101-150),0,1,1,1,0,0
L,300.5,309.9,1480,40.0,148,0,0,0,0,0,0,0,9.4,6.199,Medium(101-150),0,0,0,0,0,0
L,300.4,309.8,1549,38.9,150,0,0,0,0,0,0,0,9.4,6.3095,Medium(101-150),0,0,0,0,0,0
L,300.4,309.7,1685,31.3,152,0,0,0,0,0,0,0,9.3,5.5226,High(151-200),0,0,0,0,0,0
L,300.4,309.6,1536,34.5,154,0,0,0,0,0,0,0,9.2,5.5489,High(151-200),0,0,0,0,0,0
M,300.4,309.7,1539,37.7,156,0,0,0,0,0,0,1,9.3,6.0754,High(151-200),0,0,0,0,0,0
L,300.4,309.7,1384,45.1,159,0,0,0,0,0,0,0,9.3,6.536,High(151-200),0,0,1,0,0,0
M,300.4,309.6,1614,30.3,161,0,0,0,0,0,0,1,9.2,5.1209,High(151-200),0,0,0,0,0,0
M,300.4,309.6,1675,35.5,164,0,0,0,0,0,0,1,9.2,6.2264,High(151-200),0,0,0,0,0,0
M,300.4,309.7,1685,32.3,167,0,0,0,0,0,0,1,9.3,5.699,High(151-200),0,0,0,0,0,0
L,300.4,309.6,1386,56.9,170,0,0,0,0,0,0,0,9.2,8.2579,High(151-200),0,1,1,1,0,0
M,300.3,309.6,1488,41.3,172,0,0,0,0,0,0,1,9.3,6.435,High(151-200),0,0,0,0,0,0
L,300.3,309.6,1624,32.6,175,0,0,0,0,0,0,0,9.3,5.5437,High(151-200),0,0,0,0,0,0
L,300.3,309.6,1600,34.6,177,0,0,0,0,0,0,0,9.3,5.7969,High(151-200),0,0,0,0,0,0
L,300.3,309.6,1468,44.7,179,0,0,0,0,0,0,0,9.3,6.8712,High(151-200),0,0,0,0,0,0
L,300.3,309.6,1435,45.4,181,0,0,0,0,0,0,0,9.3,6.8219,High(151-200),0,0,0,0,0,0
M,300.2,309.5,1564,33.4,183,0,0,0,0,0,0,1,9.3,5.4699,High(151-200),0,0,0,0,0,0
M,300.2,309.4,1329,53.6,186,0,0,0,0,0,0,1,9.2,7.4591,High(151-200),0,1,1,1,0,0
L,300.1,309.3,1570,36.8,189,0,0,0,0,0,0,0,9.2,6.0498,High(151-200),0,0,0,0,0,0
M,300.2,309.4,1433,48.8,191,0,0,0,0,0,0,1,9.2,7.3226,High(151-200),0,1,0,0,0,0
L,300.2,309.4,1527,37.0,194,0,0,0,0,0,0,0,9.2,5.9161,High(151-200),0,0,0,0,0,0
M,300.1,309.3,1443,50.3,196,0,0,0,0,0,0,1,9.2,7.6003,High(151-200),0,1,0,0,0,0
L,300.1,309.3,1616,32.0,199,0,0,0,0,0,0,0,9.2,5.4149,High(151-200),0,0,0,0,0,0
L,300.1,309.3,1654,31.0,201,0,0,0,0,0,0,0,9.2,5.369,Critical(>200),1,0,0,0,0,0
L,300.1,309.3,1685,27.1,203,0,0,0,0,0,0,0,9.2,4.7815,Critical(>200),1,0,0,0,0,0
M,300.2,309.4,1456,48.8,205,0,0,0,0,0,0,1,9.2,7.4401,Critical(>200),1,1,0,0,0,0
M,300.2,309.4,1752,27.8,208,0,0,0,0,0,0,1,9.2,5.1001,Critical(>200),1,0,0,0,0,0
M,300.1,309.2,1438,51.0,211,0,0,0,0,0,0,1,9.1,7.6794,Critical(>200),1,1,0,0,0,0
L,300.1,309.1,1551,33.7,214,0,0,0,0,0,0,0,9.0,5.4732,Critical(>200),1,0,0,0,0,0
L,300.1,309.2,1599,30.1,216,0,0,0,0,0,0,0,9.1,5.0398,Critical(>200),1,0,0,0,0,0
M,300.1,309.2,1732,33.7,218,0,0,0,0,0,0,1,9.1,6.1119,Critical(>200),1,0,0,0,0,0
M,300.1,309.2,1418,39.8,221,0,0,0,0,0,0,1,9.1,5.9096,Critical(>200),1,0,1,0,0,0
L,300.0,309.1,1401,44.5,0,0,0,0,0,0,0,0,9.1,6.5282,Fresh(0-50),0,0,1,0,0,0
L,300.0,309.0,1454,51.7,2,0,0,0,0,0,0,0,9.0,7.8714,Fresh(0-50),0,1,0,0,0,0
M,300.0,309.2,1635,32.4,4,0,0,0,0,0,0,1,9.2,5.547,Fresh(0-50),0,0,0,0,0,0
L,300.0,309.1,1489,40.3,7,0,0,0,0,0,0,0,9.1,6.2834,Fresh(0-50),0,0,0,0,0,0
L,300.0,309.1,1465,40.6,9,0,0,0,0,0,0,0,9.1,6.2282,Fresh(0-50),0,0,0,0,0,0
M,300.0,309.1,1463,45.7,11,0,0,0,0,0,0,1,9.1,7.001,Fresh(0-50),0,0,0,0,0,0
H,300.1,309.1,1560,35.4,14,0,0,0,0,0,0,2,9.0,5.7826,Fresh(0-50),0,0,0,0,0,0
M,300.1,309.2,1454,44.4,19,0,0,0,0,0,0,1,9.1,6.76,Fresh(0-50),0,0,0,0,0,0
L,300.2,309.1,1479,47.0,22,0,0,0,0,0,0,0,8.9,7.2788,Fresh(0-50),0,1,0,0,0,0
L,300.2,309.2,1430,43.4,24,0,0,0,0,0,0,0,9.0,6.4986,Fresh(0-50),0,0,0,0,0,0
M,300.1,309.1,1533,38.0,26,0,0,0,0,0,0,1,9.0,6.0999,Fresh(0-50),0,0,0,0,0,0
L,300.1,309.0,1404,54.8,29,0,0,0,0,0,0,0,8.9,8.0565,Fresh(0-50),0,1,1,1,0,0
M,300.1,308.9,1548,38.4,31,0,0,0,0,0,0,1,8.8,6.2244,Fresh(0-50),0,0,0,0,0,0
M,300.1,309.0,1612,33.0,34,0,0,0,0,0,0,1,8.9,5.5703,Fresh(0-50),0,0,0,0,0,0
M,300.2,309.0,1642,31.2,37,0,0,0,0,0,0,1,8.8,5.3644,Fresh(0-50),0,0,0,0,0,0
M,300.2,309.1,1406,42.2,40,0,0,0,0,0,0,1,8.9,6.2129,Fresh(0-50),0,0,1,0,0,0
L,300.3,309.2,1587,31.4,43,0,0,0,0,0,0,0,8.9,5.218,Fresh(0-50),0,0,0,0,0,0
M,300.3,309.2,1364,47.6,45,0,0,0,0,0,0,1,8.9,6.7986,Fresh(0-50),0,1,1,1,0,0
L,300.3,309.2,1462,51.4,48,0,0,0,0,0,0,0,8.9,7.8688,Fresh(0-50),0,1,0,0,0,0
L,300.3,309.2,1649,32.4,50,0,0,0,0,0,0,0,8.9,5.5945,Fresh(0-50),0,0,0,0,0,0
L,300.4,309.2,1752,29.0,52,0,0,0,0,0,0,0,8.8,5.3202,Low(51-100),0,0,0,0,0,0
H,300.4,309.3,1396,51.2,54,0,0,0,0,0,0,2,8.9,7.4843,Low(51-100),0,1,1,1,0,0
M,300.5,309.4,2179,16.3,59,0,0,0,0,0,0,1,8.9,3.7191,Low(51-100),0,0,0,0,0,0
L,300.5,309.5,1653,27.6,62,0,0,0,0,0,0,0,9.0,4.7773,Low(51-100),0,0,0,0,0,0
L,300.6,309.5,2025,21.4,64,0,0,0,0,0,0,0,8.9,4.5377,Low(51-100),0,0,0,0,0,0
L,300.6,309.6,1426,53.6,66,0,0,0,0,0,0,0,9.0,8.0035,Low(51-100),0,1,0,0,0,0
M,300.6,309.6,1503,38.4,68,0,0,0,0,0,0,1,9.0,6.0435,Low(51-100),0,0,0,0,0,0
M,300.7,309.6,1525,36.5,71,0,0,0,0,0,0,1,8.9,5.8285,Low(51-100),0,0,0,0,0,0
L,300.6,309.6,1423,49.1,74,0,0,0,0,0,0,0,9.0,7.3162,Low(51-100),0,1,0,0,0,0
M,300.7,309.7,1435,44.7,76,0,0,0,0,0,0,1,9.0,6.7167,Low(51-100),0,0,0,0,0,0
H,300.6,309.5,1495,36.5,79,0,0,0,0,0,0,2,8.9,5.7139,Low(51-100),0,0,0,0,0,0
M,300.6,309.5,1557,33.8,84,0,0,0,0,0,0,1,8.9,5.5106,Low(51-100),0,0,0,0,0,0
L,300.6,309.4,1474,40.7,87,0,0,0,0,0,0,0,8.8,6.2819,Low(51-100),0,0,0,0,0,0
L,300.5,309.3,1465,46.0,89,0,0,0,0,0,0,0,8.8,7.0565,Low(51-100),0,0,0,0,0,0
M,300.5,309.3,1589,34.9,91,0,0,0,0,0,0,1,8.8,5.8069,Low(51-100),0,0,0,0,0,0
L,300.5,309.3,1475,46.8,94,0,0,0,0,0,0,0,8.8,7.2283,Low(51-100),0,0,0,0,0,0
L,300.6,309.4,1442,43.2,96,0,0,0,0,0,0,0,8.8,6.523,Low(51-100),0,0,0,0,0,0
L,300.6,309.4,1556,36.0,98,0,0,0,0,0,0,0,8.8,5.8655,Low(51-100),0,0,0,0,0,0
L,300.7,309.3,1425,45.3,100,0,0,0,0,0,0,0,8.6,6.7594,Low(51-100),0,0,0,0,0,0
L,300.7,309.3,1580,38.3,102,0,0,0,0,0,0,0,8.6,6.3365,Medium(101-150),0,0,0,0,0,0
H,300.8,309.4,1474,40.7,104,0,0,0,0,0,0,2,8.6,6.2819,Medium(101-150),0,0,0,0,0,0
L,300.8,309.4,1489,38.4,109,0,0,0,0,0,0,0,8.6,5.9872,Medium(101-150),0,0,0,0,0,0
L,300.8,309.4,1946,20.5,111,0,0,0,0,0,0,0,8.6,4.1773,Medium(101-150),0,0,0,0,0,0
M,300.8,309.4,1342,62.4,113,1,0,1,0,0,0,1,8.6,8.7687,Medium(101-150),0,1,1,1,0,1
M,300.9,309.5,1758,26.8,116,0,0,0,0,0,0,1,8.6,4.9334,Medium(101-150),0,0,0,0,0,0
M,300.9,309.4,1724,25.6,119,0,0,0,0,0,0,1,8.5,4.6214,Medium(101-150),0,0,0,0,0,0
L,301.0,309.5,1430,48.5,122,0,0,0,0,0,0,0,8.5,7.2623,Medium(101-150),0,1,0,0,0,0
L,300.9,309.5,1612,35.2,124,0,0,0,0,0,0,0,8.6,5.9416,Medium(101-150),0,0,0,0,0,0
H,300.9,309.5,1469,43.4,126,0,0,0,0,0,0,2,8.6,6.6759,Medium(101-150),0,0,0,0,0,0
L,300.9,309.6,1384,42.4,131,0,0,0,0,0,0,0,8.7,6.1447,Medium(101-150),0,0,1,0,0,0
L,301.0,309.6,1724,28.1,133,0,0,0,0,0,0,0,8.6,5.0727,Medium(101-150),0,0,0,0,0,0
M,301.0,309.6,1397,48.0,135,0,0,0,0,0,0,1,8.6,7.0216,Medium(101-150),0,1,1,1,0,0
M,301.0,309.6,1588,32.7,138,0,0,0,0,0,0,1,8.6,5.4374,Medium(101-150),0,0,0,0,0,0
L,301.0,309.7,1468,42.0,141,0,0,0,0,0,0,0,8.7,6.4561,Medium(101-150),0,0,0,0,0,0
M,301.0,309.8,1594,31.1,143,0,0,0,0,0,0,1,8.8,5.1909,Medium(101-150),0,0,0,0,0,0
M,301.0,309.7,1511,39.3,146,0,0,0,0,0,0,1,8.7,6.218,Medium(101-150),0,0,0,0,0,0
L,301.1,309.8,1493,38.9,149,0,0,0,0,0,0,0,8.7,6.0814,Medium(101-150),0,0,0,0,0,0
H,301.2,309.8,1709,27.0,151,0,0,0,0,0,0,2,8.6,4.8317,High(151-200),0,0,0,0,0,0
L,301.1,309.6,1501,36.1,156,0,0,0,0,0,0,0,8.5,5.6739,High(151-200),0,0,0,0,0,0
L,301.1,309.7,1668,30.8,158,0,0,0,0,0,0,0,8.6,5.3795,High(151-200),0,0,0,0,0,0
L,301.1,309.6,1502,48.9,160,0,0,0,0,0,0,0,8.5,7.6909,High(151-200),0,1,0,0,0,0
M,301.0,309.7,1288,58.4,162,0,0,0,0,0,0,1,8.7,7.8764,High(151-200),0,1,1,1,0,0
L,301.0,309.7,1491,42.9,165,0,0,0,0,0,0,0,8.7,6.6978,High(151-200),0,0,0,0,0,0
L,301.1,309.8,1519,39.6,167,0,0,0,0,0,0,0,8.7,6.2987,High(151-200),0,0,0,0,0,0
L,301.2,309.9,1984,19.7,169,0,0,0,0,0,0,0,8.7,4.0926,High(151-200),0,0,0,0,0,0
L,301.2,309.9,1643,32.9,171,0,0,0,0,0,0,0,8.7,5.6602,High(151-200),0,0,0,0,0,0
M,301.2,310.0,1625,31.6,173,0,0,0,0,0,0,1,8.8,5.377,High(151-200),0,0,0,0,0,0
M,301.3,310.0,2068,17.8,176,0,0,0,0,0,0,1,8.7,3.8545,High(151-200),0,0,0,0,0,0
H,301.3,310.1,1469,39.7,179,0,0,0,0,0,0,2,8.8,6.1067,High(151-200),0,0,0,0,0,0
L,301.3,310.1,1558,36.3,184,0,0,0,0,0,0,0,8.8,5.922,High(151-200),0,0,0,0,0,0
L,301.3,310.0,1344,54.8,186,0,0,0,0,0,0,0,8.7,7.7122,High(151-200),0,1,1,1,0,0
H,301.3,310.1,1455,44.1,188,0,0,0,0,0,0,2,8.8,6.7189,High(151-200),0,0,0,0,0,0
L,301.3,310.1,1355,53.6,193,0,0,0,0,0,0,0,8.8,7.605,High(151-200),0,1,1,1,0,0
L,301.3,310.1,1269,56.8,195,1,0,0,0,1,0,0,8.8,7.5476,High(151-200),0,1,1,1,0,1
L,301.3,310.0,1550,41.5,197,0,0,0,0,0,0,0,8.7,6.7356,High(151-200),0,0,0,0,0,0
M,301.3,310.1,1525,37.8,199,0,0,0,0,0,0,1,8.8,6.0361,High(151-200),0,0,0,0,0,0
M,301.3,310.0,1696,32.4,202,0,0,0,0,0,0,1,8.7,5.754,Critical(>200),1,0,0,0,0,0
L,301.4,310.1,1937,21.8,205,0,0,0,0,0,0,0,8.7,4.4216,Critical(>200),1,0,0,0,0,0
M,301.4,310.0,1689,32.1,207,0,0,0,0,0,0,1,8.6,5.6772,Critical(>200),1,0,0,0,0,0
M,301.3,310.0,1593,30.8,210,0,0,0,0,0,0,1,8.7,5.1376,Critical(>200),1,0,0,0,0,0
M,301.3,309.9,1565,36.0,213,0,0,0,0,0,0,1,8.6,5.8995,Critical(>200),1,0,0,0,0,0
L,301.3,310.0,1665,31.4,0,0,0,0,0,0,0,0,8.7,5.4745,Fresh(0-50),0,0,0,0,0,0
H,301.3,310.0,1532,36.3,2,0,0,0,0,0,0,2,8.7,5.8232,Fresh(0-50),0,0,0,0,0,0
L,301.3,310.0,1438,40.9,7,0,0,0,0,0,0,0,8.7,6.1586,Fresh(0-50),0,0,0,0,0,0
L,301.3,310.1,1531,41.6,9,0,0,0,0,0,0,0,8.8,6.6691,Fresh(0-50),0,0,0,0,0,0
L,301.3,310.0,1506,40.8,11,0,0,0,0,0,0,0,8.7,6.434,Fresh(0-50),0,0,0,0,0,0
L,301.2,309.9,1382,52.4,13,0,0,0,0,0,0,0,8.7,7.5829,Fresh(0-50),0,1,1,1,0,0
M,301.2,309.9,1456,50.8,15,0,0,0,0,0,0,1,8.7,7.745,Fresh(0-50),0,1,0,0,0,0
M,301.2,310.0,1445,45.6,18,0,0,0,0,0,0,1,8.8,6.8997,Fresh(0-50),0,0,0,0,0,0
L,301.2,309.9,1515,40.9,21,0,0,0,0,0,0,0,8.7,6.4883,Fresh(0-50),0,0,0,0,0,0
L,301.2,309.9,1449,45.5,23,0,0,0,0,0,0,0,8.7,6.9036,Fresh(0-50),0,0,0,0,0,0
H,301.2,309.9,1362,50.7,25,0,0,0,0,0,0,2,8.7,7.2307,Fresh(0-50),0,1,1,1,0,0
L,301.2,309.9,1687,29.7,30,0,0,0,0,0,0,0,8.7,5.2465,Fresh(0-50),0,0,0,0,0,0
L,301.2,310.0,1618,37.6,32,0,0,0,0,0,0,0,8.8,6.3703,Fresh(0-50),0,0,0,0,0,0
M,301.2,310.1,1558,32.6,34,0,0,0,0,0,0,1,8.9,5.3184,Fresh(0-50),0,0,0,0,0,0
L,301.3,310.1,1662,31.0,37,0,0,0,0,0,0,0,8.8,5.395,Fresh(0-50),0,0,0,0,0,0
M,301.2,310.1,1295,56.6,39,0,0,0,0,0,0,1,8.9,7.6751,Fresh(0-50),0,1,1,1,0,0
L,301.2,310.2,1385,42.3,42,0,0,0,0,0,0,0,9.0,6.1346,Fresh(0-50),0,0,1,0,0,0
M,301.2,310.1,1479,45.5,44,0,0,0,0,0,0,1,8.9,7.0465,Fresh(0-50),0,0,0,0,0,0
L,301.3,310.3,1400,44.3,47,0,0,0,0,0,0,0,9.0,6.4942,Fresh(0-50),0,0,1,0,0,0
M,301.2,310.3,1357,54.5,49,0,0,0,0,0,0,1,9.1,7.7441,Fresh(0-50),0,1,1,1,0,0
L,301.1,310.2,1657,34.1,52,0,0,0,0,0,0,0,9.1,5.9166,Low(51-100),0,0,0,0,0,0
L,301.1,310.2,1496,43.4,54,0,0,0,0,0,0,0,9.1,6.7986,Low(51-100),0,0,0,0,0,0
M,301.2,310.3,1379,43.2,56,0,0,0,0,0,0,1,9.1,6.238,Low(51-100),0,0,1,0,0,0
L,301.2,310.3,1548,38.6,59,0,0,0,0,0,0,0,9.1,6.2568,Low(51-100),0,0,0,0,0,0
L,301.2,310.3,1499,38.1,61,0,0,0,0,0,0,0,9.1,5.9803,Low(51-100),0,0,0,0,0,0
L,301.3,310.5,1390,45.8,63,0,0,0,0,0,0,0,9.2,6.6662,Low(51-100),0,0,1,0,0,0
H,301.3,310.4,1538,38.4,65,0,0,0,0,0,0,2,9.1,6.1842,Low(51-100),0,0,0,0,0,0
L,301.3,310.5,1365,47.7,70,0,0,0,0,0,0,0,9.2,6.8179,Low(51-100),0,1,1,1,0,0
L,301.3,310.5,1503,48.6,72,0,0,0,0,0,0,0,9.2,7.6488,Low(51-100),0,1,0,0,0,0
L,301.2,310.4,1390,49.9,74,0,0,0,0,0,0,0,9.2,7.2629,Low(51-100),0,1,1,1,0,0
L,301.2,310.3,1497,45.7,76,0,0,0,0,0,0,0,9.1,7.1637,Low(51-100),0,0,0,0,0,0
M,301.3,310.4,1577,48.3,78,0,0,0,0,0,0,1,9.1,7.9758,Low(51-100),0,1,0,0,0,0
L,301.4,310.5,1432,54.3,81,0,0,0,0,0,0,0,9.1,8.1422,Low(51-100),0,1,0,0,0,0
M,301.4,310.5,1563,39.9,83,0,0,0,0,0,0,1,9.1,6.5302,Low(51-100),0,0,0,0,0,0
L,301.4,310.4,1433,43.4,86,0,0,0,0,0,0,0,9.0,6.5123,Low(51-100),0,0,0,0,0,0
L,301.3,310.4,1384,50.1,88,0,0,0,0,0,0,0,9.1,7.2606,Low(51-100),0,1,1,1,0,0
L,301.3,310.4,1346,46.7,90,0,0,0,0,0,0,0,9.1,6.582,Low(51-100),0,0,1,0,0,0
L,301.3,310.4,1459,44.7,92,0,0,0,0,0,0,0,9.1,6.829,Low(51-100),0,0,0,0,0,0
L,301.4,310.4,1639,28.9,94,0,0,0,0,0,0,0,9.0,4.9599,Low(51-100),0,0,0,0,0,0
L,301.4,310.4,1737,31.9,96,0,0,0,0,0,0,0,9.0,5.8021,Low(51-100),0,0,0,0,0,0
L,301.4,310.5,1489,43.5,98,0,0,0,0,0,0,0,9.1,6.7824,Low(51-100),0,0,0,0,0,0
M,301.5,310.6,1492,43.0,100,0,0,0,0,0,0,1,9.1,6.7179,Low(51-100),0,0,0,0,0,0
M,301.4,310.5,1217,60.6,103,0,0,0,0,0,0,1,9.1,7.7225,Medium(101-150),0,1,1,1,0,0
L,301.5,310.5,1636,28.7,106,0,0,0,0,0,0,0,9.0,4.9166,Medium(101-150),0,0,0,0,0,0
L,301.4,310.4,1436,49.7,108,0,0,0,0,0,0,0,9.0,7.4732,Medium(101-150),0,1,0,0,0,0
L,301.4,310.4,1689,30.6,110,0,0,0,0,0,0,0,9.0,5.4119,Medium(101-150),0,0,0,0,0,0
L,301.5,310.5,2289,16.4,112,0,0,0,0,0,0,0,9.0,3.9308,Medium(101-150),0,0,0,0,0,0
L,301.5,310.6,1522,41.0,114,0,0,0,0,0,0,0,9.1,6.5342,Medium(101-150),0,0,0,0,0,0
L,301.5,310.5,1351,52.9,116,0,0,0,0,0,0,0,9.0,7.4835,Medium(101-150),0,1,1,1,0,0
L,301.5,310.5,1589,36.7,118,0,0,0,0,0,0,0,9.0,6.1064,Medium(101-150),0,0,0,0,0,0
L,301.5,310.6,1578,34.1,120,0,0,0,0,0,0,0,9.1,5.6345,Medium(101-150),0,0,0,0,0,0
L,301.5,310.6,1587,33.7,122,0,0,0,0,0,0,0,9.1,5.6002,Medium(101-150),0,0,0,0,0,0
L,301.5,310.6,1962,20.2,124,0,0,0,0,0,0,0,9.1,4.15,Medium(101-150),0,0,0,0,0,0
M,301.5,310.6,2432,14.2,126,0,0,0,0,0,0,1,9.1,3.6162,Medium(101-150),0,0,0,0,0,0
L,301.6,310.6,1418,43.9,129,0,0,0,0,0,0,0,9.0,6.5183,Medium(101-150),0,0,1,0,0,0
L,301.6,310.7,1683,29.7,131,0,0,0,0,0,0,0,9.1,5.234,Medium(101-150),0,0,0,0,0,0
L,301.7,310.8,1385,50.7,133,0,0,0,0,0,0,0,9.1,7.3528,Medium(101-150),0,1,1,1,0,0
L,301.7,310.8,1559,44.5,135,0,0,0,0,0,0,0,9.1,7.2645,Medium(101-150),0,0,0,0,0,0
M,301.7,310.8,1671,31.6,137,0,0,0,0,0,0,1,9.1,5.5292,Medium(101-150),0,0,0,0,0,0
M,301.6,310.8,1343,49.5,140,0,0,0,0,0,0,1,9.2,6.9611,Medium(101-150),0,1,1,1,0,0
M,301.6,310.8,1548,34.2,143,0,0,0,0,0,0,1,9.2,5.5436,Medium(101-150),0,0,0,0,0,0
L,301.7,310.9,1705,31.2,146,0,0,0,0,0,0,0,9.2,5.5703,Medium(101-150),0,0,0,0,0,0
L,301.6,310.8,1535,35.4,148,0,0,0,0,0,0,0,9.2,5.6899,Medium(101-150),0,0,0,0,0,0
L,301.6,310.8,1564,34.1,150,0,0,0,0,0,0,0,9.2,5.5845,Medium(101-150),0,0,0,0,0,0
M,301.6,310.9,1510,40.9,152,0,0,0,0,0,0,1,9.3,6.4669,High(151-200),0,0,0,0,0,0
L,301.6,310.9,1492,45.2,155,0,0,0,0,0,0,0,9.3,7.0616,High(151-200),0,0,0,0,0,0
M,301.5,310.8,1452,44.1,157,0,0,0,0,0,0,1,9.3,6.705,High(151-200),0,0,0,0,0,0
H,301.4,310.7,1329,52.0,160,0,0,0,0,0,0,2,9.3,7.2364,High(151-200),0,1,1,1,0,0
L,301.5,310.8,1382,52.4,165,0,0,0,0,0,0,0,9.3,7.5829,High(151-200),0,1,1,1,0,0
M,301.5,310.8,1628,36.4,167,0,0,0,0,0,0,1,9.3,6.2052,High(151-200),0,0,0,0,0,0
L,301.4,310.7,1706,27.9,170,0,0,0,0,0,0,0,9.3,4.984,High(151-200),0,0,0,0,0,0
L,301.3,310.7,1594,34.1,172,0,0,0,0,0,0,0,9.4,5.6917,High(151-200),0,0,0,0,0,0
L,301.3,310.7,1761,24.3,174,0,0,0,0,0,0,0,9.4,4.4809,High(151-200),0,0,0,0,0,0
L,301.3,310.6,1529,41.8,176,0,0,0,0,0,0,0,9.3,6.6924,High(151-200),0,0,0,0,0,0
M,301.3,310.7,1532,40.7,178,0,0,0,0,0,0,1,9.4,6.529,High(151-200),0,0,0,0,0,0
L,301.4,310.7,1673,27.8,181,0,0,0,0,0,0,0,9.3,4.8701,High(151-200),0,0,0,0,0,0
L,301.4,310.8,1285,62.6,183,1,0,0,0,1,0,0,9.4,8.4231,High(151-200),0,1,1,1,0,1
L,301.4,310.8,1680,31.4,185,0,0,0,0,0,0,0,9.4,5.5238,High(151-200),0,0,0,0,0,0
L,301.4,310.8,1610,34.6,187,0,0,0,0,0,0,0,9.4,5.8331,High(151-200),0,0,0,0,0,0
L,301.6,310.9,1632,31.6,189,0,0,0,0,0,0,0,9.3,5.4001,High(151-200),0,0,0,0,0,0
L,301.6,310.9,1559,40.2,191,0,0,0,0,0,0,0,9.3,6.5625,High(151-200),0,0,0,0,0,0
L,301.5,310.8,1367,49.0,193,0,0,0,0,0,0,0,9.3,7.0139,High(151-200),0,1,1,1,0,0
L,301.6,310.8,1355,57.8,195,1,0,0,0,1,0,0,9.2,8.2009,High(151-200),0,1,1,1,0,1
H,301.6,310.7,1414,51.7,197,0,0,0,0,0,0,2,9.1,7.6548,High(151-200),0,1,1,1,0,0
L,301.5,310.6,1522,36.6,202,0,0,0,0,0,0,0,9.1,5.833,Critical(>200),1,0,0,0,0,0
L,301.5,310.6,1525,41.9,204,0,0,0,0,0,0,0,9.1,6.6908,Critical(>200),1,0,0,0,0,0
L,301.5,310.6,1394,46.5,206,0,0,0,0,0,0,0,9.1,6.7875,Critical(>200),1,0,1,0,0,0
L,301.5,310.6,1519,40.7,208,0,0,0,0,0,0,0,9.1,6.4736,Critical(>200),1,0,0,0,0,0
L,301.4,310.6,1445,43.9,210,0,0,0,0,0,0,0,9.2,6.6425,Critical(>200),1,0,0,0,0,0
L,301.4,310.6,1555,43.3,212,0,0,0,0,0,0,0,9.2,7.0504,Critical(>200),1,0,0,0,0,0
L,301.4,310.5,1633,39.5,0,0,0,0,0,0,0,0,9.1,6.7543,Fresh(0-50),0,0,0,0,0,0
M,301.4,310.6,1630,30.3,2,0,0,0,0,0,0,1,9.2,5.1716,Fresh(0-50),0,0,0,0,0,0
M,301.4,310.7,1692,32.3,5,0,0,0,0,0,0,1,9.3,5.7227,Fresh(0-50),0,0,0,0,0,0
H,301.5,310.7,1790,26.2,8,0,0,0,0,0,0,2,9.2,4.9108,Fresh(0-50),0,0,0,0,0,0
L,301.5,310.8,1350,58.5,13,0,0,0,0,0,0,0,9.3,8.2696,Fresh(0-50),0,1,1,1,0,0
L,301.5,310.9,2760,8.0,15,1,0,0,1,0,0,0,9.4,2.312,Fresh(0-50),0,0,0,0,0,1
L,301.4,310.7,1584,32.2,17,0,0,0,0,0,0,0,9.3,5.3408,Fresh(0-50),0,0,0,0,0,0
L,301.4,310.7,1989,21.8,19,0,0,0,0,0,0,0,9.3,4.5403,Fresh(0-50),0,0,0,0,0,0
L,301.4,310.8,1431,44.3,21,0,0,0,0,0,0,0,9.4,6.638,Fresh(0-50),0,0,0,0,0,0
L,301.4,310.7,1568,35.2,23,0,0,0,0,0,0,0,9.3,5.7794,Fresh(0-50),0,0,0,0,0,0
L,301.4,310.7,1376,50.6,25,0,0,0,0,0,0,0,9.3,7.2906,Fresh(0-50),0,1,1,1,0,0
M,301.4,310.6,1459,46.9,27,0,0,0,0,0,0,1,9.2,7.1651,Fresh(0-50),0,1,0,0,0,0
M,301.5,310.8,1385,47.5,30,0,0,0,0,0,0,1,9.3,6.8887,Fresh(0-50),0,1,1,1,0,0
H,301.5,310.8,1591,29.6,33,0,0,0,0,0,0,2,9.3,4.9313,Fresh(0-50),0,0,0,0,0,0
L,301.5,310.7,1568,33.1,38,0,0,0,0,0,0,0,9.2,5.4346,Fresh(0-50),0,0,0,0,0,0
M,301.4,310.7,1459,37.7,40,0,0,0,0,0,0,1,9.3,5.7596,Fresh(0-50),0,0,0,0,0,0
L,301.4,310.7,1590,36.3,43,0,0,0,0,0,0,0,9.3,6.0437,Fresh(0-50),0,0,0,0,0,0
L,301.3,310.6,1376,47.6,45,0,0,0,0,0,0,0,9.3,6.8584,Fresh(0-50),0,1,1,1,0,0
L,301.3,310.6,1510,38.5,47,0,0,0,0,0,0,0,9.3,6.0874,Fresh(0-50),0,0,0,0,0,0
H,301.4,310.6,1674,33.6,49,0,0,0,0,0,0,2,9.2,5.8897,Fresh(0-50),0,0,0,0,0,0
L,301.3,310.6,1426,40.7,54,0,0,0,0,0,0,0,9.3,6.0773,Low(51-100),0,0,0,0,0,0
L,301.5,310.7,1466,43.6,56,0,0,0,0,0,0,0,9.2,6.6929,Low(51-100),0,0,0,0,0,0
H,301.5,310.8,1474,38.7,58,0,0,0,0,0,0,2,9.3,5.9732,Low(51-100),0,0,0,0,0,0
M,301.6,310.8,1290,65.3,63,0,0,0,0,0,0,1,9.2,8.8206,Low(51-100),0,1,1,1,0,0
M,301.7,310.9,1435,48.0,66,0,0,0,0,0,0,1,9.2,7.2126,Low(51-100),0,1,0,0,0,0
M,301.5,310.7,1416,53.2,69,0,0,0,0,0,0,1,9.2,7.8881,Low(51-100),0,1,1,1,0,0
H,301.5,310.7,1599,40.4,72,0,0,0,0,0,0,2,9.2,6.7644,Low(51-100),0,0,0,0,0,0
L,301.5,310.7,1466,47.3,77,0,0,0,0,0,0,0,9.2,7.2609,Low(51-100),0,1,0,0,0,0
L,301.5,310.7,1408,47.3,79,0,0,0,0,0,0,0,9.2,6.9737,Low(51-100),0,1,1,1,0,0
L,301.5,310.6,1490,48.1,81,0,0,0,0,0,0,0,9.1,7.5046,Low(51-100),0,1,0,0,0,0
L,301.5,310.6,1405,42.3,83,0,0,0,0,0,0,0,9.1,6.2232,Low(51-100),0,0,1,0,0,0
L,301.4,310.5,1647,33.3,85,0,0,0,0,0,0,0,9.1,5.7429,Low(51-100),0,0,0,0,0,0
M,301.4,310.6,1459,35.0,87,0,0,0,0,0,0,1,9.2,5.3471,Low(51-100),0,0,0,0,0,0
L,301.4,310.6,1648,30.7,90,0,0,0,0,0,0,0,9.2,5.2978,Low(51-100),0,0,0,0,0,0
L,301.4,310.7,1675,30.7,92,0,0,0,0,0,0,0,9.3,5.3846,Low(51-100),0,0,0,0,0,0
L,301.4,310.7,1605,34.2,94,0,0,0,0,0,0,0,9.3,5.7477,Low(51-100),0,0,0,0,0,0
H,301.4,310.7,1536,44.4,96,0,0,0,0,0,0,2,9.3,7.1412,Low(51-100),0,0,0,0,0,0
M,301.4,310.7,1617,34.3,101,0,0,0,0,0,0,1,9.3,5.8077,Medium(101-150),0,0,0,0,0,0
L,301.4,310.6,1347,53.3,104,0,0,0,0,0,0,0,9.2,7.5178,Medium(101-150),0,1,1,1,0,0
L,301.3,310.5,1337,52.7,106,0,0,0,0,0,0,0,9.2,7.378,Medium(101-150),0,1,1,1,0,0
L,301.3,310.4,1695,30.9,108,0,0,0,0,0,0,0,9.1,5.4843,Medium(101-150),0,0,0,0,0,0
M,301.3,310.4,1635,32.5,110,0,0,0,0,0,0,1,9.1,5.5641,Medium(101-150),0,0,0,0,0,0
L,301.2,310.4,1470,44.0,113,0,0,0,0,0,0,0,9.2,6.7728,Medium(101-150),0,0,0,0,0,0
L,301.2,310.4,1381,49.8,115,0,0,0,0,0,0,0,9.2,7.2014,Medium(101-150),0,1,1,1,0,0
M,301.2,310.4,1382,41.6,117,0,0,0,0,0,0,1,9.2,6.02,Medium(101-150),0,0,1,0,0,0
M,301.2,310.4,1697,30.0,120,0,0,0,0,0,0,1,9.2,5.3309,Medium(101-150),0,0,0,0,0,0
L,301.2,310.3,1451,39.7,123,0,0,0,0,0,0,0,9.1,6.0319,Medium(101-150),0,0,0,0,0,0
L,301.3,310.3,1419,55.7,125,0,0,0,0,0,0,0,9.0,8.2763,Medium(101-150),0,1,1,1,0,0
L,301.3,310.3,1313,55.6,127,0,0,0,0,0,0,0,9.0,7.6443,Medium(101-150),0,1,1,1,0,0
L,301.3,310.3,1560,36.3,129,0,0,0,0,0,0,0,9.0,5.9296,Medium(101-150),0,0,0,0,0,0
L,301.3,310.3,1555,41.2,131,0,0,0,0,0,0,0,9.0,6.7085,Medium(101-150),0,0,0,0,0,0
L,301.4,310.4,1579,36.9,133,0,0,0,0,0,0,0,9.0,6.1011,Medium(101-150),0,0,0,0,0,0
L,301.5,310.5,1435,44.6,135,0,0,0,0,0,0,0,9.0,6.7017,Medium(101-150),0,0,0,0,0,0
L,301.6,310.6,1621,33.7,137,0,0,0,0,0,0,0,9.0,5.7202,Medium(101-150),0,0,0,0,0,0
H,301.6,310.6,1555,40.4,139,0,0,0,0,0,0,2,9.0,6.5782,Medium(101-150),0,0,0,0,0,0
L,301.5,310.5,1611,33.8,144,0,0,0,0,0,0,0,9.0,5.7018,Medium(101-150),0,0,0,0,0,0
L,301.6,310.6,1834,23.5,146,0,0,0,0,0,0,0,9.0,4.513,Medium(101-150),0,0,0,0,0,0
M,301.5,310.5,1612,29.8,148,0,0,0,0,0,0,1,9.0,5.0301,Medium(101-150),0,0,0,0,0,0
L,301.5,310.4,1629,34.1,151,0,0,0,0,0,0,0,8.9,5.8166,High(151-200),0,0,0,0,0,0
L,301.4,310.4,1496,35.2,153,0,0,0,0,0,0,0,9.0,5.5141,High(151-200),0,0,0,0,0,0
L,301.5,310.5,1593,32.9,155,0,0,0,0,0,0,0,9.0,5.4879,High(151-200),0,0,0,0,0,0
M,301.5,310.5,1623,33.5,157,0,0,0,0,0,0,1,9.0,5.6932,High(151-200),0,0,0,0,0,0
L,301.5,310.5,1380,48.7,160,0,0,0,0,0,0,0,9.0,7.0373,High(151-200),0,1,1,1,0,0
L,301.6,310.6,1562,34.4,162,0,0,0,0,0,0,0,9.0,5.6265,High(151-200),0,0,0,0,0,0
L,301.6,310.6,1391,49.4,164,0,0,0,0,0,0,0,9.0,7.1953,High(151-200),0,1,1,1,0,0
H,301.5,310.5,1551,34.3,166,0,0,0,0,0,0,2,9.0,5.5706,High(151-200),0,0,0,0,0,0
H,301.6,310.6,1821,26.2,171,0,0,0,0,0,0,2,9.0,4.9958,High(151-200),0,0,0,0,0,0
L,301.6,310.7,1429,43.6,176,0,0,0,0,0,0,0,9.1,6.524,High(151-200),0,0,0,0,0,0
M,301.6,310.7,2012,20.7,178,0,0,0,0,0,0,1,9.1,4.3611,High(151-200),0,0,0,0,0,0
M,301.6,310.6,1924,23.6,181,0,0,0,0,0,0,1,9.0,4.7546,High(151-200),0,0,0,0,0,0
M,301.5,310.5,1412,44.1,184,0,0,0,0,0,0,1,9.0,6.5203,High(151-200),0,0,1,0,0,0
L,301.5,310.5,1389,54.9,187,0,0,0,0,0,0,0,9.0,7.9849,High(151-200),0,1,1,1,0,0
L,301.5,310.5,1466,48.1,189,0,0,0,0,0,0,0,9.0,7.3837,High(151-200),0,1,0,0,0,0
L,301.5,310.5,2297,15.8,191,0,0,0,0,0,0,0,9.0,3.8003,High(151-200),0,0,0,0,0,0
L,301.4,310.4,1471,37.5,193,0,0,0,0,0,0,0,9.0,5.7762,High(151-200),0,0,0,0,0,0
L,301.4,310.3,1492,41.4,195,0,0,0,0,0,0,0,8.9,6.4679,High(151-200),0,0,0,0,0,0
L,301.3,310.3,1460,41.5,197,0,0,0,0,0,0,0,9.0,6.3445,High(151-200),0,0,0,0,0,0
L,301.4,310.4,1559,39.4,199,0,0,0,0,0,0,0,9.0,6.4319,High(151-200),0,0,0,0,0,0
M,301.4,310.5,1495,52.5,201,0,0,0,0,0,0,1,9.1,8.2186,Critical(>200),1,1,0,0,0,0
L,301.5,310.5,1535,39.0,204,0,0,0,0,0,0,0,9.0,6.2686,Critical(>200),1,0,0,0,0,0
L,301.5,310.6,1381,50.7,206,0,0,0,0,0,0,0,9.1,7.3316,Critical(>200),1,1,1,1,0,0
M,301.6,310.6,1599,36.1,208,0,0,0,0,0,0,1,9.0,6.0444,Critical(>200),1,0,0,0,0,0
H,301.6,310.6,1400,49.5,211,0,0,0,0,0,0,2,9.0,7.2565,Critical(>200),1,1,1,1,0,0
L,301.7,310.6,1624,34.5,216,0,0,0,0,0,0,0,8.9,5.8668,Critical(>200),1,0,0,0,0,0
L,301.6,310.6,1478,36.6,218,0,0,0,0,0,0,0,9.0,5.6644,Critical(>200),1,0,0,0,0,0
L,301.7,310.7,1605,33.3,220,0,0,0,0,0,0,0,9.0,5.5965,Critical(>200),1,0,0,0,0,0
L,301.6,310.6,1506,43.4,222,0,0,0,0,0,0,0,9.0,6.844,Critical(>200),1,0,0,0,0,0
L,301.6,310.6,1455,43.9,0,0,0,0,0,0,0,0,9.0,6.6884,Fresh(0-50),0,0,0,0,0,0
H,301.6,310.5,1602,32.3,2,0,0,0,0,0,1,2,8.9,5.4183,Fresh(0-50),0,0,0,0,0,1
L,301.5,310.4,1425,54.4,7,0,0,0,0,0,0,0,8.9,8.1173,Fresh(0-50),0,1,0,0,0,0
L,301.5,310.4,1918,21.8,9,0,0,0,0,0,0,0,8.9,4.3783,Fresh(0-50),0,0,0,0,0,0
H,301.4,310.3,1611,41.5,11,0,0,0,0,0,0,2,8.9,7.0007,Fresh(0-50),0,0,0,0,0,0
H,301.4,310.4,1610,38.6,16,0,0,0,0,0,0,2,9.0,6.5074,Fresh(0-50),0,0,0,0,0,0
M,301.5,310.4,2639,12.0,21,1,0,0,1,0,0,1,8.9,3.316,Fresh(0-50),0,0,0,0,0,1
L,301.5,310.4,1329,46.6,24,0,0,0,0,0,0,0,8.9,6.485,Fresh(0-50),0,0,1,0,0,0
L,301.5,310.4,1270,54.2,26,0,0,0,0,0,0,0,8.9,7.2077,Fresh(0-50),0,1,1,1,0,0
L,301.5,310.3,1415,41.6,28,0,0,0,0,0,0,0,8.8,6.1638,Fresh(0-50),0,0,1,0,0,0
H,301.6,310.4,1330,49.5,30,0,0,0,0,0,0,2,8.8,6.8937,Fresh(0-50),0,1,1,1,0,0
H,301.6,310.5,1786,27.1,35,0,0,0,0,0,0,2,8.9,5.0681,Fresh(0-50),0,0,0,0,0,0
L,301.6,310.5,1809,25.5,40,0,0,0,0,0,0,0,8.9,4.8303,Fresh(0-50),0,0,0,0,0,0
L,301.7,310.6,1303,59.7,42,0,0,0,0,0,0,0,8.9,8.1455,Fresh(0-50),0,1,1,1,0,0
M,301.8,310.7,1383,45.7,44,0,0,0,0,0,0,1,8.9,6.6181,Fresh(0-50),0,0,1,0,0,0
L,301.7,310.6,1447,56.9,47,0,0,0,0,0,0,0,8.9,8.6214,Fresh(0-50),0,1,0,0,0,0
L,301.8,310.7,1461,44.2,49,0,0,0,0,0,0,0,8.9,6.7619,Fresh(0-50),0,0,0,0,0,0
L,301.8,310.7,2092,18.6,51,0,0,0,0,0,0,0,8.9,4.0745,Low(51-100),0,0,0,0,0,0
M,301.8,310.7,1429,47.9,53,0,0,0,0,0,0,1,8.9,7.1674,Low(51-100),0,1,0,0,0,0
L,301.8,310.8,1736,26.5,56,0,0,0,0,0,0,0,9.0,4.8172,Low(51-100),0,0,0,0,0,0
L,301.8,310.7,1441,49.3,58,0,0,0,0,0,0,0,8.9,7.4389,Low(51-100),0,1,0,0,0,0
L,301.8,310.7,1523,43.3,60,0,0,0,0,0,0,0,8.9,6.9053,Low(51-100),0,0,0,0,0,0
M,301.8,310.8,1691,33.4,62,0,0,0,0,0,0,1,9.0,5.9141,Low(51-100),0,0,0,0,0,0
M,301.9,310.8,1557,35.3,65,0,0,0,0,0,0,1,8.9,5.7552,Low(51-100),0,0,0,0,0,0
L,301.8,310.7,1644,33.4,68,0,0,0,0,0,0,0,8.9,5.7497,Low(51-100),0,0,0,0,0,0
L,301.8,310.6,1522,43.8,70,0,0,0,0,0,0,0,8.8,6.9805,Low(51-100),0,0,0,0,0,0
L,301.8,310.7,1547,41.7,72,0,0,0,0,0,0,0,8.9,6.755,Low(51-100),0,0,0,0,0,0
L,301.8,310.7,1597,30.8,74,0,0,0,0,0,0,0,8.9,5.1505,Low(51-100),0,0,0,0,0,0
M,301.8,310.8,1619,31.0,76,0,0,0,0,0,0,1,9.0,5.2554,Low(51-100),0,0,0,0,0,0
L,301.9,310.8,1400,58.2,79,0,0,0,0,0,0,0,8.9,8.5319,Low(51-100),0,1,1,1,0,0
L,302.0,310.9,1663,31.5,81,0,0,0,0,0,0,0,8.9,5.4853,Low(51-100),0,0,0,0,0,0
L,301.9,310.8,1540,37.6,83,0,0,0,0,0,0,0,8.9,6.0632,Low(51-100),0,0,0,0,0,0
H,301.9,310.8,1455,42.7,85,0,0,0,0,0,0,2,8.9,6.5056,Low(51-100),0,0,0,0,0,0
L,301.9,310.8,1519,39.0,90,0,0,0,0,0,0,0,8.9,6.2032,Low(51-100),0,0,0,0,0,0
L,301.9,310.8,1427,47.7,92,0,0,0,0,0,0,0,8.9,7.1275,Low(51-100),0,1,0,0,0,0
L,301.9,310.8,1650,29.8,94,0,0,0,0,0,0,0,8.9,5.1487,Low(51-100),0,0,0,0,0,0
M,301.8,310.8,1508,38.8,96,0,0,0,0,0,0,1,9.0,6.1267,Low(51-100),0,0,0,0,0,0
L,301.9,310.9,1379,54.8,99,0,0,0,0,0,0,0,9.0,7.913,Low(51-100),0,1,1,1,0,0
L,301.9,310.9,1542,36.7,101,0,0,0,0,0,0,0,9.0,5.9258,Medium(101-150),0,0,0,0,0,0
M,301.9,310.9,1763,28.4,103,0,0,0,0,0,0,1,9.0,5.2428,Medium(101-150),0,0,0,0,0,0
H,301.9,310.9,1590,34.3,106,0,0,0,0,0,0,2,9.0,5.7107,Medium(101-150),0,0,0,0,0,0
H,301.9,311.0,1336,63.6,111,0,0,0,0,0,0,2,9.1,8.8973,Medium(101-150),0,1,1,1,0,0
M,301.9,311.0,1638,35.4,116,0,0,0,0,0,0,1,9.1,6.0717,Medium(101-150),0,0,0,0,0,0
L,301.9,311.0,1356,45.7,119,0,0,0,0,0,0,0,9.1,6.4889,Medium(101-150),0,0,1,0,0,0
M,301.9,311.0,1384,47.4,121,0,0,0,0,0,0,1,9.1,6.8693,Medium(101-150),0,1,1,1,0,0
L,301.9,310.9,1309,48.0,124,0,0,0,0,0,0,0,9.0,6.5793,Medium(101-150),0,1,1,1,0,0
L,301.9,311.0,1642,33.1,126,0,0,0,0,0,0,0,9.1,5.6911,Medium(101-150),0,0,0,0,0,0
L,301.9,311.0,1289,54.9,128,0,0,0,0,0,0,0,9.1,7.4101,Medium(101-150),0,1,1,1,0,0
L,301.9,311.0,1353,43.8,130,0,0,0,0,0,0,0,9.1,6.2054,Medium(101-150),0,0,1,0,0,0
H,301.9,311.0,1871,26.0,132,0,0,0,0,0,0,2,9.1,5.0938,Medium(101-150),0,0,0,0,0,0
H,301.9,311.0,1291,63.6,137,0,0,0,0,0,0,2,9.1,8.5977,Medium(101-150),0,1,1,1,0,0
M,301.8,310.9,1346,44.6,142,0,0,0,0,0,0,1,9.1,6.286,Medium(101-150),0,0,1,0,0,0
L,301.7,310.8,1493,47.6,145,0,0,0,0,0,0,0,9.1,7.4415,Medium(101-150),0,1,0,0,0,0
M,301.7,310.8,1524,41.3,147,0,0,0,0,0,0,1,9.1,6.5907,Medium(101-150),0,0,0,0,0,0
L,301.6,310.8,1726,26.7,150,0,0,0,0,0,0,0,9.2,4.8256,Medium(101-150),0,0,0,0,0,0
H,301.6,310.8,1435,47.2,152,0,0,0,0,0,0,2,9.2,7.0924,High(151-200),0,1,0,0,0,0
M,301.7,310.8,1502,34.4,157,0,0,0,0,0,0,1,9.1,5.4103,High(151-200),0,0,0,0,0,0
L,301.7,310.9,1608,33.0,160,0,0,0,0,0,0,0,9.2,5.5564,High(151-200),0,0,0,0,0,0
L,301.8,311.0,1771,27.2,162,0,0,0,0,0,0,0,9.2,5.0441,High(151-200),0,0,0,0,0,0
L,301.7,311.0,1474,42.6,164,0,0,0,0,0,0,0,9.3,6.5751,High(151-200),0,0,0,0,0,0
L,301.8,311.0,1322,53.0,166,0,0,0,0,0,0,0,9.2,7.3368,High(151-200),0,1,1,1,0,0
M,301.8,311.0,1393,49.5,168,0,0,0,0,0,0,1,9.2,7.2203,High(151-200),0,1,1,1,0,0
M,301.9,311.1,1417,52.5,171,0,0,0,0,0,0,1,9.2,7.7898,High(151-200),0,1,1,1,0,0
H,301.9,311.0,1430,49.8,174,0,0,0,0,0,0,2,9.1,7.457,High(151-200),0,1,0,0,0,0
M,301.9,311.1,1605,40.0,179,0,0,0,0,0,0,1,9.2,6.7225,High(151-200),0,0,0,0,0,0
L,302.0,311.1,1402,47.8,182,0,0,0,0,0,0,0,9.1,7.0173,High(151-200),0,1,1,1,0,0
L,302.0,311.0,1550,35.2,184,0,0,0,0,0,0,0,9.0,5.7131,High(151-200),0,0,0,0,0,0
L,301.9,311.0,1376,44.9,186,0,0,0,0,0,0,0,9.1,6.4694,High(151-200),0,0,1,0,0,0
M,301.9,310.9,1569,32.5,188,0,0,0,0,0,0,1,9.0,5.3395,High(151-200),0,0,0,0,0,0
L,301.9,311.0,1669,32.2,191,0,0,0,0,0,0,0,9.1,5.6274,High(151-200),0,0,0,0,0,0
L,301.9,311.0,1541,38.9,193,0,0,0,0,0,0,0,9.1,6.277,High(151-200),0,0,0,0,0,0
L,301.8,311.0,1651,32.5,195,0,0,0,0,0,0,0,9.2,5.6186,High(151-200),0,0,0,0,0,0
L,301.8,310.9,1521,39.3,197,0,0,0,0,0,0,0,9.1,6.2592,High(151-200),0,0,0,0,0,0
M,301.8,310.8,1365,48.2,199,0,0,0,0,0,0,1,9.0,6.8893,High(151-200),0,1,1,1,0,0
L,301.8,310.9,1609,31.7,202,0,0,0,0,0,0,0,9.1,5.3409,Critical(>200),1,0,0,0,0,0
H,301.8,310.8,1470,37.6,204,0,0,0,0,0,0,2,9.0,5.7876,Critical(>200),1,0,0,0,0,0
M,301.9,310.9,1573,38.9,209,0,0,0,0,0,0,1,9.0,6.4073,Critical(>200),1,0,0,0,0,0
L,302.0,310.9,1378,53.1,212,1,0,0,0,1,0,0,8.9,7.662,Critical(>200),1,1,1,1,0,1
L,301.9,310.9,1567,39.0,214,1,1,0,0,0,0,0,9.0,6.3993,Critical(>200),1,0,0,0,0,1
M,301.9,310.9,1441,43.7,0,0,0,0,0,0,0,1,9.0,6.5939,Fresh(0-50),0,0,0,0,0,0
M,301.9,310.9,1641,33.2,3,0,0,0,0,0,0,1,9.0,5.7048,Fresh(0-50),0,0,0,0,0,0
L,301.9,310.9,1486,40.3,6,0,0,0,0,0,0,0,9.0,6.2708,Fresh(0-50),0,0,0,0,0,0
L,302.0,311.0,1563,36.2,8,0,0,0,0,0,0,0,9.0,5.9247,Fresh(0-50),0,0,0,0,0,0
M,302.0,311.1,1769,26.0,10,0,0,0,0,0,0,1,9.1,4.8161,Fresh(0-50),0,0,0,0,0,0
H,301.9,311.0,1672,29.9,13,0,0,0,0,0,0,2,9.1,5.2348,Fresh(0-50),0,0,0,0,0,0
L,302.0,311.0,1632,34.2,18,0,0,0,0,0,0,0,9.0,5.8444,Fresh(0-50),0,0,0,0,0,0
M,302.0,311.0,1980,21.5,20,0,0,0,0,0,0,1,9.0,4.4576,Fresh(0-50),0,0,0,0,0,0
L,302.0,311.1,1635,36.0,23,0,0,0,0,0,0,0,9.1,6.1634,Fresh(0-50),0,0,0,0,0,0
L,302.0,311.0,1686,32.5,25,0,0,0,0,0,0,0,9.0,5.7377,Fresh(0-50),0,0,0,0,0,0
L,301.9,310.9,1574,31.4,27,0,0,0,0,0,0,0,9.0,5.1752,Fresh(0-50),0,0,0,0,0,0
L,301.8,310.8,1546,43.4,29,0,0,0,0,0,0,0,9.0,7.0258,Fresh(0-50),0,0,0,0,0,0
L,301.8,310.9,1899,24.7,31,0,0,0,0,0,0,0,9.1,4.9115,Fresh(0-50),0,0,0,0,0,0
L,301.8,310.9,1449,36.5,33,0,0,0,0,0,0,0,9.1,5.5381,Fresh(0-50),0,0,0,0,0,0
M,301.9,310.9,1483,37.0,35,0,0,0,0,0,0,1,9.0,5.7457,Fresh(0-50),0,0,0,0,0,0
L,301.8,310.8,1576,38.6,38,0,0,0,0,0,0,0,9.0,6.37,Fresh(0-50),0,0,0,0,0,0
M,301.9,310.9,1317,51.9,40,0,0,0,0,0,0,1,9.0,7.1573,Fresh(0-50),0,1,1,1,0,0
M,301.9,311.0,1467,48.1,43,0,0,0,0,0,0,1,9.1,7.3888,Fresh(0-50),0,1,0,0,0,0
L,301.9,310.9,1616,34.5,46,0,0,0,0,0,0,0,9.0,5.8379,Fresh(0-50),0,0,0,0,0,0
M,301.8,310.9,1299,60.4,48,0,0,0,0,0,0,1,9.1,8.2157,Fresh(0-50),0,1,1,1,0,0
M,301.9,311.0,1432,41.5,51,0,0,0,0,0,0,1,9.1,6.2228,Low(51-100),0,0,0,0,0,0
L,301.9,310.9,1799,24.2,54,0,0,0,0,0,0,0,9.0,4.5587,Low(51-100),0,0,0,0,0,0
M,301.8,310.9,1358,52.3,56,0,0,0,0,0,0,1,9.1,7.437,Low(51-100),0,1,1,1,0,0
M,301.8,310.8,1618,37.8,59,0,0,0,0,0,0,1,9.0,6.4042,Low(51-100),0,0,0,0,0,0
L,301.9,310.8,1525,43.2,62,0,0,0,0,0,0,0,8.9,6.8984,Low(51-100),0,0,0,0,0,0
L,301.8,310.7,1551,37.7,64,0,0,0,0,0,0,0,8.9,6.1228,Low(51-100),0,0,0,0,0,0
L,301.9,310.8,1735,31.5,66,0,0,0,0,0,0,0,8.9,5.7228,Low(51-100),0,0,0,0,0,0
M,301.8,310.7,1309,43.3,68,0,0,0,0,0,0,1,8.9,5.935,Low(51-100),0,0,1,0,0,0
L,301.7,310.6,1743,26.2,71,0,0,0,0,0,0,0,8.9,4.7818,Low(51-100),0,0,0,0,0,0
M,301.7,310.7,1659,29.9,73,0,0,0,0,0,0,1,9.0,5.1941,Low(51-100),0,0,0,0,0,0
L,301.8,310.7,1680,32.4,76,0,0,0,0,0,0,0,8.9,5.6997,Low(51-100),0,0,0,0,0,0
L,301.7,310.6,1486,38.5,78,0,0,0,0,0,0,0,8.9,5.9907,Low(51-100),0,0,0,0,0,0
L,301.7,310.6,1471,43.8,80,0,0,0,0,0,0,0,8.9,6.7466,Low(51-100),0,0,0,0,0,0
M,301.8,310.7,1465,35.8,82,0,0,0,0,0,0,1,8.9,5.4918,Low(51-100),0,0,0,0,0,0
M,301.7,310.6,1492,42.2,85,0,0,0,0,0,0,1,8.9,6.5929,Low(51-100),0,0,0,0,0,0
M,301.8,310.7,1420,52.0,88,0,0,0,0,0,0,1,8.9,7.7319,Low(51-100),0,1,1,1,0,0
L,301.8,310.6,1295,62.3,91,0,0,0,0,0,0,0,8.8,8.448,Low(51-100),0,1,1,1,0,0
L,301.8,310.5,1548,34.1,93,0,0,0,0,0,0,0,8.7,5.5274,Low(51-100),0,0,0,0,0,0
L,301.8,310.6,1372,54.7,95,0,0,0,0,0,0,0,8.8,7.8585,Low(51-100),0,1,1,1,0,0
M,301.8,310.6,1552,35.9,97,0,0,0,0,0,0,1,8.8,5.8342,Low(51-100),0,0,0,0,0,0
H,301.8,310.6,1441,46.3,100,0,0,0,0,0,0,2,8.8,6.9862,Low(51-100),0,0,0,0,0,0
M,301.7,310.6,1691,27.7,105,0,0,0,0,0,0,1,8.9,4.9048,Medium(101-150),0,0,0,0,0,0
L,301.8,310.6,1451,50.7,108,0,0,0,0,0,0,0,8.8,7.7032,Medium(101-150),0,1,0,0,0,0
L,301.8,310.6,1452,48.4,110,0,0,0,0,0,0,0,8.8,7.3588,Medium(101-150),0,1,0,0,0,0
L,301.7,310.6,1406,46.0,112,0,0,0,0,0,0,0,8.9,6.7724,Medium(101-150),0,0,1,0,0,0
L,301.7,310.5,1567,39.1,114,0,0,0,0,0,0,0,8.8,6.4157,Medium(101-150),0,0,0,0,0,0
L,301.6,310.4,1599,41.7,116,0,0,0,0,0,0,0,8.8,6.982,Medium(101-150),0,0,0,0,0,0
M,301.6,310.4,1455,39.0,118,0,0,0,0,0,0,1,8.8,5.9419,Medium(101-150),0,0,0,0,0,0
M,301.7,310.5,1625,35.9,121,0,0,0,0,0,0,1,8.8,6.1086,Medium(101-150),0,0,0,0,0,0
L,301.8,310.6,2672,11.8,124,1,0,0,1,0,0,0,8.8,3.3015,Medium(101-150),0,0,0,0,0,1
L,301.8,310.6,1650,31.9,126,0,0,0,0,0,0,0,8.8,5.5115,Medium(101-150),0,0,0,0,0,0
M,301.8,310.6,1459,40.2,128,0,0,0,0,0,0,1,8.8,6.1415,Medium(101-150),0,0,0,0,0,0
L,301.8,310.6,1395,50.5,131,0,0,0,0,0,0,0,8.8,7.3767,Medium(101-150),0,1,1,1,0,0
L,301.8,310.7,1751,29.3,133,0,0,0,0,0,0,0,8.9,5.3722,Medium(101-150),0,0,0,0,0,0
L,301.8,310.6,1192,68.9,135,0,0,0,0,0,0,0,8.8,8.5999,Medium(101-150),0,1,1,1,0,0
L,301.9,310.7,1947,25.0,137,0,0,0,0,0,0,0,8.8,5.0969,Medium(101-150),0,0,0,0,0,0
L,301.8,310.5,1593,34.9,139,0,0,0,0,0,0,0,8.7,5.8215,Medium(101-150),0,0,0,0,0,0
H,301.8,310.5,1478,38.6,141,0,0,0,0,0,0,2,8.7,5.9739,Medium(101-150),0,0,0,0,0,0
M,301.7,310.6,1505,44.5,146,0,0,0,0,0,0,1,8.9,7.0128,Medium(101-150),0,0,0,0,0,0
L,301.7,310.5,2465,13.7,149,0,0,0,0,0,0,0,8.8,3.5362,Medium(101-150),0,0,0,0,0,0
L,301.8,310.6,1403,46.8,151,0,0,0,0,0,0,0,8.8,6.8754,High(151-200),0,0,1,0,0,0
M,301.7,310.5,1458,41.4,153,0,0,0,0,0,0,1,8.8,6.3205,High(151-200),0,0,0,0,0,0
H,301.6,310.4,1369,45.4,156,0,0,0,0,0,0,2,8.8,6.5081,High(151-200),0,0,1,0,0,0
M,301.6,310.4,1377,44.9,161,0,0,0,0,0,0,1,8.8,6.4741,High(151-200),0,0,1,0,0,0
M,301.6,310.4,1452,45.7,164,0,0,0,0,0,0,1,8.8,6.9483,High(151-200),0,0,0,0,0,0
L,301.6,310.4,1517,41.1,167,0,0,0,0,0,0,0,8.8,6.5287,High(151-200),0,0,0,0,0,0
L,301.7,310.5,1354,50.0,169,0,0,0,0,0,0,0,8.8,7.089,High(151-200),0,1,1,1,0,0
M,301.7,310.5,1724,33.0,171,0,0,0,0,0,0,1,8.8,5.9573,High(151-200),0,0,0,0,0,0
L,301.7,310.5,1399,53.2,174,0,0,0,0,0,0,0,8.8,7.7934,High(151-200),0,1,1,1,0,0
H,301.7,310.5,1388,50.5,176,0,0,0,0,0,0,2,8.8,7.3397,High(151-200),0,1,1,1,0,0
L,301.7,310.5,1523,34.7,181,0,0,0,0,0,0,0,8.8,5.5338,High(151-200),0,0,0,0,0,0
L,301.7,310.5,1377,43.1,183,0,0,0,0,0,0,0,8.8,6.2145,High(151-200),0,0,1,0,0,0
M,301.7,310.6,1417,45.2,185,0,0,0,0,0,0,1,8.9,6.7066,High(151-200),0,0,1,0,0,0
L,301.7,310.7,1542,40.0,188,0,0,0,0,0,0,0,9.0,6.4586,High(151-200),0,0,0,0,0,0
L,301.8,310.8,1557,33.3,190,0,0,0,0,0,0,0,9.0,5.4291,High(151-200),0,0,0,0,0,0
L,301.7,310.7,1641,31.9,192,0,0,0,0,0,0,0,9.0,5.4815,High(151-200),0,0,0,0,0,0
L,301.7,310.7,1318,55.0,194,0,0,0,0,0,0,0,9.0,7.5906,High(151-200),0,1,1,1,0,0
L,301.6,310.7,1638,33.8,196,0,0,0,0,0,0,0,9.1,5.7973,High(151-200),0,0,0,0,0,0
M,301.7,310.8,1954,21.6,198,0,0,0,0,0,0,1,9.1,4.4195,High(151-200),0,0,0,0,0,0
M,301.7,310.9,1644,32.5,201,0,0,0,0,0,0,1,9.2,5.5948,Critical(>200),1,0,0,0,0,0
M,301.7,310.8,1594,32.4,204,0,0,0,0,0,0,1,9.1,5.4079,Critical(>200),1,0,0,0,0,0
L,301.7,310.9,1405,46.4,207,1,1,0,0,0,1,0,9.2,6.8264,Critical(>200),1,0,1,0,0,2
L,301.7,310.8,1622,37.8,0,0,0,0,0,0,0,0,9.1,6.4201,Fresh(0-50),0,0,0,0,0,0
L,301.7,310.9,1557,39.4,2,0,0,0,0,0,0,0,9.2,6.4236,Fresh(0-50),0,0,0,0,0,0
L,301.8,311.0,1606,33.3,4,0,0,0,0,0,0,0,9.2,5.6,Fresh(0-50),0,0,0,0,0,0
M,301.8,311.1,1647,31.6,6,0,0,0,0,0,0,1,9.3,5.4498,Fresh(0-50),0,0,0,0,0,0
M,301.8,311.1,1413,42.2,9,0,0,0,0,0,0,1,9.3,6.2438,Fresh(0-50),0,0,1,0,0,0
L,301.8,311.0,1529,41.6,12,0,0,0,0,0,0,0,9.2,6.6604,Fresh(0-50),0,0,0,0,0,0
L,301.9,311.1,1448,46.3,14,0,0,0,0,0,0,0,9.2,7.0201,Fresh(0-50),0,0,0,0,0,0
L,301.9,311.2,1435,44.2,16,0,0,0,0,0,0,0,9.3,6.6416,Fresh(0-50),0,0,0,0,0,0
H,301.9,311.2,1474,41.8,18,0,0,0,0,0,0,2,9.3,6.4516,Fresh(0-50),0,0,0,0,0,0
L,301.9,311.2,1657,29.1,23,0,0,0,0,0,0,0,9.3,5.0491,Fresh(0-50),0,0,0,0,0,0
L,302.0,311.3,1509,39.9,25,0,0,0,0,0,0,0,9.3,6.3046,Fresh(0-50),0,0,0,0,0,0
M,302.0,311.3,1530,36.4,27,0,0,0,0,0,0,1,9.3,5.8316,Fresh(0-50),0,0,0,0,0,0
M,302.0,311.4,1587,35.9,30,0,0,0,0,0,0,1,9.4,5.9658,Fresh(0-50),0,0,0,0,0,0
M,302.1,311.4,1467,43.4,33,0,0,0,0,0,0,1,9.3,6.6668,Fresh(0-50),0,0,0,0,0,0
M,302.2,311.5,1360,53.0,36,0,0,0,0,0,0,1,9.3,7.5476,Fresh(0-50),0,1,1,1,0,0
L,302.2,311.5,1588,30.6,39,0,0,0,0,0,0,0,9.3,5.0883,Fresh(0-50),0,0,0,0,0,0
L,302.2,311.4,1609,32.1,41,0,0,0,0,0,0,0,9.2,5.4083,Fresh(0-50),0,0,0,0,0,0
L,302.1,311.3,1415,44.1,43,0,0,0,0,0,0,0,9.2,6.5342,Fresh(0-50),0,0,1,0,0,0
L,302.0,311.2,1845,27.3,45,0,0,0,0,0,0,0,9.2,5.2742,Fresh(0-50),0,0,0,0,0,0
M,302.1,311.4,1419,36.2,47,0,0,0,0,0,0,1,9.3,5.3788,Fresh(0-50),0,0,1,0,0,0
L,302.1,311.3,1634,30.6,50,0,0,0,0,0,0,0,9.2,5.2356,Fresh(0-50),0,0,0,0,0,0
M,302.2,311.3,1521,40.6,52,0,0,0,0,0,0,1,9.1,6.4662,Low(51-100),0,0,0,0,0,0
L,302.2,311.4,1499,37.7,55,0,0,0,0,0,0,0,9.2,5.9175,Low(51-100),0,0,0,0,0,0
M,302.1,311.2,1616,35.1,57,0,0,0,0,0,0,1,9.1,5.9394,Low(51-100),0,0,0,0,0,0
L,302.2,311.4,1449,46.5,60,0,0,0,0,0,0,0,9.2,7.0553,Low(51-100),0,0,0,0,0,0
M,302.2,311.4,1626,31.6,62,0,0,0,0,0,0,1,9.2,5.3803,Low(51-100),0,0,0,0,0,0
M,302.3,311.5,1445,44.8,65,0,0,0,0,0,0,1,9.2,6.7786,Low(51-100),0,0,0,0,0,0
L,302.4,311.6,1622,35.0,68,0,0,0,0,0,0,0,9.2,5.9445,Low(51-100),0,0,0,0,0,0
H,302.4,311.6,1544,39.1,70,0,0,0,0,0,0,2,9.2,6.3215,Low(51-100),0,0,0,0,0,0
L,302.3,311.6,1488,41.8,75,0,0,0,0,0,0,0,9.3,6.5129,Low(51-100),0,0,0,0,0,0
L,302.3,311.6,1309,57.6,77,0,0,0,0,0,0,0,9.3,7.8951,Low(51-100),0,1,1,1,0,0
L,302.3,311.6,1784,26.4,79,0,0,0,0,0,0,0,9.3,4.9317,Low(51-100),0,0,0,0,0,0
L,302.2,311.5,1548,32.4,81,0,0,0,0,0,0,0,9.3,5.2519,Low(51-100),0,0,0,0,0,0
L,302.2,311.5,1413,43.5,83,0,0,0,0,0,0,0,9.3,6.4362,Low(51-100),0,0,1,0,0,0
M,302.2,311.5,1863,25.7,85,0,0,0,0,0,0,1,9.3,5.0135,Low(51-100),0,0,0,0,0,0
L,302.2,311.5,1427,43.8,88,0,0,0,0,0,0,0,9.3,6.5448,Low(51-100),0,0,0,0,0,0
M,302.2,311.5,1443,47.0,90,0,0,0,0,0,0,1,9.3,7.1017,Low(51-100),0,1,0,0,0,0
L,302.2,311.5,1481,40.4,93,0,0,0,0,0,0,0,9.3,6.2652,Low(51-100),0,0,0,0,0,0
L,302.1,311.4,1446,39.7,95,0,0,0,0,0,0,0,9.3,6.0111,Low(51-100),0,0,0,0,0,0
L,302.1,311.5,1444,44.9,97,0,0,0,0,0,0,0,9.4,6.7891,Low(51-100),0,0,0,0,0,0
M,302.1,311.5,1341,50.8,99,0,0,0,0,0,0,1,9.4,7.1333,Low(51-100),0,1,1,1,0,0
L,302.1,311.4,1518,37.4,102,0,0,0,0,0,0,0,9.3,5.9448,Medium(101-150),0,0,0,0,0,0
L,302.1,311.4,1603,35.9,104,0,0,0,0,0,0,0,9.3,6.0259,Medium(101-150),0,0,0,0,0,0
L,302.1,311.4,1686,30.9,106,0,0,0,0,0,0,0,9.3,5.4552,Medium(101-150),0,0,0,0,0,0
M,302.1,311.5,1383,53.6,108,0,0,0,0,0,0,1,9.4,7.7622,Medium(101-150),0,1,1,1,0,0
L,302.1,311.5,1477,45.4,111,0,0,0,0,0,0,0,9.4,7.0215,Medium(101-150),0,0,0,0,0,0
M,302.2,311.5,1449,44.5,113,0,0,0,0,0,0,1,9.3,6.7519,Medium(101-150),0,0,0,0,0,0
M,302.2,311.5,1734,25.0,116,0,0,0,0,0,0,1,9.3,4.5393,Medium(101-150),0,0,0,0,0,0
L,302.3,311.6,1398,49.1,119,0,0,0,0,0,0,0,9.3,7.1876,Medium(101-150),0,1,1,1,0,0
M,302.3,311.7,1639,36.6,121,0,0,0,0,0,0,1,9.4,6.2814,Medium(101-150),0,0,0,0,0,0
M,302.3,311.7,1517,37.6,124,0,0,0,0,0,0,1,9.4,5.9727,Medium(101-150),0,0,0,0,0,0
M,302.3,311.7,1442,41.7,127,0,0,0,0,0,0,1,9.4,6.2965,Medium(101-150),0,0,0,0,0,0
M,302.3,311.7,1685,30.8,130,0,0,0,0,0,0,1,9.4,5.4343,Medium(101-150),0,0,0,0,0,0
M,302.4,311.8,1358,50.6,133,0,0,0,0,0,0,1,9.4,7.1953,Medium(101-150),0,1,1,1,0,0
M,302.3,311.6,1608,39.9,136,0,0,0,0,0,0,1,9.3,6.7182,Medium(101-150),0,0,0,0,0,0
L,302.3,311.6,1665,34.3,139,0,0,0,0,0,0,0,9.3,5.9801,Medium(101-150),0,0,0,0,0,0
L,302.3,311.7,1510,38.7,141,0,0,0,0,0,0,0,9.4,6.1191,Medium(101-150),0,0,0,0,0,0
L,302.4,311.8,1465,40.2,143,0,0,0,0,0,0,0,9.4,6.1668,Medium(101-150),0,0,0,0,0,0
L,302.3,311.7,1701,27.5,145,0,0,0,0,0,0,0,9.4,4.8982,Medium(101-150),0,0,0,0,0,0
M,302.3,311.7,1486,39.6,147,0,0,0,0,0,0,1,9.4,6.1618,Medium(101-150),0,0,0,0,0,0
L,302.3,311.6,1658,32.3,150,0,0,0,0,0,0,0,9.3,5.6077,Medium(101-150),0,0,0,0,0,0
H,302.3,311.7,1449,44.5,152,0,0,0,0,0,0,2,9.4,6.7519,High(151-200),0,0,0,0,0,0
L,302.2,311.5,1346,52.4,157,0,0,0,0,0,0,0,9.3,7.3854,High(151-200),0,1,1,1,0,0
M,302.1,311.5,1866,23.1,159,0,0,0,0,0,0,1,9.4,4.5136,High(151-200),0,0,0,0,0,0
M,302.2,311.5,1562,38.0,162,0,0,0,0,0,0,1,9.3,6.2153,High(151-200),0,0,0,0,0,0
M,302.3,311.7,1368,53.6,165,0,0,0,0,0,0,1,9.4,7.678,High(151-200),0,1,1,1,0,0
L,302.2,311.5,1567,33.1,168,0,0,0,0,0,0,0,9.3,5.4312,High(151-200),0,0,0,0,0,0
L,302.2,311.5,1725,34.0,170,0,0,0,0,0,0,0,9.3,6.1414,High(151-200),0,0,0,0,0,0
L,302.2,311.5,1744,31.2,172,0,0,0,0,0,0,0,9.3,5.6977,High(151-200),0,0,0,0,0,0
M,302.1,311.3,1453,45.1,174,0,0,0,0,0,0,1,9.2,6.8618,High(151-200),0,0,0,0,0,0
L,302.1,311.2,1550,34.8,177,0,0,0,0,0,0,0,9.1,5.6482,High(151-200),0,0,0,0,0,0
M,302.0,311.2,1558,39.1,179,0,0,0,0,0,0,1,9.2,6.3788,High(151-200),0,0,0,0,0,0
L,302.0,311.2,1270,65.3,182,1,0,0,0,1,0,0,9.2,8.6839,High(151-200),0,1,1,1,0,1
M,301.9,311.1,1380,51.6,184,0,0,0,0,0,0,1,9.2,7.4563,High(151-200),0,1,1,1,0,0
L,302.0,311.1,1406,50.5,187,0,0,0,0,0,0,0,9.1,7.4349,High(151-200),0,1,1,1,0,0
M,302.0,311.2,1625,30.7,189,0,0,0,0,0,0,1,9.2,5.2238,High(151-200),0,0,0,0,0,0
L,302.0,311.2,1420,45.8,192,0,0,0,0,0,0,0,9.2,6.8101,High(151-200),0,0,1,0,0,0
L,302.1,311.4,1889,22.7,194,0,0,0,0,0,0,0,9.3,4.4901,High(151-200),0,0,0,0,0,0
L,302.1,311.3,1477,43.6,196,0,0,0,0,0,0,0,9.2,6.7432,High(151-200),0,0,0,0,0,0
L,302.1,311.2,1460,46.9,198,0,0,0,0,0,0,0,9.1,7.1701,High(151-200),0,1,0,0,0,0
L,302.1,311.3,1758,24.4,200,0,0,0,0,0,0,0,9.2,4.4916,High(151-200),0,0,0,0,0,0
L,302.1,311.3,1521,31.5,202,0,0,0,0,0,0,0,9.2,5.0169,Critical(>200),1,0,0,0,0,0
M,302.1,311.3,1511,45.0,204,0,0,0,0,0,0,1,9.2,7.1199,Critical(>200),1,0,0,0,0,0
L,302.2,311.3,1530,37.3,207,1,1,0,0,0,0,0,9.1,5.9758,Critical(>200),1,0,0,0,0,1
L,302.1,311.2,1454,46.8,0,0,0,0,0,0,0,0,9.1,7.1254,Fresh(0-50),0,0,0,0,0,0
L,302.2,311.2,1928,23.1,2,0,0,0,0,0,0,0,9.0,4.6635,Fresh(0-50),0,0,0,0,0,0
H,302.2,311.3,1758,26.4,4,0,0,0,0,0,0,2,9.1,4.8598,Fresh(0-50),0,0,0,0,0,0
L,302.2,311.2,1649,33.2,9,0,0,0,0,0,0,0,9.0,5.7326,Fresh(0-50),0,0,0,0,0,0
L,302.1,311.2,1447,50.3,11,0,0,0,0,0,0,0,9.1,7.6214,Fresh(0-50),0,1,0,0,0,0
L,302.1,311.2,1417,48.0,13,0,0,0,0,0,0,0,9.1,7.1221,Fresh(0-50),0,1,1,1,0,0
L,302.0,311.2,1434,44.9,15,0,0,0,0,0,0,0,9.2,6.7421,Fresh(0-50),0,0,0,0,0,0
M,302.0,311.2,1418,49.5,17,0,0,0,0,0,0,1,9.2,7.3498,Fresh(0-50),0,1,1,1,0,0
M,302.0,311.2,1400,49.5,20,0,0,0,0,0,0,1,9.2,7.2565,Fresh(0-50),0,1,1,1,0,0
M,302.0,311.3,1725,27.7,23,0,0,0,0,0,0,1,9.3,5.0034,Fresh(0-50),0,0,0,0,0,0
L,302.0,311.3,1567,41.1,26,0,0,0,0,0,0,0,9.3,6.7438,Fresh(0-50),0,0,0,0,0,0
M,302.1,311.3,1497,38.4,28,0,0,0,0,0,0,1,9.2,6.0194,Fresh(0-50),0,0,0,0,0,0
L,302.1,311.4,1549,44.6,31,0,0,0,0,0,0,0,9.3,7.2341,Fresh(0-50),0,0,0,0,0,0
L,302.2,311.4,1754,26.9,33,0,0,0,0,0,0,0,9.2,4.9406,Fresh(0-50),0,0,0,0,0,0
L,302.2,311.5,1489,38.3,35,0,0,0,0,0,0,0,9.3,5.9716,Fresh(0-50),0,0,0,0,0,0
L,302.2,311.5,1543,38.5,37,0,0,0,0,0,0,0,9.3,6.2205,Fresh(0-50),0,0,0,0,0,0
L,302.3,311.5,1543,33.1,39,0,0,0,0,0,0,0,9.2,5.348,Fresh(0-50),0,0,0,0,0,0
L,302.3,311.5,1565,35.6,41,0,0,0,0,0,0,0,9.2,5.8339,Fresh(0-50),0,0,0,0,0,0
M,302.3,311.4,1855,23.9,43,0,0,0,0,0,0,1,9.1,4.6424,Fresh(0-50),0,0,0,0,0,0
M,302.4,311.4,1475,45.2,46,0,0,0,0,0,0,1,9.0,6.9812,Fresh(0-50),0,0,0,0,0,0
L,302.3,311.4,1609,32.3,49,0,0,0,0,0,0,0,9.1,5.442,Fresh(0-50),0,0,0,0,0,0
H,302.3,311.4,1443,44.1,51,0,0,0,0,0,0,2,9.1,6.6635,Low(51-100),0,0,0,0,0,0
L,302.4,311.4,1450,44.1,56,0,0,0,0,0,0,0,9.0,6.6958,Low(51-100),0,0,0,0,0,0
L,302.4,311.5,1590,39.9,58,0,0,0,0,0,0,0,9.1,6.643,Low(51-100),0,0,0,0,0,0
M,302.4,311.4,1508,41.2,60,0,0,0,0,0,0,1,9.0,6.5057,Low(51-100),0,0,0,0,0,0
M,302.2,311.2,1544,43.6,63,0,0,0,0,0,0,1,9.0,7.049,Low(51-100),0,0,0,0,0,0
L,302.2,311.2,1451,41.8,66,0,0,0,0,0,0,0,9.0,6.351,Low(51-100),0,0,0,0,0,0
L,302.3,311.2,1758,24.4,68,0,0,0,0,0,0,0,8.9,4.4916,Low(51-100),0,0,0,0,0,0
M,302.3,311.2,1507,47.7,70,0,0,0,0,0,0,1,8.9,7.5271,Low(51-100),0,1,0,0,0,0
H,302.3,311.1,1543,37.5,73,0,0,0,0,0,0,2,8.8,6.0589,Low(51-100),0,0,0,0,0,0
M,302.3,311.2,1505,36.7,78,0,0,0,0,0,0,1,8.9,5.7836,Low(51-100),0,0,0,0,0,0
L,302.3,311.2,1786,24.3,81,0,0,0,0,0,0,0,8.9,4.5445,Low(51-100),0,0,0,0,0,0
L,302.3,311.3,1457,44.5,83,0,0,0,0,0,0,0,9.0,6.7892,Low(51-100),0,0,0,0,0,0
M,302.4,311.3,1312,61.5,85,0,0,0,0,0,0,1,8.9,8.449,Low(51-100),0,1,1,1,0,0
M,302.3,311.2,1405,47.7,88,0,0,0,0,0,0,1,8.9,7.0176,Low(51-100),0,1,1,1,0,0
M,302.2,311.2,1377,43.0,91,0,0,0,0,0,0,1,9.0,6.2001,Low(51-100),0,0,1,0,0,0
M,302.2,311.2,1347,49.8,94,0,0,0,0,0,0,1,9.0,7.0241,Low(51-100),0,1,1,1,0,0
L,302.2,311.1,1470,39.6,97,0,0,0,0,0,0,0,8.9,6.0955,Low(51-100),0,0,0,0,0,0
M,302.2,311.2,1873,24.0,99,0,0,0,0,0,0,1,9.0,4.707,Low(51-100),0,0,0,0,0,0
M,302.2,311.1,1434,58.6,102,0,0,0,0,0,0,1,8.9,8.7992,Medium(101-150),0,1,0,0,0,0
H,302.2,311.1,1628,30.6,105,0,0,0,0,0,0,2,8.9,5.2164,Medium(101-150),0,0,0,0,0,0
L,302.2,311.1,1351,48.6,110,0,0,0,0,0,0,0,8.9,6.8752,Medium(101-150),0,1,1,1,0,0
M,302.3,311.2,1454,43.8,112,0,0,0,0,0,0,1,8.9,6.6686,Medium(101-150),0,0,0,0,0,0
M,302.2,311.2,1663,29.6,115,0,0,0,0,0,0,1,9.0,5.1544,Medium(101-150),0,0,0,0,0,0
L,302.3,311.2,1401,49.7,118,0,0,0,0,0,0,0,8.9,7.2911,Medium(101-150),0,1,1,1,0,0
L,302.4,311.3,1503,38.2,120,0,0,0,0,0,0,0,8.9,6.012,Medium(101-150),0,0,0,0,0,0
L,302.4,311.4,1564,35.0,122,0,0,0,0,0,0,0,9.0,5.7319,Medium(101-150),0,0,0,0,0,0
L,302.5,311.4,1759,24.6,124,0,0,0,0,0,0,0,8.9,4.531,Medium(101-150),0,0,0,0,0,0
L,302.5,311.4,1409,53.1,126,0,0,0,0,0,0,0,8.9,7.8343,Medium(101-150),0,1,1,1,0,0
L,302.6,311.4,1738,25.8,128,0,0,0,0,0,0,0,8.8,4.6953,Medium(101-150),0,0,0,0,0,0
H,302.5,311.3,1393,47.5,130,0,0,0,0,0,0,2,8.8,6.9285,Medium(101-150),0,1,1,1,0,0
L,302.5,311.1,1499,38.8,135,0,0,0,0,0,0,0,8.6,6.0902,Medium(101-150),0,0,0,0,0,0
L,302.5,311.1,1493,39.0,137,0,0,0,0,0,0,0,8.6,6.0971,Medium(101-150),0,0,0,0,0,0
L,302.4,311.1,1652,33.9,139,0,0,0,0,0,0,0,8.7,5.8642,Medium(101-150),0,0,0,0,0,0
L,302.3,311.1,1589,29.9,141,0,0,0,0,0,0,0,8.8,4.975,Medium(101-150),0,0,0,0,0,0
L,302.4,311.1,1520,42.2,143,0,0,0,0,0,0,0,8.7,6.7166,Medium(101-150),0,0,0,0,0,0
H,302.3,311.1,1455,40.3,145,0,0,0,0,0,0,2,8.8,6.1399,Medium(101-150),0,0,0,0,0,0
L,302.2,311.0,1463,46.8,150,0,0,0,0,0,0,0,8.8,7.1695,Medium(101-150),0,0,0,0,0,0
L,302.3,311.0,1442,43.7,152,0,0,0,0,0,0,0,8.7,6.5985,High(151-200),0,0,0,0,0,0
L,302.3,311.0,1329,51.5,154,0,0,0,0,0,0,0,8.7,7.1669,High(151-200),0,1,1,1,0,0
L,302.3,311.1,1546,33.1,156,0,0,0,0,0,0,0,8.8,5.3584,High(151-200),0,0,0,0,0,0
M,302.2,311.1,1516,33.7,158,0,0,0,0,0,0,1,8.9,5.3497,High(151-200),0,0,0,0,0,0
M,302.2,311.0,1476,47.4,161,0,0,0,0,0,0,1,8.8,7.3259,High(151-200),0,1,0,0,0,0
L,302.3,311.0,1412,47.0,164,0,0,0,0,0,0,0,8.7,6.9491,High(151-200),0,1,1,1,0,0
L,302.3,310.9,1377,46.8,166,1,0,1,0,0,0,0,8.6,6.748,High(151-200),0,0,1,0,0,1
M,302.4,311.0,1490,37.1,168,0,0,0,0,0,0,1,8.6,5.7884,High(151-200),0,0,0,0,0,0
M,302.3,311.0,1526,37.7,171,0,0,0,0,0,0,1,8.7,6.0241,High(151-200),0,0,0,0,0,0
L,302.3,311.0,1428,47.9,174,0,0,0,0,0,0,0,8.7,7.1624,High(151-200),0,1,0,0,0,0
L,302.4,311.0,1329,54.6,176,0,0,0,0,0,0,0,8.6,7.5983,High(151-200),0,1,1,1,0,0
M,302.4,311.1,1443,51.8,178,0,0,0,0,0,0,1,8.7,7.827,High(151-200),0,1,0,0,0,0
L,302.3,311.1,1373,53.0,181,0,0,0,0,0,0,0,8.8,7.6198,High(151-200),0,1,1,1,0,0
L,302.3,311.1,1630,35.6,183,0,0,0,0,0,0,0,8.8,6.0762,High(151-200),0,0,0,0,0,0
L,302.2,311.0,1555,34.2,185,0,0,0,0,0,0,0,8.8,5.5687,High(151-200),0,0,0,0,0,0
M,302.2,311.0,1436,47.0,187,0,0,0,0,0,0,1,8.8,7.0672,High(151-200),0,1,0,0,0,0
L,302.3,311.0,1609,31.0,190,0,0,0,0,0,0,0,8.7,5.2229,High(151-200),0,0,0,0,0,0
M,302.3,311.0,1384,49.7,192,0,0,0,0,0,0,1,8.7,7.2026,High(151-200),0,1,1,1,0,0
L,302.4,311.1,1448,44.8,195,0,0,0,0,0,0,0,8.7,6.7927,High(151-200),0,0,0,0,0,0
M,302.4,311.1,1887,22.4,197,0,0,0,0,0,0,1,8.7,4.4261,High(151-200),0,0,0,0,0,0
M,302.4,311.1,1480,45.7,200,0,0,0,0,0,0,1,8.7,7.0823,High(151-200),0,0,0,0,0,0
H,302.5,311.1,1850,23.3,203,0,0,0,0,0,0,2,8.6,4.5136,Critical(>200),1,0,0,0,0,0
L,302.5,311.1,1538,36.8,208,0,0,0,0,0,0,0,8.6,5.9265,Critical(>200),1,0,0,0,0,0
M,302.4,311.1,1721,30.1,210,0,0,0,0,0,0,1,8.7,5.4243,Critical(>200),1,0,0,0,0,0
M,302.4,311.1,1366,54.4,0,0,0,0,0,0,0,1,8.7,7.7812,Fresh(0-50),0,1,1,1,0,0
L,302.3,311.0,1657,31.1,3,0,0,0,0,0,0,0,8.7,5.3961,Fresh(0-50),0,0,0,0,0,0
L,302.4,311.1,1446,42.9,5,0,0,0,0,0,0,0,8.7,6.4956,Fresh(0-50),0,0,0,0,0,0
L,302.3,310.8,1465,43.8,7,0,0,0,0,0,0,0,8.5,6.7191,Fresh(0-50),0,0,0,0,0,0
L,302.2,310.8,1827,23.8,9,0,0,0,0,0,0,0,8.6,4.5532,Fresh(0-50),0,0,0,0,0,0
H,302.2,310.8,1397,47.6,11,0,0,0,0,0,0,2,8.6,6.9631,Fresh(0-50),0,1,1,1,0,0
L,302.2,310.8,1744,29.7,16,0,0,0,0,0,0,0,8.6,5.4237,Fresh(0-50),0,0,0,0,0,0
L,302.3,310.9,1545,36.7,18,0,0,0,0,0,0,0,8.6,5.9373,Fresh(0-50),0,0,0,0,0,0
L,302.3,310.9,1587,36.6,20,0,0,0,0,0,0,0,8.6,6.0821,Fresh(0-50),0,0,0,0,0,0
L,302.3,310.8,1377,47.3,22,1,0,1,0,0,0,0,8.5,6.8201,Fresh(0-50),0,1,1,1,0,1
L,302.3,310.8,1511,48.1,24,0,0,0,0,0,0,0,8.5,7.6104,Fresh(0-50),0,1,0,0,0,0
L,302.3,310.8,1650,32.4,26,0,0,0,0,0,0,0,8.5,5.5979,Fresh(0-50),0,0,0,0,0,0
L,302.3,310.9,1412,48.9,28,0,0,0,0,0,0,0,8.6,7.23,Fresh(0-50),0,1,1,1,0,0
L,302.3,311.0,1528,43.1,30,0,0,0,0,0,0,0,8.7,6.896,Fresh(0-50),0,0,0,0,0,0
L,302.3,310.9,1459,35.0,32,0,0,0,0,0,0,0,8.6,5.3471,Fresh(0-50),0,0,0,0,0,0
L,302.3,310.9,1379,49.3,34,1,0,1,0,0,0,0,8.6,7.1188,Fresh(0-50),0,1,1,1,0,1
M,302.2,310.8,1356,48.3,36,0,0,0,0,0,0,1,8.6,6.8581,Fresh(0-50),0,1,1,1,0,0
M,302.1,310.8,1409,41.3,39,0,0,0,0,0,0,1,8.7,6.0934,Fresh(0-50),0,0,1,0,0,0
M,302.1,310.8,1504,37.5,42,0,0,0,0,0,0,1,8.7,5.9058,Fresh(0-50),0,0,0,0,0,0
L,302.1,310.8,1622,36.8,45,0,0,0,0,0,0,0,8.7,6.2502,Fresh(0-50),0,0,0,0,0,0
L,302.1,310.8,1786,25.7,47,0,0,0,0,0,0,0,8.7,4.8063,Fresh(0-50),0,0,0,0,0,0
L,302.2,310.9,1506,34.0,49,0,0,0,0,0,0,0,8.7,5.3617,Fresh(0-50),0,0,0,0,0,0
M,302.1,310.9,1916,23.1,51,0,0,0,0,0,0,1,8.8,4.6345,Low(51-100),0,0,0,0,0,0
M,302.2,310.9,1771,27.6,54,0,0,0,0,0,0,1,8.7,5.1183,Low(51-100),0,0,0,0,0,0
M,302.2,310.9,1488,44.2,57,0,0,0,0,0,0,1,8.7,6.8869,Low(51-100),0,0,0,0,0,0
L,302.2,310.9,1531,37.5,60,0,0,0,0,0,0,0,8.7,6.0118,Low(51-100),0,0,0,0,0,0
L,302.3,310.9,1529,33.4,62,0,0,0,0,0,0,0,8.6,5.3475,Low(51-100),0,0,0,0,0,0
M,302.4,311.0,1580,36.5,64,0,0,0,0,0,0,1,8.6,6.0387,Low(51-100),0,0,0,0,0,0
M,302.3,310.9,1360,44.0,67,1,0,1,0,0,0,1,8.6,6.266,Low(51-100),0,0,1,0,0,1
M,302.3,311.0,1546,35.5,70,0,0,0,0,0,0,1,8.7,5.7469,Low(51-100),0,0,0,0,0,0
M,302.3,310.9,1762,24.5,73,0,0,0,0,0,0,1,8.6,4.5203,Low(51-100),0,0,0,0,0,0
L,302.2,310.8,1350,56.6,76,0,0,0,0,0,0,0,8.6,8.001,Low(51-100),0,1,1,1,0,0
M,302.2,310.8,1562,38.1,78,0,0,0,0,0,0,1,8.6,6.2316,Low(51-100),0,0,0,0,0,0
M,302.1,310.7,1608,30.3,81,0,0,0,0,0,0,1,8.6,5.1018,Low(51-100),0,0,0,0,0,0
L,302.0,310.6,1392,50.0,84,0,0,0,0,0,0,0,8.6,7.288,Low(51-100),0,1,1,1,0,0
L,302.0,310.6,1467,44.9,86,0,0,0,0,0,0,0,8.6,6.8972,Low(51-100),0,0,0,0,0,0
M,302.1,310.6,1326,59.1,88,1,0,1,0,0,0,1,8.5,8.2059,Low(51-100),0,1,1,1,0,1
L,302.2,310.7,1769,24.9,91,0,0,0,0,0,0,0,8.5,4.6124,Low(51-100),0,0,0,0,0,0
L,302.1,310.6,1459,47.6,93,0,0,0,0,0,0,0,8.5,7.2721,Low(51-100),0,1,0,0,0,0
M,302.1,310.6,1421,52.0,95,0,0,0,0,0,0,1,8.5,7.7374,Low(51-100),0,1,1,1,0,0
L,302.1,310.7,1491,42.8,98,0,0,0,0,0,0,0,8.6,6.6822,Low(51-100),0,0,0,0,0,0
L,302.2,310.7,1567,36.4,100,0,0,0,0,0,0,0,8.5,5.9726,Low(51-100),0,0,0,0,0,0
L,302.3,310.8,1421,41.4,102,0,0,0,0,0,0,0,8.5,6.1601,Medium(101-150),0,0,1,0,0,0
L,302.3,310.9,1596,33.5,104,0,0,0,0,0,0,0,8.6,5.5985,Medium(101-150),0,0,0,0,0,0
M,302.4,311.0,1464,44.2,106,0,0,0,0,0,0,1,8.6,6.7758,Medium(101-150),0,0,0,0,0,0
M,302.3,310.9,1581,36.1,109,0,0,0,0,0,0,1,8.6,5.9763,Medium(101-150),0,0,0,0,0,0
L,302.3,310.9,1620,30.3,112,0,0,0,0,0,0,0,8.6,5.1399,Medium(101-150),0,0,0,0,0,0
H,302.2,310.7,1413,48.9,114,0,0,0,0,0,0,2,8.5,7.2352,Medium(101-150),0,1,1,1,0,0
H,302.3,310.8,1438,43.8,119,0,0,0,0,0,0,2,8.5,6.5952,Medium(101-150),0,0,0,0,0,0
M,302.4,310.9,1469,41.6,124,0,0,0,0,0,0,1,8.5,6.399,Medium(101-150),0,0,0,0,0,0
M,302.3,310.8,1762,27.8,127,0,0,0,0,0,0,1,8.5,5.1292,Medium(101-150),0,0,0,0,0,0
H,302.3,310.9,1366,48.4,130,1,0,1,0,0,0,2,8.6,6.923,Medium(101-150),0,1,1,1,0,1
L,302.3,310.9,1891,22.7,135,0,0,0,0,0,0,0,8.6,4.4948,Medium(101-150),0,0,0,0,0,0
M,302.3,310.9,1742,29.7,137,0,0,0,0,0,0,1,8.6,5.4175,Medium(101-150),0,0,0,0,0,0
M,302.2,310.9,1465,43.5,140,0,0,0,0,0,0,1,8.7,6.673,Medium(101-150),0,0,0,0,0,0
M,302.3,311.0,1541,36.6,143,0,0,0,0,0,0,1,8.7,5.9058,Medium(101-150),0,0,0,0,0,0
M,302.3,311.1,1295,57.1,146,0,0,0,0,0,0,1,8.8,7.7429,Medium(101-150),0,1,1,1,0,0
M,302.3,311.1,1435,43.1,149,0,0,0,0,0,0,1,8.8,6.4763,Medium(101-150),0,0,0,0,0,0
L,302.4,311.2,1466,43.9,152,0,0,0,0,0,0,0,8.8,6.739,High(151-200),0,0,0,0,0,0
L,302.4,311.2,1450,47.9,154,0,0,0,0,0,0,0,8.8,7.2728,High(151-200),0,1,0,0,0,0
L,302.4,311.1,1880,24.5,156,0,0,0,0,0,0,0,8.7,4.823,High(151-200),0,0,0,0,0,0
M,302.3,311.0,1578,33.5,158,0,0,0,0,0,0,1,8.7,5.5354,High(151-200),0,0,0,0,0,0
L,302.4,311.0,1610,33.1,161,0,0,0,0,0,0,0,8.6,5.5802,High(151-200),0,0,0,0,0,0
L,302.4,311.1,1565,42.8,163,0,0,0,0,0,0,0,8.7,7.0138,High(151-200),0,0,0,0,0,0
L,302.5,311.2,1545,40.1,165,0,0,0,0,0,0,0,8.7,6.4874,High(151-200),0,0,0,0,0,0
L,302.5,311.2,1227,60.1,167,0,0,0,0,0,0,0,8.7,7.7217,High(151-200),0,1,1,1,0,0
L,302.4,311.1,1484,45.9,169,0,0,0,0,0,0,0,8.7,7.1325,High(151-200),0,0,0,0,0,0
L,302.3,311.0,1591,32.7,171,0,0,0,0,0,0,0,8.7,5.4477,High(151-200),0,0,0,0,0,0
L,302.3,310.9,1403,47.2,173,0,0,0,0,0,0,0,8.6,6.9342,High(151-200),0,1,1,1,0,0
M,302.3,311.0,1450,45.7,175,0,0,0,0,0,0,1,8.7,6.9387,High(151-200),0,0,0,0,0,0
L,302.3,310.9,1720,28.1,178,0,0,0,0,0,0,0,8.6,5.0609,High(151-200),0,0,0,0,0,0
L,302.3,311.0,1561,37.2,180,0,0,0,0,0,0,0,8.7,6.0805,High(151-200),0,0,0,0,0,0
M,302.3,311.0,1421,41.3,182,0,0,0,0,0,0,1,8.7,6.1453,High(151-200),0,0,1,0,0,0
H,302.2,310.9,1415,48.4,185,0,0,0,0,0,0,2,8.7,7.1713,High(151-200),0,1,1,1,0,0
L,302.3,310.9,2034,19.7,190,0,0,0,0,0,0,0,8.6,4.1958,High(151-200),0,0,0,0,0,0
L,302.4,311.0,1486,40.4,192,0,0,0,0,0,0,0,8.6,6.2863,High(151-200),0,0,0,0,0,0
L,302.4,311.0,1338,67.6,194,1,0,0,1,1,0,0,8.6,9.4711,High(151-200),0,1,1,1,0,2
H,302.4,311.1,1578,32.3,196,0,0,0,0,0,0,2,8.7,5.3371,High(151-200),0,0,0,0,0,0
M,302.4,311.2,1330,58.6,201,0,0,0,0,0,0,1,8.8,8.161,Critical(>200),1,1,1,1,0,0
H,302.4,311.2,1506,40.8,204,0,0,0,0,0,0,2,8.8,6.434,Critical(>200),1,0,0,0,0,0
L,302.5,311.4,1559,37.6,209,0,0,0,0,0,0,0,8.9,6.1381,Critical(>200),1,0,0,0,0,0
L,302.6,311.5,1599,37.0,211,0,0,0,0,0,0,0,8.9,6.1951,Critical(>200),1,0,0,0,0,0
L,302.6,311.5,1427,38.9,213,0,0,0,0,0,0,0,8.9,5.8126,Critical(>200),1,0,0,0,0,0
M,302.5,311.5,1481,41.1,215,0,0,0,0,0,0,1,9.0,6.3737,Critical(>200),1,0,0,0,0,0
H,302.5,311.5,1496,43.8,218,0,0,0,0,0,0,2,9.0,6.8612,Critical(>200),1,0,0,0,0,0
L,302.5,311.4,1674,27.0,223,0,0,0,0,0,0,0,8.9,4.7328,Critical(>200),1,0,0,0,0,0
M,302.5,311.4,1629,31.7,225,0,0,0,0,0,0,1,8.9,5.4073,Critical(>200),1,0,0,0,0,0
H,302.6,311.5,1629,34.4,228,1,1,0,0,0,0,2,8.9,5.8678,Critical(>200),1,0,0,0,0,1
L,302.6,311.6,1311,53.2,0,0,0,0,0,0,0,0,9.0,7.3032,Fresh(0-50),0,1,1,1,0,0
M,302.7,311.6,2709,9.7,2,1,0,0,1,0,0,1,8.9,2.7515,Fresh(0-50),0,0,0,0,0,1
M,302.7,311.7,1759,29.9,5,0,0,0,0,0,0,1,9.0,5.5072,Fresh(0-50),0,0,0,0,0,0
L,302.7,311.7,1480,45.2,8,0,0,0,0,0,0,0,9.0,7.0048,Fresh(0-50),0,0,0,0,0,0
L,302.7,311.8,1461,46.1,10,0,0,0,0,0,0,0,9.1,7.0526,Fresh(0-50),0,0,0,0,0,0
M,302.7,311.8,1728,30.0,12,0,0,0,0,0,0,1,9.1,5.4283,Fresh(0-50),0,0,0,0,0,0
L,302.7,311.9,1389,46.5,15,0,0,0,0,0,0,0,9.2,6.7632,Fresh(0-50),0,0,1,0,0,0
L,302.6,311.8,1638,35.1,17,0,0,0,0,0,0,0,9.2,6.0203,Fresh(0-50),0,0,0,0,0,0
L,302.6,311.7,1254,54.1,19,0,0,0,0,0,0,0,9.1,7.1038,Fresh(0-50),0,1,1,1,0,0
L,302.6,311.8,1427,50.1,21,0,0,0,0,0,0,0,9.2,7.4861,Fresh(0-50),0,1,0,0,0,0
L,302.6,311.8,1627,31.8,23,0,0,0,0,0,0,0,9.2,5.4177,Fresh(0-50),0,0,0,0,0,0
H,302.6,311.7,1471,48.3,25,0,0,0,0,0,0,2,9.1,7.4397,Fresh(0-50),0,1,0,0,0,0
L,302.6,311.7,1773,27.1,30,0,0,0,0,0,0,0,9.1,5.0312,Fresh(0-50),0,0,0,0,0,0
M,302.6,311.7,1430,51.7,32,0,0,0,0,0,0,1,9.1,7.7415,Fresh(0-50),0,1,0,0,0,0
L,302.5,311.6,1595,29.5,35,0,0,0,0,0,0,0,9.1,4.927,Fresh(0-50),0,0,0,0,0,0
L,302.5,311.5,1521,44.1,37,0,0,0,0,0,0,0,9.0,7.0237,Fresh(0-50),0,0,0,0,0,0
L,302.5,311.6,1419,43.7,39,0,0,0,0,0,0,0,9.1,6.4932,Fresh(0-50),0,0,1,0,0,0
M,302.4,311.4,1534,40.1,41,0,0,0,0,0,0,1,9.0,6.4412,Fresh(0-50),0,0,0,0,0,0
H,302.5,311.5,1626,36.0,44,0,0,0,0,0,0,2,9.0,6.1294,Fresh(0-50),0,0,0,0,0,0
L,302.5,311.5,1677,29.2,49,0,0,0,0,0,0,0,9.0,5.1276,Fresh(0-50),0,0,0,0,0,0
L,302.4,311.3,1392,50.5,51,0,0,0,0,0,0,0,8.9,7.3608,Low(51-100),0,1,1,1,0,0
L,302.4,311.2,1448,50.5,53,0,0,0,0,0,0,0,8.8,7.657,Low(51-100),0,1,0,0,0,0
L,302.3,311.2,1903,22.9,55,0,0,0,0,0,0,0,8.9,4.5632,Low(51-100),0,0,0,0,0,0
L,302.4,311.2,1404,52.0,57,0,0,0,0,0,0,0,8.8,7.6448,Low(51-100),0,1,1,1,0,0
L,302.3,311.2,1386,53.5,59,0,0,0,0,0,0,0,8.9,7.7645,Low(51-100),0,1,1,1,0,0
L,302.2,311.1,1418,47.0,61,0,0,0,0,0,0,0,8.9,6.9786,Low(51-100),0,1,1,1,0,0
M,302.3,311.1,1338,53.3,63,0,0,0,0,0,0,1,8.8,7.4676,Low(51-100),0,1,1,1,0,0
L,302.3,311.2,1549,40.6,66,0,0,0,0,0,0,0,8.9,6.5853,Low(51-100),0,0,0,0,0,0
M,302.3,311.2,1432,42.7,68,0,0,0,0,0,0,1,8.9,6.4028,Low(51-100),0,0,0,0,0,0
M,302.3,311.2,1546,40.0,71,0,0,0,0,0,0,1,8.9,6.4754,Low(51-100),0,0,0,0,0,0
M,302.2,311.2,1627,33.2,74,0,0,0,0,0,0,1,9.0,5.6562,Low(51-100),0,0,0,0,0,0
M,302.2,311.1,1640,32.8,77,0,0,0,0,0,0,1,8.9,5.6327,Low(51-100),0,0,0,0,0,0
M,302.1,311.1,1423,36.8,80,0,0,0,0,0,0,1,9.0,5.4834,Low(51-100),0,0,0,0,0,0
M,302.1,311.0,1711,28.7,83,0,0,0,0,0,0,1,8.9,5.142,Low(51-100),0,0,0,0,0,0
M,302.1,311.1,1450,51.6,86,0,0,0,0,0,0,1,9.0,7.8346,Low(51-100),0,1,0,0,0,0
H,302.2,311.1,1553,34.1,89,0,0,0,0,0,0,2,8.9,5.5453,Low(51-100),0,0,0,0,0,0
L,302.2,311.1,1630,34.6,94,0,0,0,0,0,0,0,8.9,5.9055,Low(51-100),0,0,0,0,0,0
H,302.2,311.1,1476,39.6,96,0,0,0,0,0,0,2,8.9,6.1204,Low(51-100),0,0,0,0,0,0
H,302.2,311.1,1426,50.6,101,0,0,0,0,0,0,2,8.9,7.5556,Medium(101-150),0,1,0,0,0,0
M,302.2,311.2,1561,34.9,106,0,0,0,0,0,0,1,9.0,5.7046,Medium(101-150),0,0,0,0,0,0
L,302.3,311.2,1297,62.5,109,0,0,0,0,0,0,0,8.9,8.4882,Medium(101-150),0,1,1,1,0,0
M,302.3,311.2,1842,23.9,111,0,0,0,0,0,0,1,8.9,4.6098,Medium(101-150),0,0,0,0,0,0
L,302.3,311.2,1633,36.4,114,0,0,0,0,0,0,0,8.9,6.2242,Medium(101-150),0,0,0,0,0,0
H,302.3,311.3,1744,30.3,116,0,0,0,0,0,0,2,9.0,5.5333,Medium(101-150),0,0,0,0,0,0
L,302.4,311.4,1831,26.9,121,0,0,0,0,0,0,0,9.0,5.1575,Medium(101-150),0,0,0,0,0,0
M,302.3,311.3,1339,50.8,123,0,0,0,0,0,0,1,9.0,7.1226,Medium(101-150),0,1,1,1,0,0
L,302.4,311.4,1475,40.4,126,0,0,0,0,0,0,0,9.0,6.2398,Medium(101-150),0,0,0,0,0,0
M,302.4,311.4,1675,29.6,128,0,0,0,0,0,0,1,9.0,5.1916,Medium(101-150),0,0,0,0,0,0
L,302.5,311.5,1493,35.1,131,0,0,0,0,0,0,0,9.0,5.4874,Medium(101-150),0,0,0,0,0,0
L,302.5,311.5,1700,29.5,133,0,0,0,0,0,0,0,9.0,5.2513,Medium(101-150),0,0,0,0,0,0
L,302.6,311.6,1453,37.0,135,0,0,0,0,0,0,0,9.0,5.6294,Medium(101-150),0,0,0,0,0,0
L,302.6,311.7,1542,34.1,137,0,0,0,0,0,0,0,9.1,5.506,Medium(101-150),0,0,0,0,0,0
M,302.5,311.5,1358,52.7,139,0,0,0,0,0,0,1,9.0,7.4939,Medium(101-150),0,1,1,1,0,0
H,302.5,311.5,1655,32.3,142,0,0,0,0,0,0,2,9.0,5.5975,Medium(101-150),0,0,0,0,0,0
L,302.6,311.5,1885,27.5,147,0,0,0,0,0,0,0,8.9,5.428,Medium(101-150),0,0,0,0,0,0
L,302.7,311.5,1494,41.4,149,0,0,0,0,0,0,0,8.8,6.4766,Medium(101-150),0,0,0,0,0,0
M,302.6,311.4,1757,29.5,151,0,0,0,0,0,0,1,8.8,5.4274,High(151-200),0,0,0,0,0,0
M,302.6,311.4,1718,31.2,154,0,0,0,0,0,0,1,8.8,5.6127,High(151-200),0,0,0,0,0,0
M,302.5,311.4,1636,35.0,157,0,0,0,0,0,0,1,8.9,5.9958,High(151-200),0,0,0,0,0,0
L,302.6,311.6,1638,29.6,160,0,0,0,0,0,0,0,9.0,5.0769,High(151-200),0,0,0,0,0,0
L,302.6,311.5,1609,36.0,162,0,0,0,0,0,0,0,8.9,6.0653,High(151-200),0,0,0,0,0,0
H,302.7,311.5,1556,35.0,164,0,0,0,0,0,0,2,8.8,5.7026,High(151-200),0,0,0,0,0,0
L,302.6,311.5,1442,59.8,169,1,0,0,1,0,0,0,8.9,9.0295,High(151-200),0,1,0,0,0,1
M,302.7,311.6,1501,38.8,171,0,0,0,0,0,0,1,8.9,6.0983,High(151-200),0,0,0,0,0,0
M,302.6,311.6,2041,19.2,174,0,0,0,0,0,0,1,9.0,4.1034,High(151-200),0,0,0,0,0,0
M,302.7,311.7,1784,25.1,177,0,0,0,0,0,0,1,9.0,4.6888,High(151-200),0,0,0,0,0,0
L,302.6,311.6,1953,22.4,180,0,0,0,0,0,0,0,9.0,4.5809,High(151-200),0,0,0,0,0,0
L,302.6,311.6,1576,34.7,182,0,0,0,0,0,0,0,9.0,5.7264,High(151-200),0,0,0,0,0,0
M,302.6,311.6,1518,39.0,184,0,0,0,0,0,0,1,9.0,6.1992,High(151-200),0,0,0,0,0,0
M,302.6,311.6,1227,68.2,187,1,0,0,0,1,0,1,9.0,8.7625,High(151-200),0,1,1,1,0,1
L,302.5,311.5,1985,18.8,190,0,0,0,0,0,0,0,9.0,3.9076,High(151-200),0,0,0,0,0,0
L,302.5,311.5,1802,26.4,192,0,0,0,0,0,0,0,9.0,4.9814,High(151-200),0,0,0,0,0,0
L,302.5,311.5,1603,32.4,194,0,0,0,0,0,0,0,9.0,5.4385,High(151-200),0,0,0,0,0,0
L,302.5,311.6,1400,54.0,196,0,0,0,0,0,0,0,9.1,7.9162,High(151-200),0,1,1,1,0,0
L,302.3,311.5,1395,54.2,198,0,0,0,0,0,0,0,9.2,7.9172,High(151-200),0,1,1,1,0,0
L,302.2,311.4,1987,19.9,200,0,0,0,0,0,0,0,9.2,4.1405,High(151-200),0,0,0,0,0,0
M,302.2,311.4,1398,47.2,202,0,0,0,0,0,0,1,9.2,6.9095,Critical(>200),1,1,1,1,0,0
L,302.3,311.4,1333,66.7,205,1,0,0,1,1,0,0,9.1,9.3101,Critical(>200),1,1,1,1,0,2
L,302.2,311.2,1381,49.4,207,0,0,0,0,0,0,0,9.0,7.1436,Critical(>200),1,1,1,1,0,0
L,302.2,311.3,1570,36.1,0,0,0,0,0,0,0,0,9.1,5.9348,Fresh(0-50),0,0,0,0,0,0
M,302.2,311.3,1658,31.0,2,0,0,0,0,0,0,1,9.1,5.382,Fresh(0-50),0,0,0,0,0,0
H,302.2,311.3,1749,29.2,5,0,0,0,0,0,0,2,9.1,5.3477,Fresh(0-50),0,0,0,0,0,0
M,302.2,311.3,1510,37.1,10,0,0,0,0,0,0,1,9.1,5.8661,Fresh(0-50),0,0,0,0,0,0
L,302.3,311.5,1384,50.8,13,0,0,0,0,0,0,0,9.2,7.362,Fresh(0-50),0,1,1,1,0,0
L,302.3,311.4,1570,37.2,15,0,0,0,0,0,0,0,9.1,6.1156,Fresh(0-50),0,0,0,0,0,0
M,302.3,311.4,1571,32.7,17,0,0,0,0,0,0,1,9.1,5.3792,Fresh(0-50),0,0,0,0,0,0
L,302.3,311.4,1476,37.3,20,0,0,0,0,0,0,0,9.1,5.7649,Fresh(0-50),0,0,0,0,0,0
M,302.3,311.4,1484,39.5,22,0,0,0,0,0,0,1,9.1,6.138,Fresh(0-50),0,0,0,0,0,0
M,302.3,311.4,1909,23.2,25,0,0,0,0,0,0,1,9.1,4.6376,Fresh(0-50),0,0,0,0,0,0
L,302.3,311.5,1448,49.6,28,0,0,0,0,0,0,0,9.2,7.5205,Fresh(0-50),0,1,0,0,0,0
M,302.3,311.4,1500,40.2,30,0,0,0,0,0,0,1,9.1,6.3141,Fresh(0-50),0,0,0,0,0,0
L,302.2,311.4,1510,44.9,33,0,0,0,0,0,0,0,9.2,7.0994,Fresh(0-50),0,0,0,0,0,0
L,302.2,311.3,1378,55.5,35,0,0,0,0,0,0,0,9.1,8.0083,Fresh(0-50),0,1,1,1,0,0
M,302.2,311.4,1538,37.4,37,0,0,0,0,0,0,1,9.2,6.0232,Fresh(0-50),0,0,0,0,0,0
L,302.2,311.4,1390,48.1,40,0,0,0,0,0,0,0,9.2,7.0009,Fresh(0-50),0,1,1,1,0,0
M,302.2,311.4,1642,32.1,42,0,0,0,0,0,0,1,9.2,5.5192,Fresh(0-50),0,0,0,0,0,0
L,302.4,311.5,1785,24.8,45,0,0,0,0,0,0,0,9.1,4.6354,Fresh(0-50),0,0,0,0,0,0
H,302.3,311.5,1526,38.2,47,0,0,0,0,0,0,2,9.2,6.104,Fresh(0-50),0,0,0,0,0,0
M,302.3,311.6,1668,33.2,52,0,0,0,0,0,0,1,9.3,5.7987,Low(51-100),0,0,0,0,0,0
L,302.3,311.5,1507,37.5,55,0,0,0,0,0,0,0,9.2,5.9175,Low(51-100),0,0,0,0,0,0
L,302.3,311.5,1530,37.8,57,0,0,0,0,0,0,0,9.2,6.0559,Low(51-100),0,0,0,0,0,0
M,302.3,311.4,1479,45.6,59,0,0,0,0,0,0,1,9.1,7.062,Low(51-100),0,0,0,0,0,0
M,302.3,311.4,1418,41.3,62,0,0,0,0,0,0,1,9.1,6.1323,Low(51-100),0,0,1,0,0,0
L,302.3,311.4,1504,38.7,65,0,0,0,0,0,0,0,9.1,6.0947,Low(51-100),0,0,0,0,0,0
M,302.3,311.4,1345,47.6,67,0,0,0,0,0,0,1,9.1,6.7039,Low(51-100),0,1,1,1,0,0
H,302.2,311.4,1625,35.4,70,0,0,0,0,0,0,2,9.2,6.0236,Low(51-100),0,0,0,0,0,0
L,302.3,311.4,1511,34.7,75,0,0,0,0,0,0,0,9.1,5.4902,Low(51-100),0,0,0,0,0,0
L,302.3,311.4,1535,41.8,77,0,0,0,0,0,0,0,9.1,6.7186,Low(51-100),0,0,0,0,0,0
L,302.4,311.5,1505,37.9,79,0,0,0,0,0,0,0,9.1,5.9727,Low(51-100),0,0,0,0,0,0
H,302.4,311.5,1540,43.7,81,0,0,0,0,0,0,2,9.1,7.0469,Low(51-100),0,0,0,0,0,0
H,302.3,311.4,1372,46.0,86,0,0,0,0,0,0,2,9.1,6.6086,Low(51-100),0,0,1,0,0,0
M,302.2,311.3,1510,36.6,91,0,0,0,0,0,0,1,9.1,5.787,Low(51-100),0,0,0,0,0,0
L,302.2,311.3,1382,46.4,94,0,0,0,0,0,0,0,9.1,6.7146,Low(51-100),0,0,1,0,0,0
L,302.3,311.3,1439,41.8,96,0,0,0,0,0,0,0,9.0,6.2985,Low(51-100),0,0,0,0,0,0
M,302.2,311.3,1375,47.0,98,0,0,0,0,0,0,1,9.1,6.767,Low(51-100),0,1,1,1,0,0
M,302.2,311.3,1931,21.9,101,0,0,0,0,0,0,1,9.1,4.4282,Medium(101-150),0,0,0,0,0,0
L,302.2,311.3,1475,48.6,104,0,0,0,0,0,0,0,9.1,7.5063,Medium(101-150),0,1,0,0,0,0
L,302.2,311.3,1389,46.9,106,0,0,0,0,0,0,0,9.1,6.8214,Medium(101-150),0,1,1,1,0,0
L,302.3,311.3,1652,32.8,108,0,0,0,0,0,0,0,9.0,5.6739,Medium(101-150),0,0,0,0,0,0
L,302.3,311.2,1386,50.3,110,0,0,0,0,0,0,0,8.9,7.3001,Medium(101-150),0,1,1,1,0,0
M,302.2,311.3,1577,29.8,112,0,0,0,0,0,0,1,9.1,4.9209,Medium(101-150),0,0,0,0,0,0
M,302.3,311.3,1444,43.1,115,0,0,0,0,0,0,1,9.0,6.5169,Medium(101-150),0,0,0,0,0,0
L,302.2,311.3,1554,40.2,118,0,0,0,0,0,0,0,9.1,6.5414,Medium(101-150),0,0,0,0,0,0
L,302.2,311.3,1602,32.8,120,0,0,0,0,0,0,0,9.1,5.5022,Medium(101-150),0,0,0,0,0,0
H,302.2,311.2,1692,28.2,122,0,0,0,0,0,0,2,9.0,4.9963,Medium(101-150),0,0,0,0,0,0
L,302.3,311.3,1682,34.4,127,0,0,0,0,0,0,0,9.0,6.0587,Medium(101-150),0,0,0,0,0,0
L,302.3,311.3,1614,34.1,129,0,0,0,0,0,0,0,9.0,5.7631,Medium(101-150),0,0,0,0,0,0
L,302.3,311.3,1324,47.8,131,0,0,0,0,0,0,0,9.0,6.6269,Medium(101-150),0,1,1,1,0,0
L,302.3,311.4,1434,40.3,133,0,0,0,0,0,0,0,9.1,6.0513,Medium(101-150),0,0,0,0,0,0
L,302.3,311.3,1621,31.6,135,0,0,0,0,0,0,0,9.0,5.3637,Medium(101-150),0,0,0,0,0,0
M,302.3,311.3,1625,33.1,137,0,0,0,0,0,0,1,9.0,5.6322,Medium(101-150),0,0,0,0,0,0
L,302.2,311.1,1394,53.7,140,0,0,0,0,0,0,0,8.9,7.8385,Medium(101-150),0,1,1,1,0,0
L,302.1,311.0,1586,35.1,142,0,0,0,0,0,0,0,8.9,5.8292,Medium(101-150),0,0,0,0,0,0
L,302.0,311.0,1420,45.9,144,0,0,0,0,0,0,0,9.0,6.8249,Medium(101-150),0,0,1,0,0,0
L,302.1,311.2,1422,50.3,146,0,0,0,0,0,0,0,9.1,7.4897,Medium(101-150),0,1,1,1,0,0
H,302.1,311.2,1598,37.9,148,0,0,0,0,0,0,2,9.1,6.3418,Medium(101-150),0,0,0,0,0,0
L,302.1,311.2,1454,59.2,153,1,0,0,1,0,0,0,9.1,9.0133,High(151-200),0,1,0,0,0,1
L,302.1,311.2,1519,39.3,155,0,0,0,0,0,0,0,9.1,6.251,High(151-200),0,0,0,0,0,0
L,302.0,311.1,1373,55.7,157,0,0,0,0,0,0,0,9.1,8.008,High(151-200),0,1,1,1,0,0
M,302.0,311.1,1406,48.8,159,0,0,0,0,0,0,1,9.1,7.1846,High(151-200),0,1,1,1,0,0
L,302.1,311.2,1492,45.0,162,0,0,0,0,0,0,0,9.1,7.0304,High(151-200),0,0,0,0,0,0
L,302.1,311.2,1369,50.8,164,0,0,0,0,0,0,0,9.1,7.2822,High(151-200),0,1,1,1,0,0
M,302.2,311.2,1471,41.9,166,0,0,0,0,0,0,1,9.0,6.4539,High(151-200),0,0,0,0,0,0
L,302.2,311.2,1630,36.0,169,0,0,0,0,0,0,0,9.0,6.1445,High(151-200),0,0,0,0,0,0
M,302.1,311.1,1605,37.6,171,0,0,0,0,0,0,1,9.0,6.3192,High(151-200),0,0,0,0,0,0
L,302.2,311.1,1447,52.1,174,0,0,0,0,0,0,0,8.9,7.8941,High(151-200),0,1,0,0,0,0
M,302.2,311.2,1360,52.8,176,0,0,0,0,0,0,1,9.0,7.5192,High(151-200),0,1,1,1,0,0
M,302.2,311.1,1728,34.0,179,0,0,0,0,0,0,1,8.9,6.152,High(151-200),0,0,0,0,0,0
L,302.1,311.0,1740,30.8,182,0,0,0,0,0,0,0,8.9,5.6117,High(151-200),0,0,0,0,0,0
L,302.1,310.9,1477,41.4,184,0,0,0,0,0,0,0,8.8,6.4029,High(151-200),0,0,0,0,0,0
L,302.1,310.9,1658,30.3,186,0,0,0,0,0,0,0,8.8,5.2605,High(151-200),0,0,0,0,0,0
L,302.0,310.8,1902,23.4,188,0,0,0,0,0,0,0,8.8,4.6604,High(151-200),0,0,0,0,0,0
M,302.0,310.8,1783,23.1,190,0,0,0,0,0,0,1,8.8,4.3128,High(151-200),0,0,0,0,0,0
M,302.0,310.9,1558,45.3,193,0,0,0,0,0,0,1,8.9,7.3903,High(151-200),0,0,0,0,0,0
L,302.1,311.0,1351,49.5,196,0,0,0,0,0,0,0,8.9,7.0026,High(151-200),0,1,1,1,0,0
H,302.1,310.9,1452,42.5,198,0,0,0,0,0,0,2,8.8,6.4618,High(151-200),0,0,0,0,0,0
L,302.1,310.9,1666,30.7,203,0,0,0,0,0,0,0,8.8,5.3556,Critical(>200),1,0,0,0,0,0
L,302.1,311.0,1364,50.0,205,0,0,0,0,0,0,0,8.9,7.1414,Critical(>200),1,1,1,1,0,0
M,302.1,311.0,1351,60.3,207,1,0,0,0,1,0,1,8.9,8.5304,Critical(>200),1,1,1,1,0,1
H,302.1,311.0,1729,26.1,210,0,0,0,0,0,0,2,8.9,4.7253,Critical(>200),1,0,0,0,0,0
M,302.1,311.0,1574,34.1,215,0,0,0,0,0,0,1,8.9,5.6203,Critical(>200),1,0,0,0,0,0
L,302.0,311.0,1566,37.8,218,0,0,0,0,0,0,0,9.0,6.1984,Critical(>200),1,0,0,0,0,0
L,302.0,310.9,1455,43.2,220,0,0,0,0,0,0,0,8.9,6.5818,Critical(>200),1,0,0,0,0,0
H,302.0,310.9,1679,29.0,222,0,0,0,0,0,0,2,8.9,5.0985,Critical(>200),1,0,0,0,0,0
L,302.0,310.8,2143,17.3,227,0,0,0,0,0,0,0,8.8,3.8821,Critical(>200),1,0,0,0,0,0
L,302.0,310.8,1447,42.7,229,0,0,0,0,0,0,0,8.8,6.4698,Critical(>200),1,0,0,0,0,0
L,302.0,310.8,1383,50.3,231,1,0,0,0,1,0,0,8.8,7.2843,Critical(>200),1,1,1,1,0,1
L,302.1,310.8,1772,27.1,233,0,0,0,0,0,0,0,8.7,5.0284,Critical(>200),1,0,0,0,0,0
L,302.0,310.8,1615,29.0,235,1,1,0,0,0,0,0,8.8,4.9042,Critical(>200),1,0,0,0,0,1
L,302.0,310.8,1454,36.6,0,0,0,0,0,0,0,0,8.8,5.5724,Fresh(0-50),0,0,0,0,0,0
L,302.0,310.8,1445,49.1,2,0,0,0,0,0,0,0,8.8,7.4293,Fresh(0-50),0,1,0,0,0,0
M,302.0,310.8,1609,35.2,4,0,0,0,0,0,0,1,8.8,5.9306,Fresh(0-50),0,0,0,0,0,0
L,302.0,310.9,1546,34.4,7,0,0,0,0,0,0,0,8.9,5.5688,Fresh(0-50),0,0,0,0,0,0
L,301.9,310.8,1567,39.3,9,0,0,0,0,0,0,0,8.9,6.4485,Fresh(0-50),0,0,0,0,0,0
L,302.0,310.8,1767,27.4,11,0,0,0,0,0,0,0,8.8,5.0697,Fresh(0-50),0,0,0,0,0,0
L,302.0,310.9,1539,34.2,13,0,0,0,0,0,0,0,8.9,5.5114,Fresh(0-50),0,0,0,0,0,0
L,302.0,310.9,1564,39.0,15,0,0,0,0,0,0,0,8.9,6.387,Fresh(0-50),0,0,0,0,0,0
M,302.0,310.8,1445,46.3,17,0,0,0,0,0,0,1,8.8,7.0056,Fresh(0-50),0,0,0,0,0,0
M,301.9,310.9,1419,47.7,20,1,0,0,0,0,0,1,9.0,7.0876,Fresh(0-50),0,1,1,1,0,0
M,301.8,310.9,1881,20.9,23,0,0,0,0,0,0,1,9.1,4.1165,Fresh(0-50),0,0,0,0,0,0
M,301.9,310.9,1421,46.2,26,0,0,0,0,0,0,1,9.0,6.8744,Fresh(0-50),0,0,1,0,0,0
L,301.9,311.0,1455,46.0,29,0,0,0,0,0,0,0,9.1,7.0084,Fresh(0-50),0,0,0,0,0,0
L,301.9,311.0,2691,12.1,31,1,0,0,1,0,0,0,9.1,3.4095,Fresh(0-50),0,0,0,0,0,1
L,301.8,310.8,1505,41.2,33,0,0,0,0,0,0,0,9.0,6.4928,Fresh(0-50),0,0,0,0,0,0
L,301.8,310.8,1456,46.6,35,0,0,0,0,0,0,0,9.0,7.1047,Fresh(0-50),0,0,0,0,0,0
L,301.8,310.8,1383,46.4,37,0,0,0,0,0,0,0,9.0,6.7195,Fresh(0-50),0,0,1,0,0,0
M,301.9,310.8,1563,39.2,39,0,0,0,0,0,0,1,8.9,6.4157,Fresh(0-50),0,0,0,0,0,0
M,301.9,310.9,2305,16.1,42,0,0,0,0,0,0,1,9.0,3.8859,Fresh(0-50),0,0,0,0,0,0
M,301.9,310.9,1456,43.6,45,0,0,0,0,0,0,1,9.0,6.6473,Fresh(0-50),0,0,0,0,0,0
L,302.0,311.0,1865,22.7,48,0,0,0,0,0,0,0,9.0,4.433,Fresh(0-50),0,0,0,0,0,0
L,301.9,310.9,1597,36.9,50,0,0,0,0,0,0,0,9.0,6.1706,Fresh(0-50),0,0,0,0,0,0
L,302.0,310.9,1495,38.6,52,0,0,0,0,0,0,0,8.9,6.0426,Low(51-100),0,0,0,0,0,0
M,302.0,310.9,1456,47.2,54,0,0,0,0,0,0,1,8.9,7.1961,Low(51-100),0,1,0,0,0,0
L,301.9,310.8,1465,44.3,57,0,0,0,0,0,0,0,8.9,6.7958,Low(51-100),0,0,0,0,0,0
M,302.0,310.9,1352,55.5,59,0,0,0,0,0,0,1,8.9,7.8572,Low(51-100),0,1,1,1,0,0
L,301.9,310.8,1906,21.7,62,0,0,0,0,0,0,0,8.9,4.3309,Low(51-100),0,0,0,0,0,0
L,302.0,310.9,1446,44.0,64,0,0,0,0,0,0,0,8.9,6.6622,Low(51-100),0,0,0,0,0,0
L,302.0,310.8,1948,19.7,66,0,0,0,0,0,0,0,8.8,4.0184,Low(51-100),0,0,0,0,0,0
L,301.9,310.7,1480,47.1,68,0,0,0,0,0,0,0,8.8,7.2993,Low(51-100),0,1,0,0,0,0
M,301.9,310.7,1511,37.6,70,0,0,0,0,0,0,1,8.8,5.9491,Low(51-100),0,0,0,0,0,0
M,301.9,310.7,1472,47.0,73,0,0,0,0,0,0,1,8.8,7.2444,Low(51-100),0,1,0,0,0,0
L,301.9,310.7,1429,51.0,76,0,0,0,0,0,0,0,8.8,7.6313,Low(51-100),0,1,0,0,0,0
L,301.9,310.7,1405,48.8,78,0,0,0,0,0,0,0,8.8,7.1795,Low(51-100),0,1,1,1,0,0
M,301.9,310.7,1405,47.9,80,0,0,0,0,0,0,1,8.8,7.0471,Low(51-100),0,1,1,1,0,0
L,302.0,310.7,1348,58.1,83,0,0,0,0,0,0,0,8.7,8.2009,Low(51-100),0,1,1,1,0,0
L,301.9,310.6,1331,68.6,85,1,0,0,1,0,0,0,8.7,9.5609,Low(51-100),0,1,1,1,0,1
L,301.9,310.6,1610,33.4,87,0,0,0,0,0,0,0,8.7,5.6308,Low(51-100),0,0,0,0,0,0
M,301.9,310.6,1412,46.5,89,0,0,0,0,0,0,1,8.7,6.8752,Low(51-100),0,0,1,0,0,0
L,302.0,310.7,1453,42.7,92,0,0,0,0,0,0,0,8.7,6.4967,Low(51-100),0,0,0,0,0,0
L,302.0,310.6,1583,38.9,94,0,0,0,0,0,0,0,8.6,6.448,Low(51-100),0,0,0,0,0,0
M,302.0,310.6,1539,37.4,96,0,0,0,0,0,0,1,8.6,6.0271,Low(51-100),0,0,0,0,0,0
L,302.0,310.5,1635,39.8,99,0,0,0,0,0,0,0,8.5,6.8139,Low(51-100),0,0,0,0,0,0
H,302.1,310.7,1294,62.4,101,1,0,1,0,0,0,2,8.6,8.455,Medium(101-150),0,1,1,1,0,1
L,302.0,310.5,1978,22.0,106,0,0,0,0,0,0,0,8.5,4.5566,Medium(101-150),0,0,0,0,0,0
L,302.0,310.4,1357,58.0,108,1,0,1,0,0,0,0,8.4,8.2415,Medium(101-150),0,1,1,1,0,1
L,302.0,310.4,1336,58.2,110,1,0,1,0,0,0,0,8.4,8.1419,Medium(101-150),0,1,1,1,0,1
L,302.0,310.4,1568,39.2,112,0,0,0,0,0,0,0,8.4,6.4362,Medium(101-150),0,0,0,0,0,0
M,302.0,310.4,1567,36.4,114,0,0,0,0,0,0,1,8.4,5.9726,Medium(101-150),0,0,0,0,0,0
L,302.0,310.4,1611,35.6,117,0,0,0,0,0,0,0,8.4,6.0054,Medium(101-150),0,0,0,0,0,0
H,302.0,310.5,1841,23.6,119,0,0,0,0,0,0,2,8.5,4.5495,Medium(101-150),0,0,0,0,0,0
L,302.0,310.5,1567,36.1,124,0,0,0,0,0,0,0,8.5,5.9234,Medium(101-150),0,0,0,0,0,0
L,301.9,310.4,1376,54.9,126,1,0,1,0,0,0,0,8.5,7.9102,Medium(101-150),0,1,1,1,0,1
L,301.9,310.5,1477,42.4,128,0,0,0,0,0,0,0,8.6,6.5576,Medium(101-150),0,0,0,0,0,0
M,301.9,310.5,1590,40.3,130,0,0,0,0,0,0,1,8.6,6.7096,Medium(101-150),0,0,0,0,0,0
L,302.0,310.5,2197,15.8,133,0,0,0,0,0,0,0,8.5,3.6348,Medium(101-150),0,0,0,0,0,0
M,302.0,310.4,1595,32.9,135,0,0,0,0,0,0,1,8.4,5.4948,Medium(101-150),0,0,0,0,0,0
H,302.0,310.5,1812,24.4,138,0,0,0,0,0,0,2,8.5,4.6296,Medium(101-150),0,0,0,0,0,0
M,302.0,310.5,1573,32.1,143,0,0,0,0,0,0,1,8.5,5.2873,Medium(101-150),0,0,0,0,0,0
L,302.0,310.5,1651,30.9,146,0,0,0,0,0,0,0,8.5,5.342,Medium(101-150),0,0,0,0,0,0
H,302.0,310.5,1459,43.2,148,0,0,0,0,0,0,2,8.5,6.5999,Medium(101-150),0,0,0,0,0,0
L,301.9,310.4,1370,51.7,153,1,0,1,0,0,0,0,8.5,7.4166,High(151-200),0,1,1,1,0,1
L,301.9,310.4,1518,34.1,155,0,0,0,0,0,0,0,8.5,5.4203,High(151-200),0,0,0,0,0,0
L,302.0,310.3,1648,29.6,157,0,0,0,0,0,0,0,8.3,5.1079,High(151-200),0,0,0,0,0,0
L,302.0,310.4,1464,47.2,159,0,0,0,0,0,0,0,8.4,7.2357,High(151-200),0,1,0,0,0,0
L,302.0,310.4,1895,23.2,161,0,0,0,0,0,0,0,8.4,4.6036,High(151-200),0,0,0,0,0,0
L,301.9,310.4,1884,23.4,163,0,0,0,0,0,0,0,8.5,4.6163,High(151-200),0,0,0,0,0,0
L,302.0,310.4,1450,46.6,165,0,0,0,0,0,0,0,8.4,7.0754,High(151-200),0,0,0,0,0,0
L,302.0,310.4,1448,43.4,167,0,0,0,0,0,0,0,8.4,6.5804,High(151-200),0,0,0,0,0,0
L,302.1,310.5,1389,49.6,169,0,0,0,0,0,0,0,8.4,7.2141,High(151-200),0,1,1,1,0,0
L,302.0,310.6,1583,35.2,171,0,0,0,0,0,0,0,8.6,5.8347,High(151-200),0,0,0,0,0,0
L,301.9,310.5,1425,51.1,173,0,0,0,0,0,0,0,8.6,7.6249,High(151-200),0,1,0,0,0,0
L,302.0,310.5,1809,27.1,175,0,0,0,0,0,0,0,8.5,5.1334,High(151-200),0,0,0,0,0,0
L,301.9,310.5,1892,21.8,177,0,0,0,0,0,0,0,8.6,4.3189,High(151-200),0,0,0,0,0,0
M,301.9,310.6,1475,47.8,179,0,0,0,0,0,0,1,8.7,7.3827,High(151-200),0,1,0,0,0,0
L,302.0,310.6,1361,46.7,182,0,0,0,0,0,0,0,8.6,6.6554,High(151-200),0,0,1,0,0,0
M,302.0,310.6,1563,41.0,184,0,0,0,0,0,0,1,8.6,6.7103,High(151-200),0,0,0,0,0,0
H,301.9,310.5,1472,39.7,187,0,0,0,0,0,0,2,8.6,6.1192,High(151-200),0,0,0,0,0,0
L,302.0,310.6,1325,55.3,192,0,0,0,0,0,0,0,8.6,7.6725,High(151-200),0,1,1,1,0,0
L,302.0,310.6,1358,53.1,194,0,0,0,0,0,0,0,8.6,7.5508,High(151-200),0,1,1,1,0,0
H,302.0,310.6,1346,54.7,196,0,0,0,0,0,0,2,8.6,7.7095,High(151-200),0,1,1,1,0,0
M,302.0,310.5,1381,58.4,201,0,0,0,0,0,0,1,8.5,8.4451,Critical(>200),1,1,1,1,0,0
L,301.9,310.5,1340,55.7,204,1,0,0,0,1,0,0,8.6,7.8155,Critical(>200),1,1,1,1,0,1
L,302.0,310.6,1366,47.7,206,0,0,0,0,0,0,0,8.6,6.8228,Critical(>200),1,1,1,1,0,0
L,302.1,310.7,1325,45.1,208,1,0,1,0,0,0,0,8.6,6.2573,Critical(>200),1,0,1,0,0,1
M,302.1,310.7,1376,46.3,210,1,0,1,0,0,0,1,8.6,6.6711,Critical(>200),1,0,1,0,0,1
M,302.1,310.7,1364,47.8,213,1,0,1,0,0,0,1,8.6,6.8271,Critical(>200),1,1,1,1,0,1
L,302.2,310.6,1462,43.6,0,0,0,0,0,0,0,0,8.4,6.6747,Fresh(0-50),0,0,0,0,0,0
M,302.1,310.6,1517,38.9,2,0,0,0,0,0,0,1,8.5,6.1792,Fresh(0-50),0,0,0,0,0,0
L,302.1,310.6,1385,53.6,5,0,0,0,0,0,0,0,8.5,7.7734,Fresh(0-50),0,1,1,1,0,0
L,302.1,310.6,1439,40.0,7,0,0,0,0,0,0,0,8.5,6.0272,Fresh(0-50),0,0,0,0,0,0
M,302.0,310.6,1623,34.3,9,0,0,0,0,0,0,1,8.6,5.8292,Fresh(0-50),0,0,0,0,0,0
H,302.0,310.6,1438,43.2,12,0,0,0,0,0,0,2,8.6,6.5049,Fresh(0-50),0,0,0,0,0,0
L,301.9,310.4,1708,24.8,17,0,0,0,0,0,0,0,8.5,4.4354,Fresh(0-50),0,0,0,0,0,0
M,301.8,310.3,1666,32.7,19,0,0,0,0,0,0,1,8.5,5.7045,Fresh(0-50),0,0,0,0,0,0
L,301.9,310.4,1286,62.8,22,1,0,1,0,0,0,0,8.5,8.4566,Fresh(0-50),0,1,1,1,0,1
L,301.9,310.3,1485,46.3,24,0,0,0,0,0,0,0,8.4,7.1995,Fresh(0-50),0,0,0,0,0,0
M,301.8,310.3,1409,52.5,26,0,0,0,0,0,0,1,8.5,7.7458,Fresh(0-50),0,1,1,1,0,0
L,301.8,310.3,1765,27.3,29,0,0,0,0,0,0,0,8.5,5.0455,Fresh(0-50),0,0,0,0,0,0
L,301.8,310.3,1688,28.8,31,0,0,0,0,0,0,0,8.5,5.0905,Fresh(0-50),0,0,0,0,0,0
M,301.7,310.3,1787,26.7,33,0,0,0,0,0,0,1,8.6,4.9961,Fresh(0-50),0,0,0,0,0,0
L,301.7,310.1,1487,48.0,36,0,0,0,0,0,0,0,8.4,7.4739,Fresh(0-50),0,1,0,0,0,0
L,301.7,310.1,1384,50.5,38,0,0,0,0,0,0,0,8.4,7.3185,Fresh(0-50),0,1,1,1,0,0
L,301.7,310.2,1311,57.4,40,1,0,1,0,0,0,0,8.5,7.8797,Fresh(0-50),0,1,1,1,0,1
H,301.7,310.2,1620,30.8,42,0,0,0,0,0,0,2,8.5,5.2247,Fresh(0-50),0,0,0,0,0,0
L,301.7,310.2,1331,61.2,47,1,0,1,0,0,0,0,8.5,8.5295,Fresh(0-50),0,1,1,1,0,1
H,301.7,310.1,1462,38.3,49,0,0,0,0,0,0,2,8.4,5.8633,Fresh(0-50),0,0,0,0,0,0
L,301.7,310.1,1424,50.2,54,0,0,0,0,0,0,0,8.4,7.4853,Low(51-100),0,1,0,0,0,0
L,301.7,310.1,1500,39.6,56,0,0,0,0,0,0,0,8.4,6.2199,Low(51-100),0,0,0,0,0,0
L,301.8,310.1,1738,28.0,58,0,0,0,0,0,0,0,8.3,5.0957,Low(51-100),0,0,0,0,0,0
M,301.8,310.3,1465,46.5,60,0,0,0,0,0,0,1,8.5,7.1332,Low(51-100),0,0,0,0,0,0
L,301.8,310.3,1482,41.4,63,0,0,0,0,0,0,0,8.5,6.4246,Low(51-100),0,0,0,0,0,0
L,301.9,310.3,1398,44.0,65,0,0,0,0,0,0,0,8.4,6.441,Low(51-100),0,0,1,0,0,0
L,301.9,310.3,1972,21.3,67,0,0,0,0,0,0,0,8.4,4.3983,Low(51-100),0,0,0,0,0,0
L,301.9,310.4,1603,37.6,69,0,0,0,0,0,0,0,8.5,6.3113,Low(51-100),0,0,0,0,0,0
L,301.9,310.4,1610,34.8,71,0,0,0,0,0,0,0,8.5,5.8668,Low(51-100),0,0,0,0,0,0
M,301.9,310.4,1373,48.0,73,1,0,1,0,0,0,1,8.5,6.9009,Low(51-100),0,1,1,1,0,1
M,302.0,310.5,1425,44.7,76,0,0,0,0,0,0,1,8.5,6.6699,Low(51-100),0,0,0,0,0,0
M,302.0,310.4,1212,55.6,79,1,0,1,0,0,0,1,8.4,7.0563,Low(51-100),0,1,1,1,0,1
M,302.0,310.4,1828,26.3,82,0,0,0,0,0,0,1,8.4,5.0342,Low(51-100),0,0,0,0,0,0
L,302.0,310.5,1370,44.4,85,1,0,1,0,0,0,0,8.5,6.3694,Low(51-100),0,0,1,0,0,1
M,302.0,310.5,1823,25.1,87,0,0,0,0,0,0,1,8.5,4.7913,Low(51-100),0,0,0,0,0,0
L,302.0,310.5,1263,60.6,90,1,0,1,0,0,0,0,8.5,8.0144,Low(51-100),0,1,1,1,0,1
L,301.9,310.4,1889,21.5,92,0,0,0,0,0,0,0,8.5,4.2527,Low(51-100),0,0,0,0,0,0
M,302.0,310.5,1639,32.9,94,0,0,0,0,0,0,1,8.5,5.6464,Low(51-100),0,0,0,0,0,0
M,302.0,310.4,1608,33.1,97,0,0,0,0,0,0,1,8.4,5.5733,Low(51-100),0,0,0,0,0,0
H,301.9,310.3,1653,32.4,100,0,0,0,0,0,0,2,8.4,5.6081,Low(51-100),0,0,0,0,0,0
L,302.0,310.4,1591,29.8,105,0,0,0,0,0,0,0,8.4,4.9646,Medium(101-150),0,0,0,0,0,0
L,302.1,310.5,1696,30.9,107,0,0,0,0,0,0,0,8.4,5.4876,Medium(101-150),0,0,0,0,0,0
L,302.2,310.6,1346,47.5,109,1,0,1,0,0,0,0,8.4,6.6948,Medium(101-150),0,1,1,1,0,1
M,302.2,310.5,1507,40.4,111,0,0,0,0,0,0,1,8.3,6.3752,Medium(101-150),0,0,0,0,0,0
H,302.3,310.6,1525,48.7,114,0,0,0,0,0,0,2,8.3,7.7767,Medium(101-150),0,1,0,0,0,0
M,302.3,310.7,1559,33.9,119,0,0,0,0,0,0,1,8.4,5.534,Medium(101-150),0,0,0,0,0,0
L,302.2,310.6,1632,30.5,122,0,0,0,0,0,0,0,8.4,5.2121,Medium(101-150),0,0,0,0,0,0
L,302.1,310.5,1559,36.0,124,0,0,0,0,0,0,0,8.4,5.8769,Medium(101-150),0,0,0,0,0,0
M,302.2,310.6,1355,51.5,126,1,0,1,0,0,0,1,8.4,7.3071,Medium(101-150),0,1,1,1,0,1
M,302.2,310.5,1832,23.7,129,0,0,0,0,0,0,1,8.3,4.5464,Medium(101-150),0,0,0,0,0,0
L,302.2,310.6,1386,50.0,132,0,0,0,0,0,0,0,8.4,7.2565,Medium(101-150),0,1,1,1,0,0
M,302.2,310.6,1346,49.2,134,1,0,1,0,0,0,1,8.4,6.9344,Medium(101-150),0,1,1,1,0,1
L,302.3,310.7,1499,37.8,137,0,0,0,0,0,0,0,8.4,5.9332,Medium(101-150),0,0,0,0,0,0
L,302.3,310.7,1612,33.4,139,0,0,0,0,0,0,0,8.4,5.6378,Medium(101-150),0,0,0,0,0,0
M,302.3,310.7,1544,39.7,141,0,0,0,0,0,0,1,8.4,6.4185,Medium(101-150),0,0,0,0,0,0
L,302.5,310.9,1477,39.2,144,0,0,0,0,0,0,0,8.4,6.0627,Medium(101-150),0,0,0,0,0,0
L,302.5,310.9,1624,34.4,146,0,0,0,0,0,0,0,8.4,5.8498,Medium(101-150),0,0,0,0,0,0
L,302.4,310.9,1349,46.1,148,1,0,1,0,0,0,0,8.5,6.5119,Medium(101-150),0,0,1,0,0,1
L,302.4,310.8,1686,28.8,150,0,0,0,0,0,0,0,8.4,5.0845,Medium(101-150),0,0,0,0,0,0
M,302.4,310.7,1521,40.4,152,0,0,0,0,0,0,1,8.3,6.4344,High(151-200),0,0,0,0,0,0
L,302.4,310.7,1362,54.8,155,1,0,1,0,0,0,0,8.3,7.8155,High(151-200),0,1,1,1,0,1
L,302.3,310.7,1402,50.9,157,0,0,0,0,0,0,0,8.4,7.4724,High(151-200),0,1,1,1,0,0
L,302.2,310.6,1334,53.2,159,1,0,1,0,0,0,0,8.4,7.4313,High(151-200),0,1,1,1,0,1
L,302.2,310.6,1348,48.4,161,1,0,1,0,0,0,0,8.4,6.8317,High(151-200),0,1,1,1,0,1
M,302.2,310.6,1570,34.6,163,0,0,0,0,0,0,1,8.4,5.6882,High(151-200),0,0,0,0,0,0
M,302.2,310.7,1601,33.0,166,0,0,0,0,0,0,1,8.5,5.5323,High(151-200),0,0,0,0,0,0
M,302.3,310.8,1611,31.8,169,0,0,0,0,0,0,1,8.5,5.3644,High(151-200),0,0,0,0,0,0
L,302.4,310.9,1560,31.8,172,0,0,0,0,0,0,0,8.5,5.1946,High(151-200),0,0,0,0,0,0
H,302.4,310.9,1444,40.7,174,0,0,0,0,0,0,2,8.5,6.154,High(151-200),0,0,0,0,0,0
L,302.4,311.0,1317,59.4,179,0,0,0,0,0,0,0,8.6,8.1916,High(151-200),0,1,1,1,0,0
M,302.5,311.0,1463,43.1,181,0,0,0,0,0,0,1,8.5,6.6026,High(151-200),0,0,0,0,0,0
L,302.4,311.1,1634,34.2,184,0,0,0,0,0,0,0,8.7,5.8516,High(151-200),0,0,0,0,0,0
L,302.4,311.0,1423,46.2,186,0,0,0,0,0,0,0,8.6,6.884,High(151-200),0,0,0,0,0,0
L,302.5,311.0,1548,38.4,188,0,0,0,0,0,0,0,8.5,6.2244,High(151-200),0,0,0,0,0,0
M,302.5,311.0,1563,35.6,190,0,0,0,0,0,0,1,8.5,5.8265,High(151-200),0,0,0,0,0,0
L,302.4,311.0,1573,36.5,193,0,0,0,0,0,0,0,8.6,6.012,High(151-200),0,0,0,0,0,0
M,302.4,311.1,1432,44.5,195,0,0,0,0,0,0,1,8.7,6.6727,High(151-200),0,0,0,0,0,0
M,302.5,311.1,1638,32.0,198,0,0,0,0,0,0,1,8.6,5.4886,High(151-200),0,0,0,0,0,0
L,302.5,311.1,1571,34.2,201,0,0,0,0,0,0,0,8.6,5.626,Critical(>200),1,0,0,0,0,0
L,302.4,311.0,2211,15.4,203,0,0,0,0,0,0,0,8.6,3.5654,Critical(>200),1,0,0,0,0,0
L,302.4,311.0,1555,40.6,205,0,0,0,0,0,0,0,8.6,6.6108,Critical(>200),1,0,0,0,0,0
M,302.3,310.9,1558,31.9,207,0,0,0,0,0,0,1,8.6,5.2042,Critical(>200),1,0,0,0,0,0
M,302.3,310.9,1523,43.2,210,0,0,0,0,0,0,1,8.6,6.8894,Critical(>200),1,0,0,0,0,0
L,302.3,310.8,1723,26.3,213,0,0,0,0,0,0,0,8.5,4.745,Critical(>200),1,0,0,0,0,0
M,302.3,310.8,1721,28.4,215,0,0,0,0,0,0,1,8.5,5.1179,Critical(>200),1,0,0,0,0,0
M,302.3,310.9,1710,30.4,218,1,1,0,0,0,0,1,8.6,5.4434,Critical(>200),1,0,0,0,0,1
M,302.3,310.9,1627,32.3,0,0,0,0,0,0,0,1,8.6,5.5028,Fresh(0-50),0,0,0,0,0,0
M,302.2,310.8,1422,47.0,3,0,0,0,0,0,0,1,8.6,6.9983,Fresh(0-50),0,1,1,1,0,0
L,302.1,310.8,1565,35.3,6,0,0,0,0,0,0,0,8.7,5.7848,Fresh(0-50),0,0,0,0,0,0
L,302.1,310.7,1314,52.8,8,1,0,1,0,0,0,0,8.6,7.2648,Fresh(0-50),0,1,1,1,0,1
M,302.0,310.6,1392,60.5,10,0,0,0,0,0,0,1,8.6,8.8184,Fresh(0-50),0,1,1,1,0,0
L,302.1,310.7,1465,40.7,13,0,0,0,0,0,0,0,8.6,6.2435,Fresh(0-50),0,0,0,0,0,0
L,301.9,310.6,1573,36.6,15,0,0,0,0,0,0,0,8.7,6.0285,Fresh(0-50),0,0,0,0,0,0
M,302.0,310.7,2157,17.8,17,0,0,0,0,0,0,1,8.7,4.0204,Fresh(0-50),0,0,0,0,0,0
L,301.9,310.7,1370,50.3,20,0,0,0,0,0,0,0,8.8,7.2158,Fresh(0-50),0,1,1,1,0,0
L,301.9,310.6,1462,38.8,22,0,0,0,0,0,0,0,8.7,5.9399,Fresh(0-50),0,0,0,0,0,0
M,302.0,310.6,1479,40.5,24,0,0,0,0,0,0,1,8.6,6.2722,Fresh(0-50),0,0,0,0,0,0
L,301.9,310.7,1717,26.8,27,0,0,0,0,0,0,0,8.8,4.8184,Fresh(0-50),0,0,0,0,0,0
M,301.9,310.6,1260,65.9,29,0,0,0,0,0,0,1,8.7,8.6947,Fresh(0-50),0,1,1,1,0,0
L,301.9,310.6,1467,39.3,32,0,0,0,0,0,0,0,8.7,6.037,Fresh(0-50),0,0,0,0,0,0
M,302.0,310.6,1535,38.6,34,0,0,0,0,0,0,1,8.6,6.2043,Fresh(0-50),0,0,0,0,0,0
L,302.0,310.7,1657,31.9,37,0,0,0,0,0,0,0,8.7,5.5349,Fresh(0-50),0,0,0,0,0,0
L,302.0,310.7,1698,28.1,39,0,0,0,0,0,0,0,8.7,4.9962,Fresh(0-50),0,0,0,0,0,0
L,302.1,310.7,1359,49.3,41,1,0,1,0,0,0,0,8.6,7.0156,Fresh(0-50),0,1,1,1,0,1
L,302.1,310.8,1596,37.1,43,0,0,0,0,0,0,0,8.7,6.2002,Fresh(0-50),0,0,0,0,0,0
L,302.2,310.8,1383,46.9,45,0,0,0,0,0,0,0,8.6,6.7919,Fresh(0-50),0,1,1,1,0,0
L,302.2,310.8,2203,16.6,47,0,0,0,0,0,0,0,8.6,3.8293,Fresh(0-50),0,0,0,0,0,0
M,302.2,310.8,1408,46.8,49,0,0,0,0,0,0,1,8.6,6.8999,Fresh(0-50),0,0,1,0,0,0
L,302.2,310.8,1673,32.9,52,0,0,0,0,0,0,0,8.6,5.7635,Low(51-100),0,0,0,0,0,0
L,302.2,310.8,1340,47.8,54,0,0,0,0,0,0,0,8.6,6.707,Low(51-100),0,1,1,1,0,0
L,302.2,310.9,1452,42.3,56,0,0,0,0,0,0,0,8.7,6.4314,Low(51-100),0,0,0,0,0,0
M,302.2,310.9,1302,53.4,58,0,0,0,0,0,0,1,8.7,7.2803,Low(51-100),0,1,1,1,0,0
H,302.2,310.9,1522,35.9,61,0,0,0,0,0,0,2,8.7,5.7214,Low(51-100),0,0,0,0,0,0
L,302.2,310.8,1438,41.4,66,0,0,0,0,0,0,0,8.6,6.2338,Low(51-100),0,0,0,0,0,0
L,302.2,310.9,1604,40.5,68,0,0,0,0,0,0,0,8.7,6.8023,Low(51-100),0,0,0,0,0,0
L,302.2,311.0,1832,23.2,70,0,0,0,0,0,0,0,8.8,4.4505,Low(51-100),0,0,0,0,0,0
M,302.3,311.0,1521,34.8,72,0,0,0,0,0,0,1,8.7,5.5425,Low(51-100),0,0,0,0,0,0
L,302.3,311.0,1446,37.6,75,0,0,0,0,0,0,0,8.7,5.6932,Low(51-100),0,0,0,0,0,0
L,302.4,311.1,1905,20.9,77,0,0,0,0,0,0,0,8.7,4.1691,Low(51-100),0,0,0,0,0,0
L,302.4,311.0,1475,47.9,79,0,0,0,0,0,0,0,8.6,7.3982,Low(51-100),0,1,0,0,0,0
L,302.4,311.0,1462,48.5,81,0,0,0,0,0,0,0,8.6,7.4248,Low(51-100),0,1,0,0,0,0
M,302.4,310.9,1435,42.3,83,0,0,0,0,0,0,1,8.5,6.3561,Low(51-100),0,0,0,0,0,0
L,302.4,310.9,1469,39.6,86,0,0,0,0,0,0,0,8.5,6.0914,Low(51-100),0,0,0,0,0,0
M,302.6,311.1,1520,43.0,88,0,0,0,0,0,0,1,8.5,6.844,Low(51-100),0,0,0,0,0,0
L,302.6,311.0,1537,35.5,91,0,0,0,0,0,0,0,8.4,5.7135,Low(51-100),0,0,0,0,0,0
L,302.6,311.0,1369,60.0,93,1,0,1,0,0,0,0,8.4,8.601,Low(51-100),0,1,1,1,0,1
L,302.6,311.0,1506,37.2,95,0,0,0,0,0,0,0,8.4,5.8663,Low(51-100),0,0,0,0,0,0
L,302.5,310.9,1330,56.9,97,1,0,1,0,0,0,0,8.4,7.9243,Low(51-100),0,1,1,1,0,1
L,302.6,311.0,1660,38.0,99,0,0,0,0,0,0,0,8.4,6.6052,Low(51-100),0,0,0,0,0,0
H,302.5,310.9,1356,55.5,101,1,0,1,0,0,0,2,8.4,7.8804,Medium(101-150),0,1,1,1,0,1
H,302.6,311.0,1438,51.0,106,0,0,0,0,0,0,2,8.4,7.6794,Medium(101-150),0,1,0,0,0,0
M,302.6,311.0,1329,48.6,111,1,0,1,0,0,0,1,8.4,6.7633,Medium(101-150),0,1,1,1,0,1
L,302.6,311.0,1284,68.0,114,1,0,1,1,0,0,0,8.4,9.1426,Medium(101-150),0,1,1,1,0,2
M,302.5,311.0,1387,52.1,116,0,0,0,0,0,0,1,8.5,7.5668,Medium(101-150),0,1,1,1,0,0
M,302.6,311.0,1591,33.9,119,0,0,0,0,0,0,1,8.4,5.6476,Medium(101-150),0,0,0,0,0,0
M,302.6,311.0,1589,39.0,122,0,0,0,0,0,0,1,8.4,6.4891,Medium(101-150),0,0,0,0,0,0
M,302.7,311.1,1297,60.7,125,1,0,1,0,0,0,1,8.4,8.2438,Medium(101-150),0,1,1,1,0,1
L,302.7,311.2,1545,35.1,128,0,0,0,0,0,0,0,8.5,5.6785,Medium(101-150),0,0,0,0,0,0
H,302.7,311.1,1418,43.4,130,0,0,0,0,0,0,2,8.4,6.4441,Medium(101-150),0,0,1,0,0,0
L,302.7,311.1,1730,28.1,135,0,0,0,0,0,0,0,8.4,5.0904,Medium(101-150),0,0,0,0,0,0
L,302.6,311.0,2001,20.7,137,0,0,0,0,0,0,0,8.4,4.3372,Medium(101-150),0,0,0,0,0,0
L,302.6,311.0,1620,36.2,139,0,0,0,0,0,0,0,8.4,6.1407,Medium(101-150),0,0,0,0,0,0
M,302.6,311.0,1542,39.7,141,0,0,0,0,0,0,1,8.4,6.4102,Medium(101-150),0,0,0,0,0,0
L,302.6,311.0,1424,38.0,144,0,0,0,0,0,0,0,8.4,5.6662,Medium(101-150),0,0,0,0,0,0
L,302.7,311.1,1440,39.5,146,0,0,0,0,0,0,0,8.4,5.956,Medium(101-150),0,0,0,0,0,0
L,302.6,311.0,1520,42.8,148,0,0,0,0,0,0,0,8.4,6.8121,Medium(101-150),0,0,0,0,0,0
L,302.7,311.0,1694,29.8,150,0,0,0,0,0,0,0,8.3,5.286,Medium(101-150),0,0,0,0,0,0
L,302.6,311.0,1610,39.2,152,0,0,0,0,0,0,0,8.4,6.6086,High(151-200),0,0,0,0,0,0
L,302.6,310.9,1331,52.0,154,1,0,1,0,0,0,0,8.3,7.2473,High(151-200),0,1,1,1,0,1
L,302.6,310.8,1470,41.2,156,0,0,0,0,0,0,0,8.2,6.3418,High(151-200),0,0,0,0,0,0
L,302.5,310.8,1577,36.9,158,0,0,0,0,0,0,0,8.3,6.0933,High(151-200),0,0,0,0,0,0
L,302.6,310.8,1486,36.4,160,0,0,0,0,0,0,0,8.2,5.6639,High(151-200),0,0,0,0,0,0
L,302.4,310.6,1445,40.3,162,0,0,0,0,0,0,0,8.2,6.0977,High(151-200),0,0,0,0,0,0
M,302.4,310.5,1500,36.7,164,0,0,0,0,0,0,1,8.1,5.7644,High(151-200),0,0,0,0,0,0
M,302.2,310.4,1456,47.5,167,0,0,0,0,0,0,1,8.2,7.2419,High(151-200),0,1,0,0,0,0
L,302.2,310.4,1743,28.1,170,0,0,0,0,0,0,0,8.2,5.1286,High(151-200),0,0,0,0,0,0
L,302.0,310.1,1409,50.4,172,0,0,0,0,0,0,0,8.1,7.436,High(151-200),0,1,1,1,0,0
L,302.0,310.1,1361,45.4,174,1,0,1,0,0,0,0,8.1,6.4701,High(151-200),0,0,1,0,0,1
L,302.1,310.1,1753,28.9,176,0,0,0,0,0,0,0,8.0,5.3049,High(151-200),0,0,0,0,0,0
L,302.0,310.0,1832,22.9,178,0,0,0,0,0,0,0,8.0,4.393,High(151-200),0,0,0,0,0,0
L,301.9,309.9,1374,48.5,180,1,0,1,0,0,0,0,8.0,6.9779,High(151-200),0,1,1,1,0,1
M,301.8,309.9,1334,61.0,182,1,0,1,0,0,0,1,8.1,8.5208,High(151-200),0,1,1,1,0,1
L,301.8,310.0,1493,40.3,185,0,0,0,0,0,0,0,8.2,6.3003,High(151-200),0,0,0,0,0,0
L,301.7,309.9,1317,49.0,187,1,0,1,0,0,0,0,8.2,6.7574,High(151-200),0,1,1,1,0,1
M,301.7,309.9,1434,47.9,189,0,0,0,0,0,0,1,8.2,7.1925,High(151-200),0,1,0,0,0,0
M,301.7,309.9,1457,39.2,192,0,0,0,0,0,0,1,8.2,5.9806,High(151-200),0,0,0,0,0,0
M,301.7,310.0,1391,50.6,195,0,0,0,0,0,0,1,8.3,7.3701,High(151-200),0,1,1,1,0,0
M,301.8,310.0,1781,23.9,198,0,0,0,0,0,0,1,8.2,4.4572,High(151-200),0,0,0,0,0,0
L,301.8,310.0,1642,32.6,201,0,0,0,0,0,0,0,8.2,5.6052,Critical(>200),1,0,0,0,0,0
L,301.8,310.0,2032,19.0,203,0,0,0,0,0,0,0,8.2,4.0427,Critical(>200),1,0,0,0,0,0
M,301.8,310.1,2372,13.9,205,1,0,0,1,0,0,1,8.3,3.4524,Critical(>200),1,0,0,0,0,1
L,301.8,310.0,1393,44.9,208,0,0,0,0,0,0,0,8.2,6.5493,Critical(>200),1,0,1,0,0,0
M,301.7,310.1,1743,27.3,210,0,0,0,0,0,0,1,8.4,4.9826,Critical(>200),1,0,0,0,0,0
L,301.8,310.2,1457,40.4,213,0,0,0,0,0,0,0,8.4,6.1636,Critical(>200),1,0,0,0,0,0
L,301.8,310.2,2825,5.8,215,1,0,0,1,0,0,0,8.4,1.7157,Critical(>200),1,0,0,0,0,1
M,301.8,310.2,1609,34.2,217,0,0,0,0,0,0,1,8.4,5.7621,Critical(>200),1,0,0,0,0,0
M,301.8,310.2,1437,42.3,0,0,0,0,0,0,0,1,8.4,6.3649,Fresh(0-50),0,0,0,0,0,0
L,301.7,310.1,1402,50.1,3,0,0,0,0,0,0,0,8.4,7.355,Fresh(0-50),0,1,1,1,0,0
M,301.7,310.1,1644,34.6,5,0,0,0,0,0,0,1,8.4,5.9563,Fresh(0-50),0,0,0,0,0,0
L,301.7,310.2,1471,51.1,8,0,0,0,0,0,0,0,8.5,7.871,Fresh(0-50),0,1,0,0,0,0
L,301.7,310.1,2695,12.6,10,0,0,0,0,0,0,0,8.4,3.5557,Fresh(0-50),0,0,0,0,0,0
L,301.7,310.2,1435,48.1,12,0,0,0,0,0,0,0,8.5,7.2276,Fresh(0-50),0,1,0,0,0,0
L,301.6,310.1,1694,26.3,14,0,0,0,0,0,0,0,8.5,4.6652,Fresh(0-50),0,0,0,0,0,0
L,301.6,310.1,1687,26.6,16,0,0,0,0,0,0,0,8.5,4.6989,Fresh(0-50),0,0,0,0,0,0
L,301.6,310.0,1869,22.9,18,0,0,0,0,0,0,0,8.4,4.4817,Fresh(0-50),0,0,0,0,0,0
L,301.4,309.9,1259,63.9,20,1,0,1,0,0,0,0,8.5,8.4241,Fresh(0-50),0,1,1,1,0,1
H,301.4,309.9,1460,47.2,22,0,0,0,0,0,0,2,8.5,7.2159,Fresh(0-50),0,1,0,0,0,0
M,301.3,309.9,1501,39.5,27,0,0,0,0,0,0,1,8.6,6.2083,Fresh(0-50),0,0,0,0,0,0
L,301.4,310.0,1776,25.6,30,0,0,0,0,0,0,0,8.6,4.7608,Fresh(0-50),0,0,0,0,0,0
M,301.5,310.1,1468,40.8,32,0,0,0,0,0,0,1,8.6,6.2717,Fresh(0-50),0,0,0,0,0,0
L,301.5,310.1,1430,46.5,35,0,0,0,0,0,0,0,8.6,6.9628,Fresh(0-50),0,0,0,0,0,0
L,301.4,310.1,1502,46.6,37,0,0,0,0,0,0,0,8.7,7.3291,Fresh(0-50),0,0,0,0,0,0
H,301.4,310.1,1623,32.3,39,0,0,0,0,0,0,2,8.7,5.4893,Fresh(0-50),0,0,0,0,0,0
M,301.4,310.0,1651,29.8,44,0,0,0,0,0,0,1,8.6,5.1518,Fresh(0-50),0,0,0,0,0,0
L,301.5,310.1,1639,33.4,47,0,0,0,0,0,0,0,8.6,5.7322,Fresh(0-50),0,0,0,0,0,0
M,301.5,310.0,1417,44.6,49,0,0,0,0,0,0,1,8.5,6.6176,Fresh(0-50),0,0,1,0,0,0
L,301.5,310.1,1541,42.2,52,0,0,0,0,0,0,0,8.6,6.8094,Low(51-100),0,0,0,0,0,0
M,301.6,310.2,1411,45.1,54,0,0,0,0,0,0,1,8.6,6.6635,Low(51-100),0,0,1,0,0,0
L,301.7,310.3,1397,44.6,57,0,0,0,0,0,0,0,8.6,6.5242,Low(51-100),0,0,1,0,0,0
L,301.7,310.2,1686,28.9,59,0,0,0,0,0,0,0,8.5,5.1021,Low(51-100),0,0,0,0,0,0
M,301.7,310.1,1431,44.0,61,0,0,0,0,0,0,1,8.4,6.5931,Low(51-100),0,0,0,0,0,0
L,301.8,310.3,1341,50.5,64,1,0,1,0,0,0,0,8.5,7.0912,Low(51-100),0,1,1,1,0,1
L,301.7,310.2,1486,43.0,66,0,0,0,0,0,0,0,8.5,6.6909,Low(51-100),0,0,0,0,0,0
L,301.6,310.2,1384,57.1,68,0,0,0,0,0,0,0,8.6,8.275,Low(51-100),0,1,1,1,0,0
L,301.6,310.1,1362,55.8,70,1,0,1,0,0,0,0,8.5,7.9581,Low(51-100),0,1,1,1,0,1
H,301.7,310.1,1660,29.3,72,0,0,0,0,0,0,2,8.4,5.093,Low(51-100),0,0,0,0,0,0
L,301.6,310.1,1326,48.2,77,1,0,1,0,0,0,0,8.5,6.6925,Low(51-100),0,1,1,1,0,1
L,301.6,310.0,1566,30.3,79,0,0,0,0,0,0,0,8.4,4.9686,Low(51-100),0,0,0,0,0,0
L,301.5,309.8,1549,38.5,81,0,0,0,0,0,0,0,8.3,6.2447,Low(51-100),0,0,0,0,0,0
M,301.6,309.9,1746,31.1,83,0,0,0,0,0,0,1,8.3,5.6859,Low(51-100),0,0,0,0,0,0
M,301.7,309.9,1452,41.5,86,0,0,0,0,0,0,1,8.2,6.3097,Low(51-100),0,0,0,0,0,0
L,301.6,309.8,1588,33.9,89,0,0,0,0,0,0,0,8.2,5.637,Low(51-100),0,0,0,0,0,0
L,301.6,309.8,1472,42.5,91,0,0,0,0,0,0,0,8.2,6.5508,Low(51-100),0,0,0,0,0,0
L,301.7,309.9,1607,37.7,93,0,0,0,0,0,0,0,8.2,6.3439,Low(51-100),0,0,0,0,0,0
H,301.6,309.9,1423,53.6,95,0,0,0,0,0,0,2,8.3,7.9867,Low(51-100),0,1,0,0,0,0
L,301.6,309.9,1440,43.4,100,0,0,0,0,0,0,0,8.3,6.5441,Low(51-100),0,0,0,0,0,0
L,301.6,309.9,1397,43.7,102,0,0,0,0,0,0,0,8.3,6.3926,Medium(101-150),0,0,1,0,0,0
L,301.7,309.9,1524,46.6,104,0,0,0,0,0,0,0,8.2,7.4365,Medium(101-150),0,0,0,0,0,0
M,301.7,309.9,1533,40.9,106,0,0,0,0,0,0,1,8.2,6.5654,Medium(101-150),0,0,0,0,0,0
L,301.7,309.8,1398,46.0,109,0,0,0,0,0,0,0,8.1,6.7338,Medium(101-150),0,0,1,0,0,0
M,301.7,309.8,1284,68.2,111,1,0,1,1,0,0,1,8.1,9.1695,Medium(101-150),0,1,1,1,0,2
L,301.7,309.8,1491,39.3,114,0,0,0,0,0,0,0,8.1,6.1357,Medium(101-150),0,0,0,0,0,0
H,301.8,309.9,1418,51.3,116,0,0,0,0,0,0,2,8.1,7.6171,Medium(101-150),0,1,1,1,0,0
M,301.8,309.8,1546,39.8,121,0,0,0,0,0,0,1,8.0,6.443,Medium(101-150),0,0,0,0,0,0
L,301.8,309.7,1598,30.4,124,0,0,0,0,0,0,0,7.9,5.0868,Medium(101-150),0,0,0,0,0,0
H,301.9,309.8,1724,27.5,126,0,0,0,0,0,0,2,7.9,4.9644,Medium(101-150),0,0,0,0,0,0
L,301.9,309.8,1507,44.7,131,0,0,0,0,0,0,0,7.9,7.0537,Medium(101-150),0,0,0,0,0,0
L,301.9,309.7,1595,31.4,133,0,0,0,0,0,0,0,7.8,5.2443,Medium(101-150),0,0,0,0,0,0
M,301.9,309.7,1568,37.5,135,0,0,0,0,0,0,1,7.8,6.1571,Medium(101-150),0,0,0,0,0,0
L,301.8,309.6,1432,43.7,138,0,0,0,0,0,0,0,7.8,6.5527,Medium(101-150),0,0,0,0,0,0
L,301.9,309.7,1424,42.8,140,0,0,0,0,0,0,0,7.8,6.3819,Medium(101-150),0,0,0,0,0,0
M,302.0,309.7,1386,62.7,142,1,0,0,1,0,0,1,7.7,9.0997,Medium(101-150),0,1,1,1,0,1
L,302.0,309.8,1456,58.1,145,0,0,0,0,0,0,0,7.8,8.858,Medium(101-150),0,1,0,0,0,0
H,302.0,309.8,1280,57.3,147,1,0,1,0,0,0,2,7.8,7.68,Medium(101-150),0,1,1,1,0,1
L,302.0,309.8,1649,31.0,152,0,0,0,0,0,0,0,7.8,5.3528,High(151-200),0,0,0,0,0,0
L,302.0,309.9,1407,52.8,154,0,0,0,0,0,0,0,7.9,7.779,High(151-200),0,1,1,1,0,0
H,302.0,309.9,1606,34.5,156,0,0,0,0,0,0,2,7.9,5.8018,High(151-200),0,0,0,0,0,0
M,302.1,310.0,1531,38.0,161,0,0,0,0,0,0,1,7.9,6.0919,High(151-200),0,0,0,0,0,0
L,302.1,310.1,1543,35.8,164,0,0,0,0,0,0,0,8.0,5.7842,High(151-200),0,0,0,0,0,0
M,302.1,310.1,1379,48.2,166,1,0,1,0,0,0,1,8.0,6.96,High(151-200),0,1,1,1,0,1
L,302.1,310.1,1447,46.6,169,0,0,0,0,0,0,0,8.0,7.0608,High(151-200),0,0,0,0,0,0
H,302.1,310.1,1844,24.6,171,0,0,0,0,0,0,2,8.0,4.75,High(151-200),0,0,0,0,0,0
H,302.1,310.1,1615,29.9,176,0,0,0,0,0,0,2,8.0,5.0564,High(151-200),0,0,0,0,0,0
L,302.0,310.0,1449,48.8,181,0,0,0,0,0,0,0,8.0,7.4043,High(151-200),0,1,0,0,0,0
L,302.0,309.9,1388,51.4,183,0,0,0,0,0,0,0,7.9,7.4705,High(151-200),0,1,1,1,0,0
H,302.0,309.9,1447,42.8,185,0,0,0,0,0,0,2,7.9,6.485,High(151-200),0,0,0,0,0,0
L,302.0,310.0,1664,28.6,190,0,0,0,0,0,0,0,8.0,4.9833,High(151-200),0,0,0,0,0,0
H,302.0,309.9,1735,27.2,192,0,0,0,0,0,0,2,7.9,4.9416,High(151-200),0,0,0,0,0,0
L,302.0,309.9,1308,57.6,197,1,0,1,0,1,0,0,7.9,7.8891,High(151-200),0,1,1,1,0,2
L,302.0,309.8,1480,40.0,199,0,0,0,0,0,0,0,7.8,6.199,High(151-200),0,0,0,0,0,0
M,301.9,309.6,1439,41.7,201,0,0,0,0,0,0,1,7.7,6.2834,Critical(>200),1,0,0,0,0,0
M,301.9,309.7,1533,35.9,204,0,0,0,0,0,0,1,7.8,5.7628,Critical(>200),1,0,0,0,0,0
L,302.0,309.7,1551,34.8,207,0,0,0,0,0,0,0,7.7,5.6518,Critical(>200),1,0,0,0,0,0
L,302.0,309.7,1414,36.3,209,0,0,0,0,0,0,0,7.7,5.3747,Critical(>200),1,0,1,0,0,0
M,301.9,309.6,1551,34.6,211,0,0,0,0,0,0,1,7.7,5.6193,Critical(>200),1,0,0,0,0,0
M,301.8,309.6,1436,49.0,214,0,0,0,0,0,0,1,7.8,7.368,Critical(>200),1,1,0,0,0,0
M,301.9,309.6,1385,45.8,217,0,0,0,0,0,0,1,7.7,6.6422,Critical(>200),1,0,1,0,0,0
M,301.8,309.5,1732,30.1,220,0,0,0,0,0,0,1,7.7,5.459,Critical(>200),1,0,0,0,0,0
L,301.9,309.6,1410,49.0,223,0,0,0,0,0,0,0,7.7,7.2346,Critical(>200),1,1,1,1,0,0
L,301.9,309.6,1446,43.2,225,0,0,0,0,0,0,0,7.7,6.5411,Critical(>200),1,0,0,0,0,0
L,301.8,309.5,1525,39.6,227,0,0,0,0,0,0,0,7.7,6.3236,Critical(>200),1,0,0,0,0,0
L,301.7,309.5,1298,65.5,229,1,0,1,0,1,0,0,7.8,8.9025,Critical(>200),1,1,1,1,0,2
L,301.8,309.6,1443,42.7,231,0,0,0,0,0,0,0,7.8,6.4519,Critical(>200),1,0,0,0,0,0
L,301.8,309.7,1442,45.3,233,1,1,0,0,0,0,0,7.9,6.8401,Critical(>200),1,0,0,0,0,1
L,301.9,309.7,1719,31.9,0,0,0,0,0,0,0,0,7.8,5.742,Fresh(0-50),0,0,0,0,0,0
L,302.0,309.8,1532,39.4,2,0,0,0,0,0,0,0,7.8,6.3205,Fresh(0-50),0,0,0,0,0,0
L,302.0,309.8,1701,27.2,4,0,0,0,0,0,0,0,7.8,4.8447,Fresh(0-50),0,0,0,0,0,0
M,302.1,310.0,1355,45.1,6,1,0,1,0,0,0,1,7.9,6.399,Fresh(0-50),0,0,1,0,0,1
M,302.2,310.1,1421,45.4,9,0,0,0,0,0,0,1,7.9,6.7553,Fresh(0-50),0,0,1,0,0,0
M,302.2,310.1,1368,51.6,12,1,0,1,0,0,0,1,7.9,7.3915,Fresh(0-50),0,1,1,1,0,1
L,302.2,310.1,1458,45.1,15,0,0,0,0,0,0,0,7.9,6.8854,Fresh(0-50),0,0,0,0,0,0
M,302.2,310.1,1572,34.6,17,0,0,0,0,0,0,1,7.9,5.6954,Fresh(0-50),0,0,0,0,0,0
L,302.2,310.0,1483,48.7,20,0,0,0,0,0,0,0,7.8,7.5625,Fresh(0-50),0,1,0,0,0,0
L,302.3,310.1,1513,40.4,22,0,0,0,0,0,0,0,7.8,6.4005,Fresh(0-50),0,0,0,0,0,0
H,302.3,310.1,1383,42.9,24,0,0,0,0,0,0,2,7.8,6.2126,Fresh(0-50),0,0,1,0,0,0
L,302.4,310.2,1539,37.7,29,0,0,0,0,0,0,0,7.8,6.0754,Fresh(0-50),0,0,0,0,0,0
M,302.3,310.1,1563,37.8,31,0,0,0,0,0,0,1,7.8,6.1865,Fresh(0-50),0,0,0,0,0,0
L,302.3,310.1,1653,29.7,34,0,0,0,0,0,0,0,7.8,5.1407,Fresh(0-50),0,0,0,0,0,0
L,302.3,310.1,1353,50.9,36,1,0,1,0,0,0,0,7.8,7.2113,Fresh(0-50),0,1,1,1,0,1
H,302.2,310.0,1468,43.6,38,0,0,0,0,0,0,2,7.8,6.7021,Fresh(0-50),0,0,0,0,0,0
H,302.3,310.2,1506,33.8,43,0,0,0,0,0,0,2,7.9,5.3301,Fresh(0-50),0,0,0,0,0,0
L,302.3,310.1,1388,49.9,48,0,0,0,0,0,0,0,7.8,7.2525,Fresh(0-50),0,1,1,1,0,0
M,302.4,310.2,1485,45.9,50,0,0,0,0,0,0,1,7.8,7.1373,Fresh(0-50),0,0,0,0,0,0
L,302.4,310.2,1331,45.5,53,1,0,1,0,0,0,0,7.8,6.3414,Low(51-100),0,0,1,0,0,1
L,302.5,310.3,1326,58.5,55,1,0,1,0,0,0,0,7.8,8.1226,Low(51-100),0,1,1,1,0,1
L,302.3,310.2,1394,55.4,57,0,0,0,0,0,0,0,7.9,8.0867,Low(51-100),0,1,1,1,0,0
L,302.4,310.1,2009,18.9,59,0,0,0,0,0,0,0,7.7,3.9759,Low(51-100),0,0,0,0,0,0
M,302.4,310.1,1358,54.6,61,1,0,1,0,0,0,1,7.7,7.7641,Low(51-100),0,1,1,1,0,1
L,302.5,310.2,1586,32.2,64,0,0,0,0,0,0,0,7.7,5.3476,Low(51-100),0,0,0,0,0,0
L,302.5,310.3,1688,31.6,66,0,0,0,0,0,0,0,7.8,5.5854,Low(51-100),0,0,0,0,0,0
L,302.6,310.5,1450,43.2,68,0,0,0,0,0,0,0,7.9,6.5592,Low(51-100),0,0,0,0,0,0
M,302.7,310.5,1398,47.3,70,0,0,0,0,0,0,1,7.8,6.9241,Low(51-100),0,1,1,1,0,0
L,302.7,310.5,1520,39.3,73,0,0,0,0,0,0,0,7.8,6.2551,Low(51-100),0,0,0,0,0,0
L,302.6,310.4,1514,42.7,75,0,0,0,0,0,0,0,7.8,6.7694,Low(51-100),0,0,0,0,0,0
M,302.6,310.4,1532,36.1,77,0,0,0,0,0,0,1,7.8,5.7911,Low(51-100),0,0,0,0,0,0
L,302.6,310.4,1365,66.8,80,1,0,1,1,0,0,0,7.8,9.5479,Low(51-100),0,1,1,1,0,2
L,302.6,310.3,1642,33.2,82,0,0,0,0,0,0,0,7.7,5.7083,Low(51-100),0,0,0,0,0,0
M,302.6,310.2,2676,10.8,84,1,0,0,1,0,0,1,7.6,3.0263,Low(51-100),0,0,0,0,0,1
H,302.6,310.2,1873,21.3,87,0,0,0,0,0,0,2,7.6,4.1775,Low(51-100),0,0,0,0,0,0
L,302.6,310.2,1325,62.4,92,1,0,1,0,0,0,0,7.6,8.6576,Low(51-100),0,1,1,1,0,1
M,302.6,310.2,2157,17.2,94,0,0,0,0,0,0,1,7.6,3.8849,Low(51-100),0,0,0,0,0,0
M,302.6,310.2,1563,39.0,97,0,0,0,0,0,0,1,7.6,6.3829,Low(51-100),0,0,0,0,0,0
M,302.6,310.2,1631,31.0,100,0,0,0,0,0,0,1,7.6,5.2943,Low(51-100),0,0,0,0,0,0
L,302.5,310.2,1547,36.9,103,0,0,0,0,0,0,0,7.7,5.9774,Medium(101-150),0,0,0,0,0,0
L,302.6,310.3,1479,40.4,105,0,0,0,0,0,0,0,7.7,6.2567,Medium(101-150),0,0,0,0,0,0
M,302.4,310.1,1379,48.9,107,1,0,1,0,0,0,1,7.7,7.0611,Medium(101-150),0,1,1,1,0,1
L,302.4,310.1,1906,21.2,110,0,0,0,0,0,0,0,7.7,4.2311,Medium(101-150),0,0,0,0,0,0
M,302.3,310.1,1731,33.4,112,0,0,0,0,0,0,1,7.8,6.054,Medium(101-150),0,0,0,0,0,0
H,302.3,310.1,1688,30.4,115,0,0,0,0,0,0,2,7.8,5.3733,Medium(101-150),0,0,0,0,0,0
H,302.3,310.2,1443,54.6,120,0,0,0,0,0,0,2,7.9,8.25,Medium(101-150),0,1,0,0,0,0
L,302.4,310.2,1445,46.4,125,0,0,0,0,0,0,0,7.8,7.0207,Medium(101-150),0,0,0,0,0,0
H,302.4,310.2,1435,44.9,127,0,0,0,0,0,0,2,7.8,6.7468,Medium(101-150),0,0,0,0,0,0
L,302.4,310.1,1556,32.9,132,0,0,0,0,0,0,0,7.7,5.3605,Medium(101-150),0,0,0,0,0,0
L,302.3,310.1,1321,52.7,134,1,0,1,0,0,0,0,7.8,7.2897,Medium(101-150),0,1,1,1,0,1
M,302.4,310.1,1577,35.8,136,0,0,0,0,0,0,1,7.7,5.9117,Medium(101-150),0,0,0,0,0,0
L,302.4,310.2,1578,31.2,139,0,0,0,0,0,0,0,7.8,5.1554,Medium(101-150),0,0,0,0,0,0
L,302.4,310.1,1418,52.3,141,0,0,0,0,0,0,0,7.7,7.7656,Medium(101-150),0,1,1,1,0,0
M,302.4,310.2,1392,55.8,143,0,0,0,0,0,0,1,7.8,8.1334,Medium(101-150),0,1,1,1,0,0
L,302.5,310.3,1446,44.0,146,0,0,0,0,0,0,0,7.8,6.6622,Medium(101-150),0,0,0,0,0,0
L,302.5,310.2,1329,50.6,148,1,0,1,0,0,0,0,7.7,7.0416,Medium(101-150),0,1,1,1,0,1
L,302.5,310.2,1563,34.8,150,0,0,0,0,0,0,0,7.7,5.6955,Medium(101-150),0,0,0,0,0,0
L,302.5,310.3,1405,57.4,152,0,0,0,0,0,0,0,7.8,8.4447,High(151-200),0,1,1,1,0,0
L,302.4,310.2,2224,16.0,154,0,0,0,0,0,0,0,7.8,3.7261,High(151-200),0,0,0,0,0,0
L,302.5,310.2,1716,29.9,156,0,0,0,0,0,0,0,7.7,5.3726,High(151-200),0,0,0,0,0,0
L,302.5,310.3,1584,35.5,158,0,0,0,0,0,0,0,7.8,5.8882,High(151-200),0,0,0,0,0,0
M,302.5,310.3,1488,41.8,160,0,0,0,0,0,0,1,7.8,6.5129,High(151-200),0,0,0,0,0,0
L,302.4,310.3,1374,51.2,163,1,0,1,0,0,0,0,7.9,7.3664,High(151-200),0,1,1,1,0,1
M,302.4,310.3,1378,54.3,165,1,0,1,0,0,0,1,7.9,7.8351,High(151-200),0,1,1,1,0,1
L,302.5,310.3,1551,37.3,168,0,0,0,0,0,0,0,7.8,6.0578,High(151-200),0,0,0,0,0,0
L,302.5,310.3,1549,40.9,170,0,0,0,0,0,0,0,7.8,6.6339,High(151-200),0,0,0,0,0,0
M,302.5,310.3,1447,39.2,172,0,0,0,0,0,0,1,7.8,5.9395,High(151-200),0,0,0,0,0,0
L,302.4,310.2,1400,53.7,175,0,0,0,0,0,0,0,7.8,7.8723,High(151-200),0,1,1,1,0,0
L,302.4,310.1,1401,48.8,177,0,0,0,0,0,0,0,7.7,7.159,High(151-200),0,1,1,1,0,0
H,302.4,310.1,1597,28.9,179,0,0,0,0,0,0,2,7.7,4.8328,High(151-200),0,0,0,0,0,0
L,302.3,310.1,1487,46.0,184,0,0,0,0,0,0,0,7.8,7.1625,High(151-200),0,0,0,0,0,0
M,302.5,310.3,1710,27.3,186,0,0,0,0,0,0,1,7.8,4.8883,High(151-200),0,0,0,0,0,0
L,302.6,310.4,1478,47.7,189,0,0,0,0,0,0,0,7.8,7.3823,High(151-200),0,1,0,0,0,0
L,302.6,310.4,1743,26.3,191,0,0,0,0,0,0,0,7.8,4.8001,High(151-200),0,0,0,0,0,0
L,302.6,310.5,1596,32.8,193,0,0,0,0,0,0,0,7.9,5.4815,High(151-200),0,0,0,0,0,0
L,302.7,310.5,1642,30.8,195,0,0,0,0,0,0,0,7.8,5.2957,High(151-200),0,0,0,0,0,0
L,302.7,310.5,1263,67.8,197,1,0,1,0,1,0,0,7.8,8.9666,High(151-200),0,1,1,1,0,2
L,302.8,310.6,2016,19.9,199,0,0,0,0,0,0,0,7.8,4.2009,High(151-200),0,0,0,0,0,0
L,302.8,310.6,1671,30.5,201,0,0,0,0,0,0,0,7.8,5.3367,Critical(>200),1,0,0,0,0,0
L,302.8,310.6,1404,43.2,203,0,0,0,0,0,0,0,7.8,6.3511,Critical(>200),1,0,1,0,0,0
L,302.8,310.6,1470,41.1,205,0,0,0,0,0,0,0,7.8,6.3264,Critical(>200),1,0,0,0,0,0
L,302.8,310.6,1617,37.9,207,0,0,0,0,0,0,0,7.8,6.4172,Critical(>200),1,0,0,0,0,0
L,302.7,310.5,1725,29.0,209,0,0,0,0,0,0,0,7.8,5.2382,Critical(>200),1,0,0,0,0,0
L,302.7,310.5,1446,40.9,211,1,1,0,0,0,0,0,7.8,6.1928,Critical(>200),1,0,0,0,0,1
L,302.7,310.6,1564,34.3,0,0,0,0,0,0,0,0,7.9,5.6173,Fresh(0-50),0,0,0,0,0,0
L,302.8,310.6,1670,29.1,2,0,0,0,0,0,0,0,7.8,5.0887,Fresh(0-50),0,0,0,0,0,0
L,302.7,310.6,1501,48.7,4,0,0,0,0,0,0,0,7.9,7.6543,Fresh(0-50),0,1,0,0,0,0
L,302.7,310.5,1551,35.9,6,0,0,0,0,0,0,0,7.8,5.8305,Fresh(0-50),0,0,0,0,0,0
L,302.7,310.5,1563,35.0,8,0,0,0,0,0,0,0,7.8,5.7283,Fresh(0-50),0,0,0,0,0,0
L,302.7,310.5,1351,41.8,10,1,0,1,0,0,0,0,7.8,5.9133,Fresh(0-50),0,0,1,0,0,1
L,302.6,310.4,1415,52.1,12,0,0,0,0,0,0,0,7.8,7.7195,Fresh(0-50),0,1,1,1,0,0
L,302.6,310.3,1647,34.2,14,0,0,0,0,0,0,0,7.7,5.8982,Fresh(0-50),0,0,0,0,0,0
L,302.5,310.2,1477,41.6,16,0,0,0,0,0,0,0,7.7,6.4338,Fresh(0-50),0,0,0,0,0,0
L,302.6,310.2,1923,21.5,18,0,0,0,0,0,0,0,7.6,4.3293,Fresh(0-50),0,0,0,0,0,0
H,302.7,310.4,1305,55.2,20,1,0,1,0,0,0,2,7.7,7.543,Fresh(0-50),0,1,1,1,0,1
M,302.6,310.4,1544,35.1,25,0,0,0,0,0,0,1,7.8,5.6748,Fresh(0-50),0,0,0,0,0,0
H,302.7,310.5,1568,36.9,28,0,0,0,0,0,0,2,7.8,6.0586,Fresh(0-50),0,0,0,0,0,0
L,302.7,310.4,1489,42.7,33,0,0,0,0,0,0,0,7.7,6.6576,Fresh(0-50),0,0,0,0,0,0
M,302.6,310.4,1451,43.1,35,0,0,0,0,0,0,1,7.8,6.5485,Fresh(0-50),0,0,0,0,0,0
L,302.7,310.4,1542,35.7,38,0,0,0,0,0,0,0,7.7,5.7643,Fresh(0-50),0,0,0,0,0,0
M,302.6,310.5,1965,20.2,40,0,0,0,0,0,0,1,7.9,4.1563,Fresh(0-50),0,0,0,0,0,0
L,302.5,310.5,1436,36.5,43,0,0,0,0,0,0,0,8.0,5.4884,Fresh(0-50),0,0,0,0,0,0
M,302.5,310.4,1509,37.6,45,0,0,0,0,0,0,1,7.9,5.9412,Fresh(0-50),0,0,0,0,0,0
L,302.5,310.4,1487,40.2,48,0,0,0,0,0,0,0,7.9,6.2594,Fresh(0-50),0,0,0,0,0,0
L,302.5,310.4,1967,20.3,50,0,0,0,0,0,0,0,7.9,4.1812,Fresh(0-50),0,0,0,0,0,0
H,302.6,310.4,1409,53.3,52,0,0,0,0,0,0,2,7.8,7.8638,Low(51-100),0,1,1,1,0,0
M,302.6,310.5,1420,56.4,57,0,0,0,0,0,0,1,7.9,8.3862,Low(51-100),0,1,1,1,0,0
L,302.7,310.5,1511,37.7,60,0,0,0,0,0,0,0,7.8,5.9649,Low(51-100),0,0,0,0,0,0
H,302.6,310.4,1649,30.1,62,0,0,0,0,0,0,2,7.8,5.1974,Low(51-100),0,0,0,0,0,0
L,302.6,310.4,1359,57.2,67,1,0,1,0,0,0,0,7.8,8.1398,Low(51-100),0,1,1,1,0,1
M,302.5,310.4,1605,36.0,69,0,0,0,0,0,0,1,7.9,6.0503,Low(51-100),0,0,0,0,0,0
L,302.5,310.3,1523,36.0,72,0,0,0,0,0,0,0,7.8,5.7412,Low(51-100),0,0,0,0,0,0
H,302.6,310.4,1614,36.0,74,0,0,0,0,0,0,2,7.8,6.0842,Low(51-100),0,0,0,0,0,0
H,302.6,310.3,1721,27.4,79,0,0,0,0,0,0,2,7.7,4.9377,Low(51-100),0,0,0,0,0,0
L,302.6,310.4,1638,36.2,84,0,0,0,0,0,0,0,7.8,6.209,Low(51-100),0,0,0,0,0,0
L,302.5,310.2,1307,54.0,86,1,0,1,0,0,0,0,7.7,7.3904,Low(51-100),0,1,1,1,0,1
L,302.4,310.2,1642,28.3,88,0,0,0,0,0,0,0,7.8,4.8658,Low(51-100),0,0,0,0,0,0
M,302.5,310.2,1751,30.5,90,0,0,0,0,0,0,1,7.7,5.5922,Low(51-100),0,0,0,0,0,0
L,302.4,310.1,1645,31.6,93,0,0,0,0,0,0,0,7.7,5.4431,Low(51-100),0,0,0,0,0,0
L,302.4,310.1,1426,46.8,95,0,0,0,0,0,0,0,7.7,6.9881,Low(51-100),0,0,0,0,0,0
M,302.4,310.1,1520,36.6,97,0,0,0,0,0,0,1,7.7,5.8253,Low(51-100),0,0,0,0,0,0
L,302.4,310.1,1709,31.8,100,0,0,0,0,0,0,0,7.7,5.6907,Low(51-100),0,0,0,0,0,0
L,302.4,310.0,1426,46.6,102,0,0,0,0,0,0,0,7.6,6.9583,Medium(101-150),0,0,0,0,0,0
L,302.4,310.1,1429,43.7,104,0,0,0,0,0,0,0,7.7,6.539,Medium(101-150),0,0,0,0,0,0
L,302.4,310.2,1346,62.4,106,1,0,1,0,0,0,0,7.8,8.7948,Medium(101-150),0,1,1,1,0,1
L,302.5,310.2,1454,43.0,108,0,0,0,0,0,0,0,7.7,6.5468,Medium(101-150),0,0,0,0,0,0
M,302.5,310.3,1411,49.5,110,0,0,0,0,0,0,1,7.8,7.3136,Medium(101-150),0,1,1,1,0,0
L,302.4,310.3,1900,24.4,113,0,0,0,0,0,0,0,7.9,4.8545,Medium(101-150),0,0,0,0,0,0
L,302.4,310.3,1479,36.2,115,0,0,0,0,0,0,0,7.9,5.6063,Medium(101-150),0,0,0,0,0,0
L,302.5,310.4,1415,48.2,117,0,0,0,0,0,0,0,7.9,7.1417,Medium(101-150),0,1,1,1,0,0
L,302.5,310.3,1539,39.0,119,0,0,0,0,0,0,0,7.8,6.2849,Medium(101-150),0,0,0,0,0,0
L,302.4,310.3,1520,31.6,121,0,0,0,0,0,0,0,7.9,5.0295,Medium(101-150),0,0,0,0,0,0
L,302.4,310.3,1480,45.8,123,0,0,0,0,0,0,0,7.9,7.0978,Medium(101-150),0,0,0,0,0,0
L,302.4,310.4,1666,29.7,125,0,0,0,0,0,0,0,8.0,5.1812,Medium(101-150),0,0,0,0,0,0
L,302.4,310.4,1456,47.6,127,0,0,0,0,0,0,0,8.0,7.2571,Medium(101-150),0,1,0,0,0,0
L,302.4,310.4,1865,23.9,129,0,0,0,0,0,0,0,8.0,4.6674,Medium(101-150),0,0,0,0,0,0
M,302.5,310.5,1918,21.6,131,0,0,0,0,0,0,1,8.0,4.3381,Medium(101-150),0,0,0,0,0,0
L,302.5,310.4,1488,48.4,134,0,0,0,0,0,0,0,7.9,7.5413,Medium(101-150),0,1,0,0,0,0
M,302.5,310.5,1527,38.8,136,0,0,0,0,0,0,1,8.0,6.2039,Medium(101-150),0,0,0,0,0,0
M,302.4,310.4,1463,42.2,139,0,0,0,0,0,0,1,8.0,6.4648,Medium(101-150),0,0,0,0,0,0
L,302.4,310.4,1521,38.5,142,0,0,0,0,0,0,0,8.0,6.1318,Medium(101-150),0,0,0,0,0,0
M,302.4,310.5,1372,45.7,144,1,0,1,0,0,0,1,8.1,6.5655,Medium(101-150),0,0,1,0,0,1
L,302.5,310.5,1507,39.5,147,0,0,0,0,0,0,0,8.0,6.2331,Medium(101-150),0,0,0,0,0,0
M,302.4,310.4,1586,34.3,149,0,0,0,0,0,0,1,8.0,5.6963,Medium(101-150),0,0,0,0,0,0
L,302.5,310.4,1487,42.0,152,0,0,0,0,0,0,0,7.9,6.5397,High(151-200),0,0,0,0,0,0
L,302.5,310.5,1520,41.2,154,0,0,0,0,0,0,0,8.0,6.5575,High(151-200),0,0,0,0,0,0
H,302.5,310.4,1422,41.9,156,0,0,0,0,0,0,2,7.9,6.2389,High(151-200),0,0,1,0,0,0
M,302.4,310.3,1375,52.5,161,1,0,1,0,0,0,1,7.9,7.5589,High(151-200),0,1,1,1,0,1
L,302.4,310.2,1633,28.0,164,0,0,0,0,0,0,0,7.8,4.7879,High(151-200),0,0,0,0,0,0
L,302.4,310.2,1503,36.2,166,0,0,0,0,0,0,0,7.8,5.6972,High(151-200),0,0,0,0,0,0
L,302.4,310.2,1351,45.1,168,1,0,1,0,0,0,0,7.8,6.3801,High(151-200),0,0,1,0,0,1
L,302.3,310.2,1548,35.3,170,0,0,0,0,0,0,0,7.9,5.7219,High(151-200),0,0,0,0,0,0
L,302.4,310.3,1923,23.3,172,0,0,0,0,0,0,0,7.9,4.6917,High(151-200),0,0,0,0,0,0
L,302.5,310.3,1592,32.6,174,0,0,0,0,0,0,0,7.8,5.4345,High(151-200),0,0,0,0,0,0
M,302.5,310.4,1580,35.6,176,0,0,0,0,0,0,1,7.9,5.8898,High(151-200),0,0,0,0,0,0
L,302.5,310.4,1427,46.8,179,0,0,0,0,0,0,0,7.9,6.993,High(151-200),0,0,0,0,0,0
M,302.5,310.4,1581,32.7,181,0,0,0,0,0,0,1,7.9,5.4135,High(151-200),0,0,0,0,0,0
M,302.6,310.5,1542,39.9,184,0,0,0,0,0,0,1,7.9,6.4425,High(151-200),0,0,0,0,0,0
L,302.5,310.4,1349,55.1,187,1,0,1,0,0,0,0,7.9,7.7832,High(151-200),0,1,1,1,0,1
L,302.5,310.5,1463,43.0,189,0,0,0,0,0,0,0,8.0,6.5873,High(151-200),0,0,0,0,0,0
M,302.5,310.4,1429,43.2,191,0,0,0,0,0,0,1,7.9,6.4642,High(151-200),0,0,0,0,0,0
M,302.5,310.4,1451,53.6,194,0,0,0,0,0,0,1,7.9,8.1438,High(151-200),0,1,0,0,0,0
L,302.6,310.5,1511,37.2,197,0,0,0,0,0,0,0,7.9,5.8858,High(151-200),0,0,0,0,0,0
L,302.6,310.6,1549,37.5,199,0,0,0,0,0,0,0,8.0,6.0825,High(151-200),0,0,0,0,0,0
M,302.5,310.5,1507,40.2,201,0,0,0,0,0,0,1,8.0,6.3436,Critical(>200),1,0,0,0,0,0
M,302.6,310.5,1524,33.7,204,0,0,0,0,0,0,1,7.9,5.3779,Critical(>200),1,0,0,0,0,0
M,302.7,310.5,1880,22.7,207,0,0,0,0,0,0,1,7.8,4.4687,Critical(>200),1,0,0,0,0,0
L,302.6,310.5,1461,45.4,0,0,0,0,0,0,0,0,7.9,6.9455,Fresh(0-50),0,0,0,0,0,0
L,302.6,310.5,1748,28.2,2,0,0,0,0,0,0,0,7.9,5.1616,Fresh(0-50),0,0,0,0,0,0
L,302.7,310.6,1690,26.7,4,0,0,0,0,0,0,0,7.9,4.7249,Fresh(0-50),0,0,0,0,0,0
M,302.7,310.6,1349,51.2,6,1,0,1,0,0,0,1,7.9,7.2323,Fresh(0-50),0,1,1,1,0,1
L,302.7,310.6,1686,26.3,9,0,0,0,0,0,0,0,7.9,4.6431,Fresh(0-50),0,0,0,0,0,0
L,302.7,310.7,1369,47.5,11,1,0,1,0,0,0,0,8.0,6.8092,Fresh(0-50),0,1,1,1,0,1
L,302.7,310.7,1433,43.7,13,0,0,0,0,0,0,0,8.0,6.5573,Fresh(0-50),0,0,0,0,0,0
L,302.7,310.7,1597,41.9,15,0,0,0,0,0,0,0,8.0,7.0067,Fresh(0-50),0,0,0,0,0,0
L,302.9,310.8,1610,32.2,17,0,0,0,0,0,0,0,7.9,5.4285,Fresh(0-50),0,0,0,0,0,0
L,302.7,310.7,1398,57.7,19,0,0,0,0,0,0,0,8.0,8.4466,Fresh(0-50),0,1,1,1,0,0
L,302.7,310.7,1977,20.0,21,0,0,0,0,0,0,0,8.0,4.1403,Fresh(0-50),0,0,0,0,0,0
L,302.8,310.8,1516,39.5,23,0,0,0,0,0,0,0,8.0,6.2704,Fresh(0-50),0,0,0,0,0,0
H,302.7,310.8,1275,55.0,25,1,0,1,0,0,0,2,8.1,7.3429,Fresh(0-50),0,1,1,1,0,1
L,302.8,310.8,1402,50.5,30,0,0,0,0,0,0,0,8.0,7.4137,Fresh(0-50),0,1,1,1,0,0
M,302.8,310.8,1451,44.7,32,0,0,0,0,0,0,1,8.0,6.7916,Fresh(0-50),0,0,0,0,0,0
M,302.7,310.8,1555,36.1,35,0,0,0,0,0,0,1,8.1,5.8781,Fresh(0-50),0,0,0,0,0,0
L,302.8,310.9,1636,35.0,38,0,0,0,0,0,0,0,8.1,5.9958,Fresh(0-50),0,0,0,0,0,0
L,302.8,310.9,1312,52.2,40,1,0,1,0,0,0,0,8.1,7.1714,Fresh(0-50),0,1,1,1,0,1
L,302.8,310.9,1708,29.8,42,0,0,0,0,0,0,0,8.1,5.3297,Fresh(0-50),0,0,0,0,0,0
M,302.9,311.0,1556,36.5,44,0,0,0,0,0,0,1,8.1,5.947,Fresh(0-50),0,0,0,0,0,0
H,302.8,311.0,1436,43.5,47,0,0,0,0,0,0,2,8.2,6.5409,Fresh(0-50),0,0,0,0,0,0
M,302.9,311.0,1402,40.7,52,0,0,0,0,0,0,1,8.1,5.975,Low(51-100),0,0,1,0,0,0
M,302.9,311.0,1437,49.9,55,0,0,0,0,0,0,1,8.1,7.5085,Low(51-100),0,1,0,0,0,0
M,302.9,311.1,1926,21.8,58,0,0,0,0,0,0,1,8.2,4.3965,Low(51-100),0,0,0,0,0,0
L,303.0,311.2,1800,23.7,61,0,0,0,0,0,0,0,8.2,4.467,Low(51-100),0,0,0,0,0,0
L,303.0,311.2,1641,32.6,63,0,0,0,0,0,0,0,8.2,5.6017,Low(51-100),0,0,0,0,0,0
L,303.0,311.2,1374,48.2,65,1,0,1,0,0,0,0,8.2,6.9347,Low(51-100),0,1,1,1,0,1
L,303.0,311.2,1494,37.0,67,0,0,0,0,0,0,0,8.2,5.7883,Low(51-100),0,0,0,0,0,0
L,303.0,311.2,1601,32.9,69,0,0,0,0,0,0,0,8.2,5.5155,Low(51-100),0,0,0,0,0,0
L,302.9,311.2,1634,36.9,71,0,0,0,0,0,0,0,8.3,6.3136,Low(51-100),0,0,0,0,0,0
M,302.9,311.2,1467,37.7,73,0,0,0,0,0,0,1,8.3,5.7912,Low(51-100),0,0,0,0,0,0
L,302.8,311.1,1550,32.3,76,0,0,0,0,0,0,0,8.3,5.2424,Low(51-100),0,0,0,0,0,0
L,302.8,311.1,1563,32.2,78,0,0,0,0,0,0,0,8.3,5.27,Low(51-100),0,0,0,0,0,0
L,302.7,310.9,1395,48.3,80,0,0,0,0,0,0,0,8.2,7.0553,Low(51-100),0,1,1,1,0,0
M,302.8,311.0,1507,33.4,82,0,0,0,0,0,0,1,8.2,5.2706,Low(51-100),0,0,0,0,0,0
L,302.8,311.0,1564,38.5,85,0,0,0,0,0,0,0,8.2,6.3051,Low(51-100),0,0,0,0,0,0
L,302.8,311.1,1721,30.0,87,0,0,0,0,0,0,0,8.3,5.4063,Low(51-100),0,0,0,0,0,0
L,302.8,311.1,1456,36.1,89,0,0,0,0,0,0,0,8.3,5.5038,Low(51-100),0,0,0,0,0,0
H,302.9,311.2,2102,17.8,91,0,0,0,0,0,0,2,8.3,3.9179,Low(51-100),0,0,0,0,0,0
L,302.9,311.1,1555,33.9,96,0,0,0,0,0,0,0,8.2,5.5198,Low(51-100),0,0,0,0,0,0
L,303.0,311.2,1409,41.9,98,0,0,0,0,0,0,0,8.2,6.1819,Low(51-100),0,0,1,0,0,0
M,303.0,311.2,1387,41.4,100,0,0,0,0,0,0,1,8.2,6.0128,Low(51-100),0,0,1,0,0,0
M,303.0,311.2,1460,43.9,103,0,0,0,0,0,0,1,8.2,6.7114,Medium(101-150),0,0,0,0,0,0
L,303.0,311.2,1361,47.6,106,1,0,1,0,0,0,0,8.2,6.7836,Medium(101-150),0,1,1,1,0,1
M,303.0,311.1,1490,43.0,108,0,0,0,0,0,0,1,8.1,6.7089,Medium(101-150),0,0,0,0,0,0
L,303.1,311.2,1399,49.2,111,0,0,0,0,0,0,0,8.1,7.2074,Medium(101-150),0,1,1,1,0,0
L,303.1,311.1,1420,55.8,113,0,0,0,0,0,0,0,8.0,8.297,Medium(101-150),0,1,1,1,0,0
L,303.0,311.0,1359,44.2,115,1,0,1,0,0,0,0,8.0,6.2898,Medium(101-150),0,0,1,0,0,1
M,303.0,311.1,1372,54.3,117,1,0,1,0,0,0,1,8.1,7.801,Medium(101-150),0,1,1,1,0,1
M,303.0,311.0,1409,41.7,120,0,0,0,0,0,0,1,8.0,6.1524,Medium(101-150),0,0,1,0,0,0
H,302.9,311.0,1452,58.3,123,0,0,0,0,0,0,2,8.1,8.864,Medium(101-150),0,1,0,0,0,0
L,302.9,311.0,1820,24.6,128,0,0,0,0,0,0,0,8.1,4.6882,Medium(101-150),0,0,0,0,0,0
H,302.9,311.0,1469,48.7,130,0,0,0,0,0,0,2,8.1,7.4911,Medium(101-150),0,1,0,0,0,0
L,302.9,311.1,1556,45.3,135,0,0,0,0,0,0,0,8.2,7.3808,Medium(101-150),0,0,0,0,0,0
L,303.0,311.1,1980,20.2,137,0,0,0,0,0,0,0,8.1,4.1881,Medium(101-150),0,0,0,0,0,0
M,303.0,311.2,1519,38.0,139,0,0,0,0,0,0,1,8.2,6.0442,Medium(101-150),0,0,0,0,0,0
L,303.0,311.2,1456,44.0,142,0,0,0,0,0,0,0,8.2,6.7083,Medium(101-150),0,0,0,0,0,0
L,303.1,311.2,1394,45.3,144,0,0,0,0,0,0,0,8.1,6.6124,Medium(101-150),0,0,1,0,0,0
L,303.0,311.3,1365,56.2,146,1,0,1,0,0,0,0,8.3,8.0328,Medium(101-150),0,1,1,1,0,1
L,303.0,311.3,2194,16.5,148,0,0,0,0,0,0,0,8.3,3.7907,Medium(101-150),0,0,0,0,0,0
L,303.1,311.3,1403,55.6,150,0,0,0,0,0,0,0,8.2,8.1683,Medium(101-150),0,1,1,1,0,0
H,303.0,311.2,1503,37.0,152,0,0,0,0,0,0,2,8.2,5.8231,High(151-200),0,0,0,0,0,0
L,303.0,311.3,1793,29.3,157,0,0,0,0,0,0,0,8.3,5.501,High(151-200),0,0,0,0,0,0
L,303.1,311.4,1829,24.5,159,0,0,0,0,0,0,0,8.3,4.6922,High(151-200),0,0,0,0,0,0
M,303.1,311.4,1831,23.3,161,0,0,0,0,0,0,1,8.3,4.4673,High(151-200),0,0,0,0,0,0
M,303.0,311.3,1335,53.6,164,1,0,1,0,0,0,1,8.3,7.4928,High(151-200),0,1,1,1,0,1
H,303.1,311.3,2056,19.7,167,0,0,0,0,0,0,2,8.2,4.2412,High(151-200),0,0,0,0,0,0
L,303.1,311.3,1336,52.6,172,1,0,1,0,0,0,0,8.2,7.3585,High(151-200),0,1,1,1,0,1
L,303.0,311.2,1341,51.0,174,1,0,1,0,0,0,0,8.2,7.1614,High(151-200),0,1,1,1,0,1
M,303.0,311.1,1526,37.3,176,0,0,0,0,0,0,1,8.1,5.9602,High(151-200),0,0,0,0,0,0
L,303.0,311.1,1525,40.7,179,0,0,0,0,0,0,0,8.1,6.4992,High(151-200),0,0,0,0,0,0
M,303.0,311.1,1428,39.8,181,0,0,0,0,0,0,1,8.1,5.9512,High(151-200),0,0,0,0,0,0
L,303.0,311.2,1511,45.7,184,0,0,0,0,0,0,0,8.2,7.2306,High(151-200),0,0,0,0,0,0
L,303.0,311.2,1664,29.8,186,0,0,0,0,0,0,0,8.2,5.1924,High(151-200),0,0,0,0,0,0
M,303.0,311.2,1592,38.9,188,0,0,0,0,0,0,1,8.2,6.4847,High(151-200),0,0,0,0,0,0
M,303.0,311.1,1597,36.7,191,0,0,0,0,0,0,1,8.1,6.1372,High(151-200),0,0,0,0,0,0
L,303.0,311.2,1735,26.1,194,0,0,0,0,0,0,0,8.2,4.7417,High(151-200),0,0,0,0,0,0
L,302.9,311.2,1751,23.8,196,0,0,0,0,0,0,0,8.3,4.3637,High(151-200),0,0,0,0,0,0
L,303.0,311.2,1383,44.6,198,0,0,0,0,0,0,0,8.2,6.4588,High(151-200),0,0,1,0,0,0
M,302.9,311.2,1330,53.7,200,1,0,1,0,0,0,1,8.3,7.4786,High(151-200),0,1,1,1,0,1
L,303.0,311.2,1382,50.5,203,0,0,0,0,0,0,0,8.2,7.308,Critical(>200),1,1,1,1,0,0
L,303.0,311.2,1755,30.4,205,0,0,0,0,0,0,0,8.2,5.5866,Critical(>200),1,0,0,0,0,0
M,303.0,311.2,1614,35.7,207,0,0,0,0,0,0,1,8.2,6.0335,Critical(>200),1,0,0,0,0,0
L,303.0,311.3,1466,43.0,210,0,0,0,0,0,0,0,8.3,6.6008,Critical(>200),1,0,0,0,0,0
M,303.1,311.3,1847,24.7,212,0,0,0,0,0,0,1,8.2,4.7771,Critical(>200),1,0,0,0,0,0
L,303.1,311.3,1474,34.8,215,0,0,0,0,0,0,0,8.2,5.3712,Critical(>200),1,0,0,0,0,0
L,303.1,311.3,1657,31.8,217,0,0,0,0,0,0,0,8.2,5.5175,Critical(>200),1,0,0,0,0,0
L,303.1,311.2,1435,40.1,219,0,0,0,0,0,0,0,8.1,6.0255,Critical(>200),1,0,0,0,0,0
H,303.1,311.3,1494,42.7,221,0,0,0,0,0,0,2,8.2,6.68,Critical(>200),1,0,0,0,0,0
L,303.2,311.4,1238,54.6,226,1,0,1,0,1,0,0,8.2,7.078,Critical(>200),1,1,1,1,0,2
L,303.2,311.4,1324,54.2,228,1,0,1,0,1,0,0,8.2,7.5142,Critical(>200),1,1,1,1,0,2
L,303.2,311.4,1514,41.2,230,0,0,0,0,0,0,0,8.2,6.5316,Critical(>200),1,0,0,0,0,0
L,303.3,311.4,1732,25.6,232,0,0,0,0,0,0,0,8.1,4.6428,Critical(>200),1,0,0,0,0,0
L,303.3,311.4,1497,46.0,234,1,1,0,0,0,0,0,8.1,7.2107,Critical(>200),1,0,0,0,0,1
L,303.3,311.4,1958,21.5,0,0,0,0,0,0,0,0,8.1,4.4081,Fresh(0-50),0,0,0,0,0,0
L,303.3,311.4,1630,32.5,2,0,0,0,0,0,0,0,8.1,5.5471,Fresh(0-50),0,0,0,0,0,0
M,303.3,311.4,1395,59.1,4,0,0,0,0,0,0,1,8.1,8.6329,Fresh(0-50),0,1,1,1,0,0
L,303.3,311.4,1658,30.5,7,0,0,0,0,0,0,0,8.1,5.2952,Fresh(0-50),0,0,0,0,0,0
L,303.2,311.4,1349,51.1,9,1,0,1,0,0,0,0,8.2,7.2182,Fresh(0-50),0,1,1,1,0,1
L,303.1,311.2,1452,52.9,11,0,0,0,0,0,0,0,8.1,8.043,Fresh(0-50),0,1,0,0,0,0
M,303.1,311.1,1594,35.5,13,0,0,0,0,0,0,1,8.0,5.9253,Fresh(0-50),0,0,0,0,0,0
M,303.1,311.0,1510,47.6,16,0,0,0,0,0,0,1,7.9,7.5263,Fresh(0-50),0,1,0,0,0,0
L,303.1,311.1,1854,22.6,19,0,0,0,0,0,0,0,8.0,4.3875,Fresh(0-50),0,0,0,0,0,0
L,303.1,311.2,1626,32.3,21,0,0,0,0,0,0,0,8.1,5.4995,Fresh(0-50),0,0,0,0,0,0
L,303.1,311.2,1628,35.2,23,0,0,0,0,0,0,0,8.1,6.0006,Fresh(0-50),0,0,0,0,0,0
L,303.1,311.2,1679,34.8,25,0,0,0,0,0,0,0,8.1,6.1182,Fresh(0-50),0,0,0,0,0,0
M,303.1,311.2,1489,44.5,27,0,0,0,0,0,0,1,8.1,6.9383,Fresh(0-50),0,0,0,0,0,0
L,303.2,311.2,1439,43.9,30,0,0,0,0,0,0,0,8.0,6.6149,Fresh(0-50),0,0,0,0,0,0
L,303.3,311.3,1350,48.1,32,1,0,1,0,0,0,0,8.0,6.7995,Fresh(0-50),0,1,1,1,0,1
H,303.3,311.2,1607,31.7,34,0,0,0,0,0,0,2,7.9,5.3342,Fresh(0-50),0,0,0,0,0,0
L,303.3,311.3,1389,53.9,39,0,0,0,0,0,0,0,8.0,7.8395,Fresh(0-50),0,1,1,1,0,0
M,303.3,311.3,1566,46.1,41,0,0,0,0,0,0,1,8.0,7.5594,Fresh(0-50),0,0,0,0,0,0
M,303.4,311.4,1307,54.0,44,1,0,1,0,0,0,1,8.0,7.3904,Fresh(0-50),0,1,1,1,0,1
M,303.3,311.5,1569,36.6,47,0,0,0,0,0,0,1,8.2,6.0131,Fresh(0-50),0,0,0,0,0,0
H,303.3,311.4,1651,30.6,50,0,0,0,0,0,0,2,8.1,5.2901,Fresh(0-50),0,0,0,0,0,0
H,303.3,311.4,1692,27.9,55,0,0,0,0,0,0,2,8.1,4.9431,Low(51-100),0,0,0,0,0,0
M,303.3,311.5,1373,47.3,60,1,0,1,0,0,0,1,8.2,6.8003,Low(51-100),0,1,1,1,0,1
L,303.2,311.4,1610,35.5,63,0,0,0,0,0,0,0,8.2,5.9848,Low(51-100),0,0,0,0,0,0
L,303.3,311.4,1511,43.4,65,0,0,0,0,0,0,0,8.1,6.8667,Low(51-100),0,0,0,0,0,0
L,303.3,311.5,1412,55.6,67,0,0,0,0,0,0,0,8.2,8.2206,Low(51-100),0,1,1,1,0,0
L,303.4,311.5,1501,36.2,69,0,0,0,0,0,0,0,8.1,5.6897,Low(51-100),0,0,0,0,0,0
L,303.4,311.5,1414,44.8,71,0,0,0,0,0,0,0,8.1,6.6332,Low(51-100),0,0,1,0,0,0
H,303.5,311.5,1629,33.5,73,0,0,0,0,0,0,2,8.0,5.7143,Low(51-100),0,0,0,0,0,0
L,303.4,311.5,1879,21.3,78,0,0,0,0,0,0,0,8.1,4.1909,Low(51-100),0,0,0,0,0,0
H,303.5,311.6,1466,47.0,80,0,0,0,0,0,0,2,8.1,7.2149,Low(51-100),0,1,0,0,0,0
H,303.6,311.7,1476,40.1,85,0,0,0,0,0,0,2,8.1,6.1977,Low(51-100),0,0,0,0,0,0
L,303.6,311.8,1695,30.7,90,0,0,0,0,0,0,0,8.2,5.4488,Low(51-100),0,0,0,0,0,0
L,303.6,311.7,1491,39.8,92,0,0,0,0,0,0,0,8.1,6.2138,Low(51-100),0,0,0,0,0,0
M,303.6,311.8,1659,34.7,94,0,0,0,0,0,0,1,8.2,6.028,Low(51-100),0,0,0,0,0,0
L,303.6,311.8,1567,31.7,97,0,0,0,0,0,0,0,8.2,5.2015,Low(51-100),0,0,0,0,0,0
L,303.6,311.8,1736,32.9,99,0,0,0,0,0,0,0,8.2,5.9806,Low(51-100),0,0,0,0,0,0
M,303.6,311.8,1421,44.8,101,1,0,0,0,0,0,1,8.2,6.6661,Medium(101-150),0,0,1,0,0,0
M,303.6,311.8,1627,30.8,104,0,0,0,0,0,0,1,8.2,5.2473,Medium(101-150),0,0,0,0,0,0
M,303.5,311.6,1562,34.2,107,0,0,0,0,0,0,1,8.1,5.5938,Medium(101-150),0,0,0,0,0,0
L,303.5,311.6,2183,17.0,110,0,0,0,0,0,0,0,8.1,3.886,Medium(101-150),0,0,0,0,0,0
L,303.5,311.6,1577,38.1,112,0,0,0,0,0,0,0,8.1,6.2915,Medium(101-150),0,0,0,0,0,0
M,303.4,311.5,1560,36.4,114,0,0,0,0,0,0,1,8.1,5.946,Medium(101-150),0,0,0,0,0,0
M,303.4,311.5,1483,43.0,117,0,0,0,0,0,0,1,8.1,6.6774,Medium(101-150),0,0,0,0,0,0
L,303.5,311.5,1535,33.3,120,0,0,0,0,0,0,0,8.0,5.3524,Medium(101-150),0,0,0,0,0,0
M,303.4,311.4,1606,29.6,122,0,0,0,0,0,0,1,8.0,4.9778,Medium(101-150),0,0,0,0,0,0
M,303.4,311.5,1817,24.7,125,0,0,0,0,0,0,1,8.1,4.6995,Medium(101-150),0,0,0,0,0,0
L,303.4,311.5,1424,50.8,128,0,0,0,0,0,0,0,8.1,7.5748,Medium(101-150),0,1,0,0,0,0
L,303.3,311.6,1514,34.7,130,0,0,0,0,0,0,0,8.3,5.5011,Medium(101-150),0,0,0,0,0,0
L,303.4,311.6,1449,41.7,132,0,0,0,0,0,0,0,8.2,6.327,Medium(101-150),0,0,0,0,0,0
M,303.5,311.6,1573,34.0,134,0,0,0,0,0,0,1,8.1,5.6002,Medium(101-150),0,0,0,0,0,0
L,303.4,311.6,1564,41.9,137,0,0,0,0,0,0,0,8.2,6.8619,Medium(101-150),0,0,0,0,0,0
L,303.5,311.6,1428,46.2,139,0,0,0,0,0,0,0,8.1,6.9082,Medium(101-150),0,0,0,0,0,0
L,303.5,311.7,1620,31.0,141,0,0,0,0,0,0,0,8.2,5.2586,Medium(101-150),0,0,0,0,0,0
H,303.5,311.7,1584,32.7,143,0,0,0,0,0,0,2,8.2,5.4237,Medium(101-150),0,0,0,0,0,0
L,303.6,311.8,1222,66.8,148,1,0,1,0,0,0,0,8.2,8.5476,Medium(101-150),0,1,1,1,0,1
M,303.6,311.8,1432,42.5,150,0,0,0,0,0,0,1,8.2,6.3728,Medium(101-150),0,0,0,0,0,0
L,303.7,311.9,1561,33.3,153,0,0,0,0,0,0,0,8.2,5.4431,High(151-200),0,0,0,0,0,0
L,303.6,311.8,1614,33.2,155,0,0,0,0,0,0,0,8.2,5.611,High(151-200),0,0,0,0,0,0
L,303.5,311.7,1959,22.3,157,0,0,0,0,0,0,0,8.2,4.5744,High(151-200),0,0,0,0,0,0
L,303.5,311.8,1944,23.5,159,0,0,0,0,0,0,0,8.3,4.7837,High(151-200),0,0,0,0,0,0
L,303.4,311.7,1793,25.8,161,0,0,0,0,0,0,0,8.3,4.8439,High(151-200),0,0,0,0,0,0
M,303.4,311.6,1446,50.0,163,0,0,0,0,0,0,1,8.2,7.5707,High(151-200),0,1,0,0,0,0
L,303.4,311.7,1673,32.2,166,0,0,0,0,0,0,0,8.3,5.6409,High(151-200),0,0,0,0,0,0
M,303.4,311.7,1515,44.2,168,0,0,0,0,0,0,1,8.3,7.0118,High(151-200),0,0,0,0,0,0
L,303.4,311.8,1564,35.9,171,0,0,0,0,0,0,0,8.4,5.8793,High(151-200),0,0,0,0,0,0
L,303.5,311.8,1451,45.2,173,0,0,0,0,0,0,0,8.3,6.8676,High(151-200),0,0,0,0,0,0
H,303.4,311.8,1693,28.3,175,0,0,0,0,0,0,2,8.4,5.017,High(151-200),0,0,0,0,0,0
L,303.4,311.7,1476,42.3,180,0,0,0,0,0,0,0,8.3,6.5377,High(151-200),0,0,0,0,0,0
L,303.4,311.6,1712,30.1,182,0,0,0,0,0,0,0,8.2,5.3959,High(151-200),0,0,0,0,0,0
M,303.4,311.6,1425,45.4,184,0,0,0,0,0,0,1,8.2,6.7743,High(151-200),0,0,0,0,0,0
L,303.3,311.6,1337,56.8,187,1,0,1,0,0,0,0,8.3,7.952,High(151-200),0,1,1,1,0,1
M,303.4,311.7,1690,34.9,189,0,0,0,0,0,0,1,8.3,6.176,High(151-200),0,0,0,0,0,0
M,303.4,311.7,1353,44.1,192,1,0,1,0,0,0,1,8.3,6.2479,High(151-200),0,0,1,0,0,1
L,303.5,311.8,1927,21.9,195,0,0,0,0,0,0,0,8.3,4.419,High(151-200),0,0,0,0,0,0
M,303.4,311.8,1391,42.7,197,0,0,0,0,0,0,1,8.4,6.2194,High(151-200),0,0,1,0,0,0
L,303.4,311.8,1366,50.9,200,1,0,1,0,0,0,0,8.4,7.2806,High(151-200),0,1,1,1,0,1
L,303.4,311.9,1771,31.6,202,0,0,0,0,0,0,0,8.5,5.8601,Critical(>200),1,0,0,0,0,0
M,303.4,311.8,1515,42.6,204,0,0,0,0,0,0,1,8.4,6.758,Critical(>200),1,0,0,0,0,0
M,303.4,311.8,2133,18.3,207,0,0,0,0,0,0,1,8.4,4.0873,Critical(>200),1,0,0,0,0,0
M,303.4,311.8,1341,47.0,210,1,0,1,0,0,0,1,8.4,6.5997,Critical(>200),1,1,1,1,0,1
L,303.4,311.7,1406,47.1,213,0,0,0,0,0,0,0,8.3,6.9343,Critical(>200),1,1,1,1,0,0
L,303.4,311.8,1306,61.0,215,1,0,1,0,1,0,0,8.4,8.342,Critical(>200),1,1,1,1,0,2
L,303.3,311.7,1508,35.5,217,0,0,0,0,0,0,0,8.4,5.6057,Critical(>200),1,0,0,0,0,0
L,303.3,311.6,1301,45.1,219,1,0,1,0,0,0,0,8.3,6.144,Critical(>200),1,0,1,0,0,1
L,303.3,311.7,1539,38.5,221,0,0,0,0,0,0,0,8.4,6.2043,Critical(>200),1,0,0,0,0,0
L,303.3,311.6,1484,44.6,223,0,0,0,0,0,0,0,8.3,6.9305,Critical(>200),1,0,0,0,0,0
L,303.2,311.5,1507,39.2,225,0,0,0,0,0,0,0,8.3,6.1858,Critical(>200),1,0,0,0,0,0
L,303.2,311.5,1544,42.5,227,0,0,0,0,0,0,0,8.3,6.8712,Critical(>200),1,0,0,0,0,0
L,303.2,311.5,1513,37.9,0,0,0,0,0,0,0,0,8.3,6.0045,Fresh(0-50),0,0,0,0,0,0
M,303.2,311.5,1336,58.2,2,1,0,1,0,0,0,1,8.3,8.1419,Fresh(0-50),0,1,1,1,0,1
M,303.2,311.4,2102,19.0,5,0,0,0,0,0,0,1,8.2,4.182,Fresh(0-50),0,0,0,0,0,0
L,303.2,311.4,1351,53.8,8,1,0,1,0,0,0,0,8.2,7.6109,Fresh(0-50),0,1,1,1,0,1
L,303.3,311.5,1601,35.2,10,0,0,0,0,0,0,0,8.2,5.9011,Fresh(0-50),0,0,0,0,0,0
L,303.2,311.3,1393,52.9,12,0,0,0,0,0,0,0,8.1,7.7162,Fresh(0-50),0,1,1,1,0,0
L,303.3,311.3,1592,33.7,14,0,0,0,0,0,0,0,8.0,5.6178,Fresh(0-50),0,0,0,0,0,0
L,303.3,311.3,1409,51.8,16,0,0,0,0,0,0,0,8.0,7.6425,Fresh(0-50),0,1,1,1,0,0
L,303.3,311.3,1393,47.4,18,0,0,0,0,0,0,0,8.0,6.9139,Fresh(0-50),0,1,1,1,0,0
H,303.2,311.2,1475,43.1,20,0,0,0,0,0,0,2,8.0,6.6568,Fresh(0-50),0,0,0,0,0,0
L,303.2,311.2,1427,45.6,25,0,0,0,0,0,0,0,8.0,6.8137,Fresh(0-50),0,0,0,0,0,0
L,303.3,311.2,1763,27.3,27,0,0,0,0,0,0,0,7.9,5.0398,Fresh(0-50),0,0,0,0,0,0
L,303.2,311.2,1363,46.7,29,1,0,1,0,0,0,0,8.0,6.6651,Fresh(0-50),0,0,1,0,0,1
L,303.2,311.2,1404,50.9,31,0,0,0,0,0,0,0,8.0,7.4831,Fresh(0-50),0,1,1,1,0,0
M,303.2,311.2,1688,31.9,33,0,0,0,0,0,0,1,8.0,5.6385,Fresh(0-50),0,0,0,0,0,0
L,303.3,311.4,1510,37.3,36,0,0,0,0,0,0,0,8.1,5.8977,Fresh(0-50),0,0,0,0,0,0
H,303.3,311.3,1502,39.5,38,0,0,0,0,0,0,2,8.0,6.2125,Fresh(0-50),0,0,0,0,0,0
H,303.2,311.4,1607,36.6,43,0,0,0,0,0,0,2,8.2,6.1588,Fresh(0-50),0,0,0,0,0,0
M,303.3,311.5,1384,54.8,48,0,0,0,0,0,0,1,8.2,7.9417,Fresh(0-50),0,1,1,1,0,0
L,303.4,311.7,1295,51.3,51,1,0,1,0,0,0,0,8.3,6.9564,Low(51-100),0,1,1,1,0,1
H,303.4,311.7,1991,19.0,53,0,0,0,0,0,0,2,8.3,3.9612,Low(51-100),0,0,0,0,0,0
L,303.4,311.6,1497,42.8,58,0,0,0,0,0,0,0,8.2,6.7091,Low(51-100),0,0,0,0,0,0
L,303.5,311.6,1465,48.7,60,0,0,0,0,0,0,0,8.1,7.4707,Low(51-100),0,1,0,0,0,0
L,303.5,311.6,1361,46.5,62,1,0,1,0,0,0,0,8.1,6.6269,Low(51-100),0,0,1,0,0,1
L,303.6,311.7,1546,38.5,64,0,0,0,0,0,0,0,8.1,6.2326,Low(51-100),0,0,0,0,0,0
H,303.7,311.9,1332,52.7,66,1,0,1,0,0,0,2,8.2,7.3504,Low(51-100),0,1,1,1,0,1
M,303.7,312.0,2663,11.4,71,1,0,0,1,0,0,1,8.3,3.1789,Low(51-100),0,0,0,0,1,1
L,303.7,312.1,1443,45.9,74,0,0,0,0,0,0,0,8.4,6.9355,Low(51-100),0,0,0,0,1,0
M,303.7,312.0,1402,48.6,76,0,0,0,0,0,0,1,8.3,7.1348,Low(51-100),0,1,1,1,1,0
L,303.7,312.0,1892,22.5,79,0,0,0,0,0,0,0,8.3,4.4576,Low(51-100),0,0,0,0,1,0
M,303.6,312.0,1645,35.7,81,0,0,0,0,0,0,1,8.4,6.1494,Low(51-100),0,0,0,0,1,0
L,303.6,311.9,1473,50.1,84,0,0,0,0,0,0,0,8.3,7.7275,Low(51-100),0,1,0,0,0,0
L,303.6,312.0,1309,52.9,86,1,0,1,0,0,0,0,8.4,7.2509,Low(51-100),0,1,1,1,1,1
H,303.6,311.9,1544,37.1,88,0,0,0,0,0,0,2,8.3,5.9982,Low(51-100),0,0,0,0,0,0
L,303.5,311.9,1344,49.3,93,1,0,1,0,0,0,0,8.4,6.9381,Low(51-100),0,1,1,1,0,1
M,303.6,311.9,1617,36.0,95,0,0,0,0,0,0,1,8.3,6.0955,Low(51-100),0,0,0,0,0,0
M,303.6,312.0,1435,37.9,98,0,0,0,0,0,0,1,8.4,5.6949,Low(51-100),0,0,0,0,1,0
L,303.6,312.0,1391,50.3,101,0,0,0,0,0,0,0,8.4,7.3264,Medium(101-150),0,1,1,1,1,0
L,303.6,312.0,1827,23.3,103,0,0,0,0,0,0,0,8.4,4.4575,Medium(101-150),0,0,0,0,1,0
L,303.5,312.0,1761,25.8,105,0,0,0,0,0,0,0,8.5,4.7575,Medium(101-150),0,0,0,0,1,0
L,303.5,312.1,1522,36.4,107,0,0,0,0,0,0,0,8.6,5.8011,Medium(101-150),0,0,0,0,1,0
M,303.5,312.2,1818,23.6,109,0,0,0,0,0,0,1,8.7,4.4926,Medium(101-150),0,0,0,0,1,0
H,303.6,312.2,1371,54.6,112,1,0,1,0,0,0,2,8.6,7.8384,Medium(101-150),0,1,1,1,1,1
L,303.7,312.3,1511,38.9,117,0,0,0,0,0,0,0,8.6,6.1548,Medium(101-150),0,0,0,0,1,0
L,303.7,312.4,1404,46.6,119,0,0,0,0,0,0,0,8.7,6.8509,Medium(101-150),0,0,1,0,1,0
L,303.7,312.3,1384,45.9,121,0,0,0,0,0,0,0,8.6,6.6519,Medium(101-150),0,0,1,0,1,0
L,303.8,312.5,1368,52.6,123,0,0,0,0,0,0,0,8.7,7.5347,Medium(101-150),0,1,1,1,1,0
L,303.7,312.5,1641,36.0,125,0,0,0,0,0,0,0,8.8,6.186,Medium(101-150),0,0,0,0,1,0
L,303.9,312.6,1642,32.3,127,0,0,0,0,0,0,0,8.7,5.5536,Medium(101-150),0,0,0,0,1,0
H,303.9,312.7,1401,50.0,129,0,0,0,0,0,0,2,8.8,7.3351,Medium(101-150),0,1,1,1,1,0
L,303.8,312.6,1577,41.3,134,0,0,0,0,0,0,0,8.8,6.8199,Medium(101-150),0,0,0,0,1,0
L,303.7,312.6,1396,44.1,136,0,0,0,0,0,0,0,8.9,6.4465,Medium(101-150),0,0,1,0,1,0
H,303.7,312.6,1514,35.5,138,0,0,0,0,0,0,2,8.9,5.628,Medium(101-150),0,0,0,0,1,0
L,303.8,312.8,1646,35.8,143,0,0,0,0,0,0,0,9.0,6.1703,Medium(101-150),0,0,0,0,1,0
L,303.8,312.8,1443,40.7,145,0,0,0,0,0,0,0,9.0,6.1497,Medium(101-150),0,0,0,0,1,0
M,303.7,312.7,1469,48.5,147,0,0,0,0,0,0,1,9.0,7.4604,Medium(101-150),0,1,0,0,1,0
H,303.7,312.7,1564,40.2,150,0,0,0,0,0,0,2,9.0,6.5835,Medium(101-150),0,0,0,0,1,0
H,303.6,312.6,1498,40.2,155,0,0,0,0,0,0,2,9.0,6.3057,High(151-200),0,0,0,0,1,0
L,303.6,312.6,1699,27.9,160,0,0,0,0,0,0,0,9.0,4.9636,High(151-200),0,0,0,0,1,0
L,303.6,312.5,1431,49.0,162,0,0,0,0,0,0,0,8.9,7.3423,High(151-200),0,1,0,0,1,0
L,303.5,312.4,1390,47.3,164,0,0,0,0,0,0,0,8.9,6.8845,High(151-200),0,1,1,1,1,0
L,303.5,312.5,1380,46.1,166,0,0,0,0,0,0,0,9.0,6.6616,High(151-200),0,0,1,0,1,0
L,303.5,312.5,1457,46.4,168,0,0,0,0,0,0,0,9.0,7.079,High(151-200),0,0,0,0,1,0
L,303.5,312.5,1418,42.2,170,0,0,0,0,0,0,0,9.0,6.2659,High(151-200),0,0,1,0,1,0
M,303.5,312.5,1353,51.0,172,0,0,0,0,0,0,1,9.0,7.2254,High(151-200),0,1,1,1,1,0
L,303.5,312.4,1574,32.7,175,0,0,0,0,0,0,0,8.9,5.3895,High(151-200),0,0,0,0,1,0
M,303.5,312.4,1318,54.2,177,0,0,0,0,0,0,1,8.9,7.4802,High(151-200),0,1,1,1,1,0
L,303.6,312.5,1710,31.4,180,0,0,0,0,0,0,0,8.9,5.6224,High(151-200),0,0,0,0,1,0
L,303.7,312.6,1621,38.8,182,0,0,0,0,0,0,0,8.9,6.5858,High(151-200),0,0,0,0,1,0
L,303.6,312.6,1606,33.6,184,0,0,0,0,0,0,0,9.0,5.6504,High(151-200),0,0,0,0,1,0
H,303.6,312.5,1375,54.0,186,0,0,0,0,0,0,2,8.9,7.7749,High(151-200),0,1,1,1,1,0
L,303.5,312.4,1503,36.5,191,0,0,0,0,0,0,0,8.9,5.7445,High(151-200),0,0,0,0,1,0
L,303.5,312.3,1404,48.6,193,0,0,0,0,0,0,0,8.8,7.145,High(151-200),0,1,1,1,1,0
L,303.4,312.2,1656,32.7,195,0,0,0,0,0,0,0,8.8,5.6703,High(151-200),0,0,0,0,1,0
M,303.4,312.1,1499,39.4,197,0,0,0,0,0,0,1,8.7,6.1844,High(151-200),0,0,0,0,1,0
M,303.4,312.0,1748,28.4,200,0,0,0,0,0,0,1,8.6,5.1982,High(151-200),0,0,0,0,1,0
L,303.4,311.9,1531,37.9,203,0,0,0,0,0,0,0,8.5,6.0759,Critical(>200),1,0,0,0,0,0
M,303.3,311.8,1536,40.6,205,0,0,0,0,0,0,1,8.5,6.53,Critical(>200),1,0,0,0,0,0
L,303.4,311.8,1401,53.0,208,1,0,0,0,1,0,0,8.4,7.7752,Critical(>200),1,1,1,1,0,1
H,303.4,311.9,1534,33.2,210,0,0,0,0,0,0,2,8.5,5.3329,Critical(>200),1,0,0,0,0,0
L,303.4,312.0,1521,35.9,215,1,1,0,0,0,0,0,8.6,5.7177,Critical(>200),1,0,0,0,1,1
L,303.5,312.1,1674,30.8,0,0,0,0,0,0,0,0,8.6,5.3989,Fresh(0-50),0,0,0,0,1,0
M,303.6,312.1,1967,20.9,2,0,0,0,0,0,0,1,8.5,4.3047,Fresh(0-50),0,0,0,0,1,0
L,303.6,312.2,1696,30.7,5,0,0,0,0,0,0,0,8.6,5.4521,Fresh(0-50),0,0,0,0,1,0
M,303.6,312.1,1627,32.5,7,0,0,0,0,0,0,1,8.5,5.5369,Fresh(0-50),0,0,0,0,1,0
L,303.5,311.9,1405,45.6,10,0,0,0,0,0,0,0,8.4,6.7087,Fresh(0-50),0,0,1,0,0,0
L,303.5,311.9,1565,38.9,12,0,0,0,0,0,0,0,8.4,6.3747,Fresh(0-50),0,0,0,0,0,0
L,303.5,311.9,1493,38.7,14,0,0,0,0,0,0,0,8.4,6.0502,Fresh(0-50),0,0,0,0,0,0
L,303.4,311.8,1499,45.0,16,0,0,0,0,0,0,0,8.4,7.0634,Fresh(0-50),0,0,0,0,0,0
L,303.3,311.8,1692,30.6,18,0,0,0,0,0,0,0,8.5,5.4215,Fresh(0-50),0,0,0,0,0,0
L,303.4,311.8,2268,15.8,20,0,0,0,0,0,0,0,8.4,3.7523,Fresh(0-50),0,0,0,0,0,0
L,303.4,311.8,1438,58.9,22,0,0,0,0,0,0,0,8.4,8.8689,Fresh(0-50),0,1,0,0,0,0
L,303.5,311.9,1515,39.2,24,0,0,0,0,0,0,0,8.4,6.2186,Fresh(0-50),0,0,0,0,0,0
L,303.4,311.9,1491,38.2,26,0,0,0,0,0,0,0,8.5,5.964,Fresh(0-50),0,0,0,0,0,0
L,303.5,312.0,1756,29.7,28,0,0,0,0,0,0,0,8.5,5.4611,Fresh(0-50),0,0,0,0,1,0
L,303.5,312.0,1366,54.5,30,1,0,1,0,0,0,0,8.5,7.7955,Fresh(0-50),0,1,1,1,1,1
L,303.5,312.0,1436,45.1,32,0,0,0,0,0,0,0,8.5,6.7815,Fresh(0-50),0,0,0,0,1,0
L,303.4,311.9,1377,41.6,34,1,0,1,0,0,0,0,8.5,5.9982,Fresh(0-50),0,0,1,0,0,1
M,303.4,311.9,1510,42.2,36,0,0,0,0,0,0,1,8.5,6.6725,Fresh(0-50),0,0,0,0,0,0
M,303.4,311.9,1419,50.9,39,0,0,0,0,0,0,1,8.5,7.563,Fresh(0-50),0,1,1,1,0,0
L,303.3,311.8,1315,62.0,42,1,0,1,0,0,0,0,8.5,8.5372,Fresh(0-50),0,1,1,1,0,1
H,303.3,311.8,1806,27.7,44,0,0,0,0,0,0,2,8.5,5.2383,Fresh(0-50),0,0,0,0,0,0
H,303.3,311.8,1649,29.4,49,0,0,0,0,0,0,2,8.5,5.0765,Fresh(0-50),0,0,0,0,0,0
H,303.4,311.9,1402,50.0,54,0,0,0,0,0,0,2,8.5,7.3403,Low(51-100),0,1,1,1,0,0
L,303.4,311.9,1298,63.9,59,1,0,1,0,0,0,0,8.5,8.685,Low(51-100),0,1,1,1,0,1
M,303.3,311.8,1441,44.9,61,0,0,0,0,0,0,1,8.5,6.775,Low(51-100),0,0,0,0,0,0
M,303.3,311.8,1489,49.4,64,0,0,0,0,0,0,1,8.5,7.7023,Low(51-100),0,1,0,0,0,0
L,303.3,311.8,1842,24.5,67,0,0,0,0,0,0,0,8.5,4.7255,Low(51-100),0,0,0,0,0,0
M,303.4,311.8,1316,50.9,69,1,0,1,0,0,0,1,8.4,7.0141,Low(51-100),0,1,1,1,0,1
M,303.3,311.8,1583,33.3,72,0,0,0,0,0,0,1,8.5,5.5198,Low(51-100),0,0,0,0,0,0
M,303.3,311.8,1548,33.5,75,0,0,0,0,0,0,1,8.5,5.4302,Low(51-100),0,0,0,0,0,0
L,303.4,311.9,1434,44.6,78,0,0,0,0,0,0,0,8.5,6.697,Low(51-100),0,0,0,0,0,0
H,303.5,312.0,1397,52.9,80,0,0,0,0,0,0,2,8.5,7.7384,Low(51-100),0,1,1,1,1,0
M,303.5,312.0,1475,42.9,85,0,0,0,0,0,0,1,8.5,6.6259,Low(51-100),0,0,0,0,1,0
L,303.5,312.0,1441,56.8,88,0,0,0,0,0,0,0,8.5,8.5706,Low(51-100),0,1,0,0,1,0
L,303.7,312.1,1363,51.8,90,1,0,1,0,0,0,0,8.4,7.393,Low(51-100),0,1,1,1,1,1
L,303.7,312.2,1619,34.9,92,0,0,0,0,0,0,0,8.5,5.9166,Low(51-100),0,0,0,0,1,0
L,303.7,312.2,1487,34.0,94,0,0,0,0,0,0,0,8.5,5.294,Low(51-100),0,0,0,0,1,0
L,303.7,312.2,1568,33.8,96,0,0,0,0,0,0,0,8.5,5.5496,Low(51-100),0,0,0,0,1,0
L,303.7,312.3,1375,46.2,98,0,0,0,0,0,0,0,8.6,6.6518,Low(51-100),0,0,1,0,1,0
M,303.6,312.3,1698,31.3,100,0,0,0,0,0,0,1,8.7,5.5652,Low(51-100),0,0,0,0,1,0
L,303.7,312.3,1606,37.4,103,0,0,0,0,0,0,0,8.6,6.2895,Medium(101-150),0,0,0,0,1,0
L,303.7,312.3,1349,51.0,105,0,0,0,0,0,0,0,8.6,7.2041,Medium(101-150),0,1,1,1,1,0
L,303.7,312.4,1535,38.6,107,0,0,0,0,0,0,0,8.7,6.2043,Medium(101-150),0,0,0,0,1,0
M,303.6,312.4,1504,49.5,109,0,0,0,0,0,0,1,8.8,7.7956,Medium(101-150),0,1,0,0,1,0
L,303.5,312.3,1946,21.1,112,0,0,0,0,0,0,0,8.8,4.2995,Medium(101-150),0,0,0,0,1,0
L,303.5,312.1,1326,55.7,114,0,0,0,0,0,0,0,8.6,7.7338,Medium(101-150),0,1,1,1,1,0
M,303.6,312.3,1915,22.3,116,0,0,0,0,0,0,1,8.7,4.4717,Medium(101-150),0,0,0,0,1,0
L,303.6,312.3,1451,43.4,119,0,0,0,0,0,0,0,8.7,6.5941,Medium(101-150),0,0,0,0,1,0
M,303.5,312.3,1624,34.8,121,0,0,0,0,0,0,1,8.8,5.9178,Medium(101-150),0,0,0,0,1,0
L,303.6,312.4,1781,28.7,124,0,0,0,0,0,0,0,8.8,5.3523,Medium(101-150),0,0,0,0,1,0
L,303.6,312.5,1345,54.1,126,0,0,0,0,0,0,0,8.9,7.6193,Medium(101-150),0,1,1,1,1,0
L,303.6,312.4,1418,46.0,128,0,0,0,0,0,0,0,8.8,6.8302,Medium(101-150),0,0,1,0,1,0
L,303.7,312.4,1718,26.5,130,0,0,0,0,0,0,0,8.7,4.7672,Medium(101-150),0,0,0,0,1,0
M,303.7,312.4,1631,28.5,132,0,0,0,0,0,0,1,8.7,4.8674,Medium(101-150),0,0,0,0,1,0
L,303.7,312.4,1513,40.1,135,0,0,0,0,0,0,0,8.7,6.353,Medium(101-150),0,0,0,0,1,0
L,303.7,312.4,1316,59.3,137,0,0,0,0,0,0,0,8.7,8.1716,Medium(101-150),0,1,1,1,1,0
M,303.7,312.4,1474,38.8,139,0,0,0,0,0,0,1,8.7,5.9886,Medium(101-150),0,0,0,0,1,0
L,303.8,312.5,1619,30.9,142,0,0,0,0,0,0,0,8.7,5.2384,Medium(101-150),0,0,0,0,1,0
L,303.7,312.4,1702,31.2,144,0,0,0,0,0,0,0,8.7,5.5605,Medium(101-150),0,0,0,0,1,0
M,303.7,312.4,1540,37.4,146,0,0,0,0,0,0,1,8.7,6.031,Medium(101-150),0,0,0,0,1,0
M,303.7,312.4,1546,33.7,149,0,0,0,0,0,0,1,8.7,5.4555,Medium(101-150),0,0,0,0,1,0
L,303.7,312.4,1348,51.0,152,0,0,0,0,0,0,0,8.7,7.1987,High(151-200),0,1,1,1,1,0
H,303.7,312.5,1520,35.6,154,0,0,0,0,0,0,2,8.8,5.6662,High(151-200),0,0,0,0,1,0
M,303.8,312.6,1527,41.9,159,0,0,0,0,0,0,1,8.8,6.6996,High(151-200),0,0,0,0,1,0
M,303.8,312.6,1406,47.1,162,0,0,0,0,0,0,1,8.8,6.9343,High(151-200),0,1,1,1,1,0
L,303.7,312.5,1462,46.2,165,0,0,0,0,0,0,0,8.8,7.0727,High(151-200),0,0,0,0,1,0
M,303.8,312.6,1684,29.3,167,0,0,0,0,0,0,1,8.8,5.1666,High(151-200),0,0,0,0,1,0
H,303.8,312.5,1655,28.0,170,0,0,0,0,0,0,2,8.7,4.8524,High(151-200),0,0,0,0,1,0
H,303.8,312.5,1748,25.1,175,0,0,0,0,0,0,2,8.7,4.5942,High(151-200),0,0,0,0,1,0
L,303.8,312.5,1372,45.7,180,0,0,0,0,0,0,0,8.7,6.5655,High(151-200),0,0,1,0,1,0
L,303.7,312.5,1481,33.3,182,0,0,0,0,0,0,0,8.8,5.1641,High(151-200),0,0,0,0,1,0
L,303.7,312.4,1512,39.2,184,0,0,0,0,0,0,0,8.7,6.2063,High(151-200),0,0,0,0,1,0
L,303.7,312.5,1632,36.6,186,0,0,0,0,0,0,0,8.8,6.2546,High(151-200),0,0,0,0,1,0
L,303.7,312.4,1525,43.9,188,0,0,0,0,0,0,0,8.7,7.0102,High(151-200),0,0,0,0,1,0
M,303.7,312.3,1756,26.4,190,0,0,0,0,0,0,1,8.6,4.8543,High(151-200),0,0,0,0,1,0
L,303.7,312.3,1922,23.1,193,0,0,0,0,0,0,0,8.6,4.649,High(151-200),0,0,0,0,1,0
M,303.8,312.5,1448,44.3,195,0,0,0,0,0,0,1,8.7,6.7169,High(151-200),0,0,0,0,1,0
H,303.8,312.5,1447,46.6,198,0,0,0,0,0,0,2,8.7,7.0608,High(151-200),0,0,0,0,1,0
M,303.8,312.4,1597,33.4,203,0,0,0,0,0,0,1,8.6,5.5853,Critical(>200),1,0,0,0,1,0
M,303.7,312.4,1642,32.3,206,0,0,0,0,0,0,1,8.7,5.5536,Critical(>200),1,0,0,0,1,0
H,303.8,312.5,1525,38.0,209,0,0,0,0,0,0,2,8.7,6.0681,Critical(>200),1,0,0,0,1,0
H,303.6,312.4,1460,53.7,214,0,0,0,0,0,0,2,8.8,8.2096,Critical(>200),1,1,0,0,1,0
L,303.6,312.3,2168,17.7,219,0,0,0,0,0,0,0,8.7,4.0182,Critical(>200),1,0,0,0,1,0
L,303.6,312.4,1388,41.9,221,0,0,0,0,0,0,0,8.8,6.0898,Critical(>200),1,0,1,0,1,0
M,303.6,312.3,1630,32.4,223,0,0,0,0,0,0,1,8.7,5.5301,Critical(>200),1,0,0,0,1,0
L,303.6,312.3,1616,29.3,226,0,0,0,0,0,0,0,8.7,4.958,Critical(>200),1,0,0,0,1,0
L,303.6,312.4,2232,16.8,0,0,0,0,0,0,0,0,8.8,3.9265,Fresh(0-50),0,0,0,0,1,0
H,303.6,312.4,1480,50.7,2,0,0,0,0,0,0,2,8.8,7.8572,Fresh(0-50),0,1,0,0,1,0
L,303.6,312.4,1363,53.1,7,0,0,0,0,0,0,0,8.8,7.5786,Fresh(0-50),0,1,1,1,1,0
H,303.6,312.4,1436,45.6,9,0,0,0,0,0,0,2,8.8,6.8567,Fresh(0-50),0,0,0,0,1,0
M,303.6,312.5,1607,33.7,14,0,0,0,0,0,0,1,8.9,5.6708,Fresh(0-50),0,0,0,0,1,0
M,303.6,312.5,1459,48.2,17,0,0,0,0,0,0,1,8.9,7.3637,Fresh(0-50),0,1,0,0,1,0
L,303.5,312.4,1481,43.7,20,0,0,0,0,0,0,0,8.9,6.7769,Fresh(0-50),0,0,0,0,1,0
M,303.5,312.4,1606,31.7,22,0,0,0,0,0,0,1,8.9,5.3309,Fresh(0-50),0,0,0,0,1,0
L,303.5,312.3,1681,29.8,25,0,0,0,0,0,0,0,8.8,5.2454,Fresh(0-50),0,0,0,0,1,0
L,303.5,312.2,1511,37.1,27,0,0,0,0,0,0,0,8.7,5.87,Fresh(0-50),0,0,0,0,1,0
M,303.5,312.3,1593,35.2,29,0,0,0,0,0,0,1,8.8,5.8716,Fresh(0-50),0,0,0,0,1,0
M,303.5,312.3,1532,41.7,32,0,0,0,0,0,0,1,8.8,6.6895,Fresh(0-50),0,0,0,0,1,0
H,303.5,312.3,1386,49.0,35,0,0,0,0,0,0,2,8.8,7.1114,Fresh(0-50),0,1,1,1,1,0
H,303.4,312.3,1769,27.9,40,0,0,0,0,0,0,2,8.9,5.1681,Fresh(0-50),0,0,0,0,1,0
M,303.4,312.2,1561,38.2,45,0,0,0,0,0,0,1,8.8,6.244,Fresh(0-50),0,0,0,0,1,0
L,303.3,312.2,1457,40.7,48,0,0,0,0,0,0,0,8.9,6.2094,Fresh(0-50),0,0,0,0,1,0
L,303.3,312.2,1506,40.0,50,0,0,0,0,0,0,0,8.9,6.3079,Fresh(0-50),0,0,0,0,1,0
L,303.4,312.2,1337,69.4,52,1,0,0,1,0,0,0,8.8,9.716,Low(51-100),0,1,1,1,1,1
L,303.4,312.3,1287,54.8,54,0,0,0,0,0,0,0,8.9,7.3851,Low(51-100),0,1,1,1,1,0
M,303.4,312.2,1615,35.7,56,0,0,0,0,0,0,1,8.8,6.0372,Low(51-100),0,0,0,0,1,0
M,303.4,312.2,1972,23.5,59,0,0,0,0,0,0,1,8.8,4.8526,Low(51-100),0,0,0,0,1,0
H,303.4,312.3,1522,42.1,62,0,0,0,0,0,0,2,8.9,6.7095,Low(51-100),0,0,0,0,1,0
L,303.4,312.3,1680,30.6,67,0,0,0,0,0,0,0,8.9,5.383,Low(51-100),0,0,0,0,1,0
L,303.4,312.3,1502,36.0,69,0,0,0,0,0,0,0,8.9,5.662,Low(51-100),0,0,0,0,1,0
M,303.5,312.3,1543,33.3,71,0,0,0,0,0,0,1,8.8,5.3803,Low(51-100),0,0,0,0,1,0
L,303.5,312.3,1584,35.2,74,0,0,0,0,0,0,0,8.8,5.8384,Low(51-100),0,0,0,0,1,0
L,303.5,312.4,1340,44.5,76,0,0,0,0,0,0,0,8.9,6.244,Low(51-100),0,0,1,0,1,0
L,303.4,312.3,1663,33.9,78,0,0,0,0,0,0,0,8.9,5.9032,Low(51-100),0,0,0,0,1,0
M,303.3,312.1,1693,30.0,80,0,0,0,0,0,0,1,8.8,5.3183,Low(51-100),0,0,0,0,1,0
L,303.3,312.1,1418,44.7,83,0,0,0,0,0,0,0,8.8,6.6371,Low(51-100),0,0,1,0,1,0
H,303.4,312.2,1554,36.8,85,0,0,0,0,0,0,2,8.8,5.9882,Low(51-100),0,0,0,0,1,0
L,303.4,312.2,1580,35.8,90,0,0,0,0,0,0,0,8.8,5.9229,Low(51-100),0,0,0,0,1,0
L,303.4,312.3,1479,42.8,92,0,0,0,0,0,0,0,8.9,6.6284,Low(51-100),0,0,0,0,1,0
L,303.5,312.4,1284,70.6,94,1,0,0,1,0,0,0,8.9,9.4922,Low(51-100),0,1,1,1,1,1
L,303.4,312.3,1540,38.7,96,0,0,0,0,0,0,0,8.9,6.2406,Low(51-100),0,0,0,0,1,0
M,303.5,312.4,1606,30.1,98,0,0,0,0,0,0,1,8.9,5.0618,Low(51-100),0,0,0,0,1,0
L,303.6,312.5,1286,62.4,101,0,0,0,0,0,0,0,8.9,8.4028,Medium(101-150),0,1,1,1,1,0
L,303.6,312.6,1502,39.5,103,0,0,0,0,0,0,0,9.0,6.2125,Medium(101-150),0,0,0,0,1,0
M,303.6,312.7,1699,31.5,105,0,0,0,0,0,0,1,9.1,5.604,Medium(101-150),0,0,0,0,1,0
L,303.5,312.6,1602,34.2,108,0,0,0,0,0,0,0,9.1,5.737,Medium(101-150),0,0,0,0,1,0
H,303.6,312.6,1436,42.0,110,0,0,0,0,0,0,2,9.0,6.3154,Medium(101-150),0,0,0,0,1,0
M,303.6,312.7,1765,27.5,115,0,0,0,0,0,0,1,9.1,5.0825,Medium(101-150),0,0,0,0,1,0
L,303.6,312.7,1418,44.1,118,0,0,0,0,0,0,0,9.1,6.548,Medium(101-150),0,0,1,0,1,0
M,303.7,312.7,1669,31.7,120,0,0,0,0,0,0,1,9.0,5.54,Medium(101-150),0,0,0,0,1,0
L,303.7,312.7,1395,53.9,123,0,0,0,0,0,0,0,9.0,7.8734,Medium(101-150),0,1,1,1,1,0
M,303.8,312.7,1500,41.7,125,0,0,0,0,0,0,1,8.9,6.5497,Medium(101-150),0,0,0,0,1,0
M,303.8,312.7,1555,33.4,128,0,0,0,0,0,0,1,8.9,5.4384,Medium(101-150),0,0,0,0,1,0
M,303.8,312.7,1919,20.2,131,0,0,0,0,0,0,1,8.9,4.059,Medium(101-150),0,0,0,0,1,0
L,303.8,312.7,1596,36.6,134,0,0,0,0,0,0,0,8.9,6.1166,Medium(101-150),0,0,0,0,1,0
M,303.8,312.7,1374,53.6,136,0,0,0,0,0,0,1,8.9,7.7117,Medium(101-150),0,1,1,1,1,0
L,303.7,312.5,1670,26.1,139,0,0,0,0,0,0,0,8.8,4.5641,Medium(101-150),0,0,0,0,1,0
L,303.7,312.6,1702,29.1,141,0,0,0,0,0,0,0,8.9,5.1862,Medium(101-150),0,0,0,0,1,0
M,303.8,312.5,1366,45.1,143,0,0,0,0,0,0,1,8.7,6.451,Medium(101-150),0,0,1,0,1,0
M,303.8,312.5,2344,15.2,146,0,0,0,0,0,0,1,8.7,3.7308,Medium(101-150),0,0,0,0,1,0
M,303.8,312.6,1768,23.9,149,0,0,0,0,0,0,1,8.8,4.4246,Medium(101-150),0,0,0,0,1,0
L,303.8,312.5,1523,47.0,152,0,0,0,0,0,0,0,8.7,7.4954,High(151-200),0,1,0,0,1,0
L,303.8,312.6,1735,25.9,154,0,0,0,0,0,0,0,8.8,4.7054,High(151-200),0,0,0,0,1,0
L,303.9,312.7,1339,62.3,156,0,0,0,0,0,0,0,8.8,8.735,High(151-200),0,1,1,1,1,0
L,303.9,312.7,1800,24.3,158,0,0,0,0,0,0,0,8.8,4.5801,High(151-200),0,0,0,0,1,0
M,304.0,312.7,1456,51.2,160,0,0,0,0,0,0,1,8.7,7.806,High(151-200),0,1,0,0,1,0
L,303.9,312.7,1789,24.4,163,0,0,0,0,0,0,0,8.8,4.5708,High(151-200),0,0,0,0,1,0
L,303.9,312.7,1602,33.9,165,0,0,0,0,0,0,0,8.8,5.6867,High(151-200),0,0,0,0,1,0
M,303.8,312.7,1364,49.3,167,0,0,0,0,0,0,1,8.9,7.0414,High(151-200),0,1,1,1,1,0
L,303.8,312.6,1793,28.1,170,0,0,0,0,0,0,0,8.8,5.2757,High(151-200),0,0,0,0,1,0
L,303.9,312.6,1426,53.4,172,0,0,0,0,0,0,0,8.7,7.9737,High(151-200),0,1,0,0,1,0
M,303.9,312.7,1485,43.3,174,0,0,0,0,0,0,1,8.8,6.733,High(151-200),0,0,0,0,1,0
L,303.9,312.7,1528,38.4,177,0,0,0,0,0,0,0,8.8,6.144,High(151-200),0,0,0,0,1,0
L,303.8,312.6,1565,36.0,179,0,0,0,0,0,0,0,8.8,5.8995,High(151-200),0,0,0,0,1,0
L,303.8,312.7,1838,27.8,181,0,0,0,0,0,0,0,8.9,5.3504,High(151-200),0,0,0,0,1,0
H,303.8,312.6,1811,24.9,183,0,0,0,0,0,0,2,8.8,4.7219,High(151-200),0,0,0,0,1,0
L,303.8,312.7,1461,38.2,188,0,0,0,0,0,0,0,8.9,5.844,High(151-200),0,0,0,0,1,0
L,303.8,312.7,1414,41.7,190,0,0,0,0,0,0,0,8.9,6.1742,High(151-200),0,0,1,0,1,0
L,303.7,312.7,1426,45.5,192,0,0,0,0,0,0,0,9.0,6.794,High(151-200),0,0,0,0,1,0
L,303.7,312.7,1359,56.8,194,1,0,0,0,1,0,0,9.0,8.0828,High(151-200),0,1,1,1,1,1
L,303.7,312.7,1540,44.8,196,0,0,0,0,0,0,0,9.0,7.2243,High(151-200),0,0,0,0,1,0
L,303.6,312.7,1429,47.7,198,0,0,0,0,0,0,0,9.1,7.1375,High(151-200),0,1,0,0,1,0
M,303.7,312.7,1612,36.3,200,0,0,0,0,0,0,1,9.0,6.1273,High(151-200),0,0,0,0,1,0
M,303.7,312.8,1685,31.8,203,0,0,0,0,0,0,1,9.1,5.6108,Critical(>200),1,0,0,0,1,0
M,303.7,312.8,1558,37.7,206,0,0,0,0,0,0,1,9.1,6.1504,Critical(>200),1,0,0,0,1,0
L,303.7,313.0,1811,24.3,209,0,0,0,0,0,0,0,9.3,4.6081,Critical(>200),1,0,0,0,1,0
L,303.8,313.1,1869,25.8,211,0,0,0,0,0,0,0,9.3,5.0492,Critical(>200),1,0,0,0,1,0
L,303.8,313.1,1256,58.7,213,1,0,0,0,1,0,0,9.3,7.7201,Critical(>200),1,1,1,1,1,1
M,303.8,313.0,1789,23.5,215,0,0,0,0,0,0,1,9.2,4.4023,Critical(>200),1,0,0,0,1,0
L,303.7,312.9,1502,40.5,0,0,0,0,0,0,0,0,9.2,6.3697,Fresh(0-50),0,0,0,0,1,0
M,303.7,313.0,1303,54.4,2,0,0,0,0,0,0,1,9.3,7.4223,Fresh(0-50),0,1,1,1,1,0
L,303.8,313.1,2497,13.0,5,1,0,0,1,0,0,0,9.3,3.3991,Fresh(0-50),0,0,0,0,1,1
L,303.9,313.2,1499,37.4,7,0,0,0,0,0,0,0,9.3,5.8704,Fresh(0-50),0,0,0,0,1,0
L,303.9,313.2,1393,46.5,9,0,0,0,0,0,0,0,9.3,6.7827,Fresh(0-50),0,0,1,0,1,0
M,303.9,313.0,1475,41.0,11,0,0,0,0,0,0,1,9.1,6.3325,Fresh(0-50),0,0,0,0,1,0
L,303.8,312.9,1573,34.6,14,0,0,0,0,0,0,0,9.1,5.699,Fresh(0-50),0,0,0,0,1,0
L,303.8,312.9,1819,23.7,16,0,0,0,0,0,0,0,9.1,4.5142,Fresh(0-50),0,0,0,0,1,0
M,303.5,312.6,1642,29.4,18,0,0,0,0,0,0,1,9.1,5.055,Fresh(0-50),0,0,0,0,1,0
L,303.6,312.6,1540,39.8,21,0,0,0,0,0,0,0,9.0,6.418,Fresh(0-50),0,0,0,0,1,0
M,303.6,312.8,1400,43.2,23,0,0,0,0,0,0,1,9.2,6.333,Fresh(0-50),0,0,1,0,1,0
M,303.6,312.8,2659,11.4,26,1,0,0,1,0,0,1,9.2,3.1741,Fresh(0-50),0,0,0,0,1,1
M,303.6,312.8,1825,25.2,29,0,0,0,0,0,0,1,9.2,4.8157,Fresh(0-50),0,0,0,0,1,0
M,303.7,312.9,1532,41.3,32,0,0,0,0,0,0,1,9.2,6.6253,Fresh(0-50),0,0,0,0,1,0
L,303.7,312.8,1832,23.6,35,0,0,0,0,0,0,0,9.1,4.5272,Fresh(0-50),0,0,0,0,1,0
M,303.6,312.7,2174,17.6,37,0,0,0,0,0,0,1,9.1,4.0065,Fresh(0-50),0,0,0,0,1,0
L,303.7,312.8,1627,31.7,40,0,0,0,0,0,0,0,9.1,5.4006,Fresh(0-50),0,0,0,0,1,0
L,303.7,312.8,1437,51.3,42,0,0,0,0,0,0,0,9.1,7.7192,Fresh(0-50),0,1,0,0,1,0
L,303.7,312.8,1364,46.3,44,0,0,0,0,0,0,0,9.1,6.6129,Fresh(0-50),0,0,1,0,1,0
M,303.7,312.9,1444,52.7,46,0,0,0,0,0,0,1,9.2,7.9685,Fresh(0-50),0,1,0,0,1,0
M,303.7,312.8,1366,47.3,49,0,0,0,0,0,0,1,9.1,6.7656,Fresh(0-50),0,1,1,1,1,0
L,303.8,312.9,1442,48.3,52,0,0,0,0,0,0,0,9.1,7.293,Low(51-100),0,1,0,0,1,0
H,303.7,312.8,1488,42.8,54,0,0,0,0,0,0,2,9.1,6.6687,Low(51-100),0,0,0,0,1,0
L,303.7,312.8,1523,40.7,59,0,0,0,0,0,0,0,9.1,6.4907,Low(51-100),0,0,0,0,1,0
L,303.7,312.8,1543,38.3,61,0,0,0,0,0,0,0,9.1,6.1882,Low(51-100),0,0,0,0,1,0
M,303.7,312.8,1634,33.8,63,0,0,0,0,0,0,1,9.1,5.7832,Low(51-100),0,0,0,0,1,0
M,303.8,312.9,1815,27.8,66,0,0,0,0,0,0,1,9.1,5.2835,Low(51-100),0,0,0,0,1,0
M,303.8,312.9,1594,35.2,69,0,0,0,0,0,0,1,9.1,5.8753,Low(51-100),0,0,0,0,1,0
L,303.8,313.0,1452,38.6,72,0,0,0,0,0,0,0,9.2,5.8688,Low(51-100),0,0,0,0,1,0
L,303.9,313.0,1759,28.4,74,0,0,0,0,0,0,0,9.1,5.231,Low(51-100),0,0,0,0,1,0
L,303.9,313.0,1408,47.5,76,0,0,0,0,0,0,0,9.1,7.0031,Low(51-100),0,1,1,1,1,0
L,303.9,313.0,1483,45.0,78,0,0,0,0,0,0,0,9.1,6.988,Low(51-100),0,0,0,0,1,0
M,303.9,313.0,1620,36.6,80,0,0,0,0,0,0,1,9.1,6.2086,Low(51-100),0,0,0,0,1,0
M,304.0,313.1,1466,39.5,83,0,0,0,0,0,0,1,9.1,6.0636,Low(51-100),0,0,0,0,1,0
L,304.1,313.1,1556,36.3,86,0,0,0,0,0,0,0,9.0,5.9144,Low(51-100),0,0,0,0,1,0
L,304.0,313.0,1350,61.1,88,0,0,0,0,0,0,0,9.0,8.6372,Low(51-100),0,1,1,1,1,0
L,304.0,313.1,1404,47.1,90,0,0,0,0,0,0,0,9.1,6.9244,Low(51-100),0,1,1,1,1,0
M,304.0,313.0,1575,34.5,92,0,0,0,0,0,0,1,9.0,5.6898,Low(51-100),0,0,0,0,1,0
L,303.9,313.1,1639,29.0,95,0,0,0,0,0,0,0,9.2,4.9771,Low(51-100),0,0,0,0,1,0
M,303.9,313.1,1473,42.8,97,0,0,0,0,0,0,1,9.2,6.6015,Low(51-100),0,0,0,0,1,0
L,303.9,313.2,1481,40.0,100,0,0,0,0,0,0,0,9.3,6.2031,Low(51-100),0,0,0,0,1,0
L,304.0,313.3,1294,54.6,102,0,0,0,0,0,0,0,9.3,7.3982,Medium(101-150),0,1,1,1,1,0
M,303.9,313.2,1630,29.3,104,0,0,0,0,0,0,1,9.3,5.0009,Medium(101-150),0,0,0,0,1,0
M,303.9,313.2,1624,39.8,107,0,0,0,0,0,0,1,9.3,6.7681,Medium(101-150),0,0,0,0,1,0
M,303.9,313.1,1437,48.3,110,0,0,0,0,0,0,1,9.2,7.2678,Medium(101-150),0,1,0,0,1,0
M,303.8,313.0,1514,45.0,113,0,0,0,0,0,0,1,9.2,7.134,Medium(101-150),0,0,0,0,1,0
M,304.0,313.1,1694,31.4,116,0,0,0,0,0,0,1,9.1,5.5698,Medium(101-150),0,0,0,0,1,0
L,304.0,313.1,1564,50.9,119,0,0,0,0,0,0,0,9.1,8.3359,Medium(101-150),0,1,0,0,1,0
M,303.9,313.1,1514,41.1,121,0,0,0,0,0,0,1,9.2,6.5157,Medium(101-150),0,0,0,0,1,0
M,304.0,313.2,1500,40.6,124,0,0,0,0,0,0,1,9.2,6.377,Medium(101-150),0,0,0,0,1,0
L,304.0,313.2,1615,37.8,127,0,0,0,0,0,0,0,9.2,6.3924,Medium(101-150),0,0,0,0,1,0
M,304.1,313.2,1586,41.1,129,0,0,0,0,0,0,1,9.1,6.8256,Medium(101-150),0,0,0,0,1,0
L,304.1,313.3,1732,28.5,132,0,0,0,0,0,0,0,9.2,5.1688,Medium(101-150),0,0,0,0,1,0
H,304.1,313.3,1689,32.5,134,0,0,0,0,0,0,2,9.2,5.7479,Medium(101-150),0,0,0,0,1,0
H,304.1,313.2,1586,34.6,139,0,0,0,0,0,0,2,9.1,5.7461,Medium(101-150),0,0,0,0,1,0
L,304.0,313.2,1314,47.1,144,0,0,0,0,0,0,0,9.2,6.4806,Medium(101-150),0,1,1,1,1,0
L,304.1,313.2,1569,35.8,146,0,0,0,0,0,0,0,9.1,5.8817,Medium(101-150),0,0,0,0,1,0
L,304.1,313.2,1468,39.4,148,0,0,0,0,0,0,0,9.1,6.0565,Medium(101-150),0,0,0,0,1,0
L,304.1,313.2,1412,47.5,150,0,0,0,0,0,0,0,9.1,7.023,Medium(101-150),0,1,1,1,1,0
M,304.1,313.2,1510,46.9,152,0,0,0,0,0,0,1,9.1,7.4156,High(151-200),0,1,0,0,1,0
M,304.1,313.2,1410,42.4,155,0,0,0,0,0,0,1,9.1,6.2601,High(151-200),0,0,1,0,1,0
M,304.1,313.3,1680,29.3,158,0,0,0,0,0,0,1,9.2,5.1543,High(151-200),0,0,0,0,1,0
H,304.0,313.2,1271,68.6,161,1,0,0,1,0,0,2,9.2,9.1299,High(151-200),0,1,1,1,1,1
H,304.0,313.1,1472,45.5,166,0,0,0,0,0,0,2,9.1,7.0132,High(151-200),0,0,0,0,1,0
H,304.0,313.0,1701,30.4,171,0,0,0,0,0,0,2,9.0,5.4147,High(151-200),0,0,0,0,1,0
L,303.9,313.0,1480,39.9,176,0,0,0,0,0,0,0,9.1,6.1835,High(151-200),0,0,0,0,1,0
L,303.9,313.0,1433,48.4,178,0,0,0,0,0,0,0,9.1,7.2625,High(151-200),0,1,0,0,1,0
L,303.8,312.9,1514,34.3,180,0,0,0,0,0,0,0,9.1,5.4377,High(151-200),0,0,0,0,1,0
L,303.8,312.9,1619,35.7,182,0,0,0,0,0,0,0,9.1,6.0522,High(151-200),0,0,0,0,1,0
H,303.8,312.9,1378,45.6,184,0,0,0,0,0,0,2,9.1,6.5798,High(151-200),0,0,1,0,1,0
M,303.9,312.9,1430,53.5,189,0,0,0,0,0,0,1,9.0,8.011,High(151-200),0,1,0,0,1,0
L,303.8,312.9,1367,49.9,192,0,0,0,0,0,0,0,9.1,7.1428,High(151-200),0,1,1,1,1,0
L,303.9,312.9,1526,42.5,194,0,0,0,0,0,0,0,9.0,6.7911,High(151-200),0,0,0,0,1,0
L,303.9,312.8,1419,47.9,196,0,0,0,0,0,0,0,8.9,7.1173,High(151-200),0,1,1,1,1,0
L,304.0,312.8,1542,42.7,198,0,0,0,0,0,0,0,8.8,6.8946,High(151-200),0,0,0,0,1,0
L,304.0,312.9,1363,62.5,200,1,0,0,0,1,0,0,8.9,8.9202,High(151-200),0,1,1,1,1,1
L,304.0,312.9,1313,53.9,202,0,0,0,0,0,0,0,8.9,7.4105,Critical(>200),1,1,1,1,1,0
H,304.0,312.9,1495,46.6,0,0,0,0,0,0,0,2,8.9,7.295,Fresh(0-50),0,0,0,0,1,0
L,304.0,313.0,1407,42.1,5,0,0,0,0,0,0,0,9.0,6.2026,Fresh(0-50),0,0,1,0,1,0
L,304.1,313.0,1566,37.2,7,0,0,0,0,0,0,0,8.9,6.1,Fresh(0-50),0,0,0,0,1,0
L,304.1,313.1,1550,30.9,9,0,0,0,0,0,0,0,9.0,5.0152,Fresh(0-50),0,0,0,0,1,0
M,304.2,313.2,1396,50.5,11,0,0,0,0,0,0,1,9.0,7.382,Fresh(0-50),0,1,1,1,1,0
M,304.3,313.3,1540,39.0,14,0,0,0,0,0,0,1,9.0,6.289,Fresh(0-50),0,0,0,0,1,0
M,304.2,313.2,1380,48.7,17,0,0,0,0,0,0,1,9.0,7.0373,Fresh(0-50),0,1,1,1,1,0
M,304.2,313.1,1608,31.1,20,0,0,0,0,0,0,1,8.9,5.2365,Fresh(0-50),0,0,0,0,1,0
H,304.2,313.0,1442,40.9,23,0,0,0,0,0,0,2,8.8,6.1757,Fresh(0-50),0,0,0,0,1,0
L,304.1,313.0,1408,45.3,28,0,0,0,0,0,0,0,8.9,6.6788,Fresh(0-50),0,0,1,0,1,0
M,304.0,313.0,1454,46.8,30,0,0,0,0,0,0,1,9.0,7.1254,Fresh(0-50),0,0,0,0,1,0
L,304.1,313.1,1666,34.6,33,0,0,0,0,0,0,0,9.0,6.036,Fresh(0-50),0,0,0,0,1,0
L,304.1,313.2,1366,46.6,35,0,0,0,0,0,0,0,9.1,6.6655,Fresh(0-50),0,0,1,0,1,0
L,304.2,313.2,1464,44.9,37,0,0,0,0,0,0,0,9.0,6.8831,Fresh(0-50),0,0,0,0,1,0
L,304.3,313.3,1775,24.9,39,0,0,0,0,0,0,0,9.0,4.628,Fresh(0-50),0,0,0,0,1,0
M,304.3,313.4,1482,43.8,41,0,0,0,0,0,0,1,9.1,6.797,Fresh(0-50),0,0,0,0,1,0
M,304.2,313.4,1411,54.8,44,0,0,0,0,0,0,1,9.2,8.0966,Fresh(0-50),0,1,1,1,1,0
L,304.2,313.3,1410,51.6,47,0,0,0,0,0,0,0,9.1,7.6184,Fresh(0-50),0,1,1,1,1,0
M,304.1,313.3,1494,39.0,49,0,0,0,0,0,0,1,9.2,6.1012,Fresh(0-50),0,0,0,0,1,0
H,304.1,313.2,1590,43.4,52,0,0,0,0,0,0,2,9.1,7.2258,Low(51-100),0,0,0,0,1,0
L,304.1,313.1,1327,54.1,57,0,0,0,0,0,0,0,9.0,7.5174,Low(51-100),0,1,1,1,1,0
L,304.1,313.1,1969,20.8,59,0,0,0,0,0,0,0,9.0,4.2885,Low(51-100),0,0,0,0,1,0
M,304.0,313.0,1377,56.0,61,0,0,0,0,0,0,1,9.0,8.0746,Low(51-100),0,1,1,1,1,0
L,304.0,313.0,1541,45.9,64,0,0,0,0,0,0,0,9.0,7.4065,Low(51-100),0,0,0,0,1,0
M,304.0,313.0,1685,28.2,66,0,0,0,0,0,0,1,9.0,4.9756,Low(51-100),0,0,0,0,1,0
L,304.0,313.1,1465,41.0,69,0,0,0,0,0,0,0,9.1,6.2895,Low(51-100),0,0,0,0,1,0
M,303.9,313.1,1483,47.2,71,0,0,0,0,0,0,1,9.2,7.3296,Low(51-100),0,1,0,0,1,0
M,303.9,313.2,1570,40.7,74,0,0,0,0,0,0,1,9.3,6.691,Low(51-100),0,0,0,0,1,0
L,303.9,313.2,1345,48.2,77,0,0,0,0,0,0,0,9.3,6.7884,Low(51-100),0,1,1,1,1,0
M,303.9,313.2,1608,40.6,79,0,0,0,0,0,0,1,9.3,6.8361,Low(51-100),0,0,0,0,1,0
M,304.0,313.3,1415,52.8,82,0,0,0,0,0,0,1,9.3,7.8232,Low(51-100),0,1,1,1,1,0
M,304.1,313.5,1470,45.8,85,0,0,0,0,0,0,1,9.4,7.0498,Low(51-100),0,0,0,0,1,0
M,304.1,313.5,1428,39.9,88,0,0,0,0,0,0,1,9.4,5.9662,Low(51-100),0,0,0,0,1,0
H,304.2,313.5,1627,32.2,91,0,0,0,0,0,0,2,9.3,5.4858,Low(51-100),0,0,0,0,1,0
L,304.2,313.4,1457,49.4,96,0,0,0,0,0,0,0,9.2,7.5367,Low(51-100),0,1,0,0,1,0
L,304.2,313.4,1475,40.2,98,0,0,0,0,0,0,0,9.2,6.2089,Low(51-100),0,0,0,0,1,0
L,304.2,313.5,1438,50.1,100,0,0,0,0,0,0,0,9.3,7.5439,Low(51-100),0,1,0,0,1,0
M,304.2,313.5,1437,47.2,102,0,0,0,0,0,0,1,9.3,7.1022,Medium(101-150),0,1,0,0,1,0
M,304.1,313.4,1518,42.4,105,0,0,0,0,0,0,1,9.3,6.7396,Medium(101-150),0,0,0,0,1,0
M,304.1,313.5,1587,33.6,108,0,0,0,0,0,0,1,9.4,5.5836,Medium(101-150),0,0,0,0,1,0
L,304.1,313.4,1399,43.7,111,0,0,0,0,0,0,0,9.3,6.4017,Medium(101-150),0,0,1,0,1,0
L,304.1,313.5,1469,44.6,113,0,0,0,0,0,0,0,9.4,6.8605,Medium(101-150),0,0,0,0,1,0
L,304.1,313.4,1374,56.6,115,0,0,0,0,0,0,0,9.3,8.1433,Medium(101-150),0,1,1,1,1,0
L,304.0,313.3,1519,36.7,117,0,0,0,0,0,0,0,9.3,5.8374,Medium(101-150),0,0,0,0,1,0
L,303.9,313.2,1540,44.4,119,0,0,0,0,0,0,0,9.3,7.1598,Medium(101-150),0,0,0,0,1,0
L,303.9,313.3,1394,51.6,121,0,0,0,0,0,0,0,9.4,7.532,Medium(101-150),0,1,1,1,1,0
M,304.0,313.4,1389,45.8,123,0,0,0,0,0,0,1,9.4,6.6614,Medium(101-150),0,0,1,0,1,0
M,304.0,313.5,1732,26.2,126,0,0,0,0,0,0,1,9.5,4.7517,Medium(101-150),0,0,0,0,1,0
L,304.1,313.6,1556,37.4,129,0,0,0,0,0,0,0,9.5,6.0937,Medium(101-150),0,0,0,0,1,0
M,304.1,313.6,1441,43.7,131,0,0,0,0,0,0,1,9.5,6.5939,Medium(101-150),0,0,0,0,1,0
L,304.1,313.6,1382,46.7,134,0,0,0,0,0,0,0,9.5,6.7581,Medium(101-150),0,0,1,0,1,0
M,304.2,313.8,1481,44.9,136,0,0,0,0,0,0,1,9.6,6.963,Medium(101-150),0,0,0,0,1,0
M,304.2,313.7,2113,18.4,139,0,0,0,0,0,0,1,9.5,4.0711,Medium(101-150),0,0,0,0,1,0
L,304.2,313.8,1401,53.9,142,0,0,0,0,0,0,0,9.6,7.9072,Medium(101-150),0,1,1,1,1,0
L,304.1,313.6,1611,31.4,144,0,0,0,0,0,0,0,9.5,5.2969,Medium(101-150),0,0,0,0,1,0
M,304.2,313.6,1512,33.4,146,0,0,0,0,0,0,1,9.4,5.288,Medium(101-150),0,0,0,0,1,0
L,304.2,313.6,1411,46.0,149,0,0,0,0,0,0,0,9.4,6.7964,Medium(101-150),0,0,1,0,1,0
M,304.2,313.6,1424,43.7,151,0,0,0,0,0,0,1,9.4,6.5161,High(151-200),0,0,0,0,1,0
L,304.2,313.6,1469,40.0,154,0,0,0,0,0,0,0,9.4,6.1529,High(151-200),0,0,0,0,1,0
H,304.2,313.5,1684,29.8,156,0,0,0,0,0,0,2,9.3,5.2548,High(151-200),0,0,0,0,1,0
M,304.2,313.5,1532,41.3,161,0,0,0,0,0,0,1,9.3,6.6253,High(151-200),0,0,0,0,1,0
M,304.2,313.5,1557,37.3,164,0,0,0,0,0,0,1,9.3,6.0813,High(151-200),0,0,0,0,1,0
M,304.3,313.5,1416,48.1,167,0,0,0,0,0,0,1,9.2,7.1319,High(151-200),0,1,1,1,1,0
L,304.3,313.5,1802,25.4,170,0,0,0,0,0,0,0,9.2,4.7928,High(151-200),0,0,0,0,1,0
M,304.3,313.5,2245,15.1,172,0,0,0,0,0,0,1,9.2,3.5497,High(151-200),0,0,0,0,1,0
L,304.2,313.4,1434,42.5,175,0,0,0,0,0,0,0,9.2,6.3817,High(151-200),0,0,0,0,1,0
M,304.1,313.3,1725,28.3,177,0,0,0,0,0,0,1,9.2,5.1118,High(151-200),0,0,0,0,1,0
L,304.2,313.3,1668,35.7,180,0,0,0,0,0,0,0,9.1,6.2354,High(151-200),0,0,0,0,1,0
L,304.1,313.3,1452,43.9,182,0,0,0,0,0,0,0,9.2,6.6746,High(151-200),0,0,0,0,1,0
L,304.1,313.3,1415,50.0,184,0,0,0,0,0,0,0,9.2,7.4084,High(151-200),0,1,1,1,1,0
L,304.1,313.2,1824,25.8,186,0,0,0,0,0,0,0,9.1,4.9277,High(151-200),0,0,0,0,1,0
L,304.1,313.3,1438,45.5,188,0,0,0,0,0,0,0,9.2,6.8512,High(151-200),0,0,0,0,1,0
L,304.1,313.3,1883,24.5,190,0,0,0,0,0,0,0,9.2,4.8307,High(151-200),0,0,0,0,1,0
L,304.2,313.4,1735,28.9,192,0,0,0,0,0,0,0,9.2,5.2504,High(151-200),0,0,0,0,1,0
L,304.3,313.5,1464,36.7,194,0,0,0,0,0,0,0,9.2,5.6261,High(151-200),0,0,0,0,1,0
M,304.3,313.6,1489,40.3,196,0,0,0,0,0,0,1,9.3,6.2834,High(151-200),0,0,0,0,1,0
M,304.4,313.6,1510,38.9,199,0,0,0,0,0,0,1,9.2,6.1507,High(151-200),0,0,0,0,1,0
M,304.3,313.6,1585,32.1,202,0,0,0,0,0,0,1,9.3,5.3276,Critical(>200),1,0,0,0,1,0
L,304.4,313.7,1509,35.0,205,1,1,0,0,0,0,0,9.3,5.5304,Critical(>200),1,0,0,0,1,1
L,304.4,313.6,1568,39.1,0,0,0,0,0,0,0,0,9.2,6.4198,Fresh(0-50),0,0,0,0,1,0
M,304.3,313.5,1525,42.0,2,0,0,0,0,0,0,1,9.2,6.7068,Fresh(0-50),0,0,0,0,1,0
L,304.4,313.7,1607,33.5,5,0,0,0,0,0,0,0,9.3,5.6371,Fresh(0-50),0,0,0,0,1,0
L,304.5,313.7,1670,32.9,7,0,0,0,0,0,0,0,9.2,5.7532,Fresh(0-50),0,0,0,0,1,0
L,304.4,313.6,1585,38.9,9,0,0,0,0,0,0,0,9.2,6.4562,Fresh(0-50),0,0,0,0,1,0
L,304.4,313.6,1569,38.4,11,0,0,0,0,0,0,0,9.2,6.3089,Fresh(0-50),0,0,0,0,1,0
L,304.4,313.6,1507,43.1,13,0,0,0,0,0,0,0,9.2,6.8012,Fresh(0-50),0,0,0,0,1,0
L,304.3,313.5,1452,41.5,15,0,0,0,0,0,0,0,9.2,6.3097,Fresh(0-50),0,0,0,0,1,0
L,304.3,313.5,1590,29.8,17,0,0,0,0,0,0,0,9.2,4.9615,Fresh(0-50),0,0,0,0,1,0
L,304.3,313.6,1409,56.0,19,0,0,0,0,0,0,0,9.3,8.2622,Fresh(0-50),0,1,1,1,1,0
L,304.3,313.5,2643,12.7,21,0,0,0,0,0,0,0,9.2,3.5148,Fresh(0-50),0,0,0,0,1,0
L,304.2,313.4,1644,31.7,23,0,0,0,0,0,0,0,9.2,5.457,Fresh(0-50),0,0,0,0,1,0
L,304.2,313.4,1568,37.6,25,0,0,0,0,0,0,0,9.2,6.1735,Fresh(0-50),0,0,0,0,1,0
H,304.2,313.3,1625,37.3,27,0,0,0,0,0,0,2,9.1,6.3469,Fresh(0-50),0,0,0,0,1,0
L,304.2,313.4,1482,41.4,32,0,0,0,0,0,0,0,9.2,6.4246,Fresh(0-50),0,0,0,0,1,0
H,304.1,313.3,1397,49.6,34,0,0,0,0,0,0,2,9.2,7.2556,Fresh(0-50),0,1,1,1,1,0
L,304.1,313.3,1459,50.3,39,0,0,0,0,0,0,0,9.2,7.6846,Fresh(0-50),0,1,0,0,1,0
L,304.2,313.4,1490,44.0,41,0,0,0,0,0,0,0,9.2,6.8649,Fresh(0-50),0,0,0,0,1,0
L,304.1,313.2,1434,50.1,43,0,0,0,0,0,0,0,9.1,7.5229,Fresh(0-50),0,1,0,0,1,0
M,304.1,313.2,2028,18.9,45,0,0,0,0,0,0,1,9.1,4.0135,Fresh(0-50),0,0,0,0,1,0
L,304.2,313.3,1464,45.9,48,0,0,0,0,0,0,0,9.1,7.0364,Fresh(0-50),0,0,0,0,1,0
M,304.2,313.4,1713,23.5,50,0,0,0,0,0,0,1,9.2,4.2152,Fresh(0-50),0,0,0,0,1,0
M,304.3,313.4,1624,32.1,53,0,0,0,0,0,0,1,9.1,5.4587,Low(51-100),0,0,0,0,1,0
L,304.2,313.4,1421,43.4,56,0,0,0,0,0,0,0,9.2,6.4577,Low(51-100),0,0,1,0,1,0
H,304.2,313.5,1546,41.4,58,0,0,0,0,0,0,2,9.3,6.702,Low(51-100),0,0,0,0,1,0
L,304.2,313.4,1639,32.7,63,0,0,0,0,0,0,0,9.2,5.6121,Low(51-100),0,0,0,0,1,0
H,304.1,313.4,1696,29.6,65,0,0,0,0,0,0,2,9.3,5.2567,Low(51-100),0,0,0,0,1,0
L,304.1,313.3,1470,39.9,70,0,0,0,0,0,0,0,9.2,6.1417,Low(51-100),0,0,0,0,1,0
M,304.1,313.3,1480,38.4,72,0,0,0,0,0,0,1,9.2,5.951,Low(51-100),0,0,0,0,1,0
M,304.2,313.4,1329,54.5,75,0,0,0,0,0,0,1,9.2,7.5843,Low(51-100),0,1,1,1,1,0
L,304.2,313.4,1740,28.2,78,0,0,0,0,0,0,0,9.2,5.138,Low(51-100),0,0,0,0,1,0
M,304.2,313.5,1739,28.1,80,0,0,0,0,0,0,1,9.3,5.1168,Low(51-100),0,0,0,0,1,0
M,304.2,313.5,1390,47.8,83,0,0,0,0,0,0,1,9.3,6.9573,Low(51-100),0,1,1,1,1,0
L,304.2,313.4,1740,23.7,86,0,0,0,0,0,0,0,9.2,4.3181,Low(51-100),0,0,0,0,1,0
M,304.0,313.3,1844,27.1,88,0,0,0,0,0,0,1,9.3,5.2327,Low(51-100),0,0,0,0,1,0
H,304.0,313.1,1388,53.2,91,0,0,0,0,0,0,2,9.1,7.7321,Low(51-100),0,1,1,1,1,0
H,304.0,313.2,1517,43.1,96,0,0,0,0,0,0,2,9.2,6.8464,Low(51-100),0,0,0,0,1,0
M,304.0,313.1,1450,42.8,101,0,0,0,0,0,0,1,9.1,6.4984,Medium(101-150),0,0,0,0,1,0
L,304.0,313.2,1584,38.7,104,0,0,0,0,0,0,0,9.2,6.4189,Medium(101-150),0,0,0,0,1,0
L,304.0,313.1,1720,28.7,106,0,0,0,0,0,0,0,9.1,5.169,Medium(101-150),0,0,0,0,1,0
L,303.9,313.1,1586,31.9,108,0,0,0,0,0,0,0,9.2,5.2977,Medium(101-150),0,0,0,0,1,0
M,303.9,313.0,1901,22.5,110,0,0,0,0,0,0,1,9.1,4.4788,Medium(101-150),0,0,0,0,1,0
L,304.0,313.0,1397,42.4,113,0,0,0,0,0,0,0,9.0,6.2024,Medium(101-150),0,0,1,0,1,0
L,304.0,313.0,2012,21.1,115,0,0,0,0,0,0,0,9.0,4.4454,Medium(101-150),0,0,0,0,1,0
L,304.0,313.0,2354,15.0,117,0,0,0,0,0,0,0,9.0,3.6974,Medium(101-150),0,0,0,0,1,0
L,304.0,313.1,1648,35.7,119,0,0,0,0,0,0,0,9.1,6.1606,Medium(101-150),0,0,0,0,1,0
L,304.0,313.2,1632,30.6,121,0,0,0,0,0,0,0,9.2,5.2292,Medium(101-150),0,0,0,0,1,0
M,304.1,313.2,1427,46.9,123,0,0,0,0,0,0,1,9.1,7.008,Medium(101-150),0,1,0,0,1,0
L,304.1,313.2,1452,48.0,126,0,0,0,0,0,0,0,9.1,7.298,Medium(101-150),0,1,0,0,1,0
L,304.0,313.2,1416,46.0,128,0,0,0,0,0,0,0,9.2,6.8205,Medium(101-150),0,0,1,0,1,0
L,303.9,313.1,1310,62.9,130,0,0,0,0,0,0,0,9.2,8.6282,Medium(101-150),0,1,1,1,1,0
H,304.0,313.1,1408,39.8,132,0,0,0,0,0,0,2,9.1,5.8679,Medium(101-150),0,0,1,0,1,0
M,303.9,313.1,1668,34.4,137,0,0,0,0,0,0,1,9.2,6.0083,Medium(101-150),0,0,0,0,1,0
L,303.9,313.0,1551,36.8,140,0,0,0,0,0,0,0,9.1,5.9766,Medium(101-150),0,0,0,0,1,0
H,303.9,313.0,1517,36.0,142,0,0,0,0,0,0,2,9.1,5.7185,Medium(101-150),0,0,0,0,1,0
H,303.8,312.9,1570,35.8,147,0,0,0,0,0,0,2,9.1,5.8854,Medium(101-150),0,0,0,0,1,0
L,303.8,312.8,1428,53.3,152,0,0,0,0,0,0,0,9.0,7.9699,High(151-200),0,1,0,0,1,0
L,303.8,312.8,1503,40.0,154,0,0,0,0,0,0,0,9.0,6.2953,High(151-200),0,0,0,0,1,0
L,303.8,312.8,1416,58.7,156,0,0,0,0,0,0,0,9.0,8.7036,High(151-200),0,1,1,1,1,0
M,303.7,312.7,1396,47.3,158,0,0,0,0,0,0,1,9.0,6.9142,High(151-200),0,1,1,1,1,0
L,303.7,312.7,1335,51.1,161,0,0,0,0,0,0,0,9.0,7.1433,High(151-200),0,1,1,1,1,0
M,303.7,312.6,1671,30.5,163,0,0,0,0,0,0,1,8.9,5.3367,High(151-200),0,0,0,0,1,0
L,303.7,312.7,1989,22.4,166,0,0,0,0,0,0,0,9.0,4.6653,High(151-200),0,0,0,0,1,0
L,303.7,312.7,1468,43.3,168,0,0,0,0,0,0,0,9.0,6.656,High(151-200),0,0,0,0,1,0
H,303.7,312.6,1711,27.6,170,0,0,0,0,0,0,2,8.9,4.9449,High(151-200),0,0,0,0,1,0
M,303.8,312.7,1488,41.3,175,0,0,0,0,0,0,1,8.9,6.435,High(151-200),0,0,0,0,1,0
L,303.8,312.7,1664,29.3,178,0,0,0,0,0,0,0,8.9,5.1053,High(151-200),0,0,0,0,1,0
M,303.8,312.7,1507,38.5,180,0,0,0,0,0,0,1,8.9,6.0753,High(151-200),0,0,0,0,1,0
L,303.7,312.6,1466,42.5,183,0,0,0,0,0,0,0,8.9,6.5241,High(151-200),0,0,0,0,1,0
L,303.7,312.5,1433,53.6,185,0,0,0,0,0,0,0,8.8,8.0428,High(151-200),0,1,0,0,1,0
L,303.7,312.5,1397,45.7,187,0,0,0,0,0,0,0,8.8,6.6851,High(151-200),0,0,1,0,1,0
M,303.7,312.6,1429,43.3,189,0,0,0,0,0,0,1,8.9,6.4791,High(151-200),0,0,0,0,1,0
L,303.7,312.7,1572,37.2,192,0,0,0,0,0,0,0,9.0,6.1234,High(151-200),0,0,0,0,1,0
M,303.7,312.7,1532,42.7,194,0,0,0,0,0,0,1,9.0,6.8499,High(151-200),0,0,0,0,1,0
M,303.7,312.7,1316,51.8,197,0,0,0,0,0,0,1,9.0,7.1381,High(151-200),0,1,1,1,1,0
M,303.8,312.8,1420,47.9,200,0,0,0,0,0,0,1,9.0,7.1223,High(151-200),0,1,1,1,1,0
L,303.8,312.9,1589,37.2,203,0,0,0,0,0,0,0,9.1,6.1896,Critical(>200),1,0,0,0,1,0
L,303.8,313.0,1365,59.9,205,1,0,0,0,1,0,0,9.2,8.5616,Critical(>200),1,1,1,1,1,1
L,303.8,313.0,1633,32.9,207,0,0,0,0,0,0,0,9.2,5.6257,Critical(>200),1,0,0,0,1,0
L,303.9,313.0,1626,31.4,209,0,0,0,0,0,0,0,9.1,5.3462,Critical(>200),1,0,0,0,1,0
L,303.9,313.1,1665,29.6,0,0,0,0,0,0,0,0,9.2,5.1606,Fresh(0-50),0,0,0,0,1,0
M,303.9,313.2,1350,47.2,2,0,0,0,0,0,0,1,9.3,6.6723,Fresh(0-50),0,1,1,1,1,0
L,303.9,313.2,1590,31.9,5,0,0,0,0,0,0,0,9.3,5.3111,Fresh(0-50),0,0,0,0,1,0
M,304.0,313.2,1437,53.9,7,0,0,0,0,0,0,1,9.2,8.1104,Fresh(0-50),0,1,0,0,1,0
L,303.9,313.0,1403,48.3,10,0,0,0,0,0,0,0,9.1,7.0958,Fresh(0-50),0,1,1,1,1,0
L,303.9,313.1,1440,41.1,12,0,0,0,0,0,0,0,9.2,6.1973,Fresh(0-50),0,0,0,0,1,0
M,303.9,313.1,1343,61.4,14,0,0,0,0,0,0,1,9.2,8.6346,Fresh(0-50),0,1,1,1,1,0
H,303.9,313.1,1790,26.7,17,0,0,0,0,0,0,2,9.2,5.0045,Fresh(0-50),0,0,0,0,1,0
M,303.8,313.1,2117,18.6,22,0,0,0,0,0,0,1,9.3,4.1232,Fresh(0-50),0,0,0,0,1,0
L,303.8,313.1,1458,42.2,25,0,0,0,0,0,0,0,9.3,6.4427,Fresh(0-50),0,0,0,0,1,0
L,303.6,312.9,1381,57.8,27,0,0,0,0,0,0,0,9.3,8.3583,Fresh(0-50),0,1,1,1,1,0
L,303.6,312.9,1450,45.3,29,0,0,0,0,0,0,0,9.3,6.878,Fresh(0-50),0,0,0,0,1,0
L,303.7,312.9,1461,50.1,31,0,0,0,0,0,0,0,9.2,7.6645,Fresh(0-50),0,1,0,0,1,0
M,303.7,312.9,1511,41.0,33,0,0,0,0,0,0,1,9.2,6.487,Fresh(0-50),0,0,0,0,1,0
L,303.8,313.1,1394,45.4,36,0,0,0,0,0,0,0,9.3,6.627,Fresh(0-50),0,0,1,0,1,0
L,303.8,313.0,1499,42.3,38,0,0,0,0,0,0,0,9.2,6.6395,Fresh(0-50),0,0,0,0,1,0
L,303.7,313.0,1457,44.1,40,0,0,0,0,0,0,0,9.3,6.7281,Fresh(0-50),0,0,0,0,1,0
L,303.7,313.0,1753,29.0,42,0,0,0,0,0,0,0,9.3,5.3232,Fresh(0-50),0,0,0,0,1,0
L,303.7,313.0,1694,28.0,44,0,0,0,0,0,0,0,9.3,4.9667,Fresh(0-50),0,0,0,0,1,0
L,303.7,313.1,1683,28.4,46,0,0,0,0,0,0,0,9.4,5.0049,Fresh(0-50),0,0,0,0,1,0
L,303.7,313.1,1496,47.4,48,0,0,0,0,0,0,0,9.4,7.4252,Fresh(0-50),0,1,0,0,1,0
L,303.7,313.1,1721,34.8,50,0,0,0,0,0,0,0,9.4,6.2713,Fresh(0-50),0,0,0,0,1,0
L,303.6,313.0,1593,31.6,52,0,0,0,0,0,0,0,9.4,5.2711,Low(51-100),0,0,0,0,1,0
L,303.6,313.0,1575,38.3,54,0,0,0,0,0,0,0,9.4,6.3165,Low(51-100),0,0,0,0,1,0
L,303.5,313.0,1465,41.0,56,0,0,0,0,0,0,0,9.5,6.2895,Low(51-100),0,0,0,0,1,0
L,303.6,313.1,1405,38.3,58,0,0,0,0,0,0,0,9.5,5.6347,Low(51-100),0,0,1,0,1,0
M,303.5,313.0,1902,21.6,60,0,0,0,0,0,0,1,9.5,4.3019,Low(51-100),0,0,0,0,1,0
M,303.4,312.9,1422,39.9,63,0,0,0,0,0,0,1,9.5,5.9411,Low(51-100),0,0,1,0,1,0
L,303.5,312.9,1332,52.9,66,0,0,0,0,0,0,0,9.4,7.3783,Low(51-100),0,1,1,1,1,0
M,303.4,312.9,1307,54.3,68,0,0,0,0,0,0,1,9.5,7.4314,Low(51-100),0,1,1,1,1,0
L,303.5,313.0,1322,59.5,71,0,0,0,0,0,0,0,9.5,8.2365,Low(51-100),0,1,1,1,1,0
L,303.5,313.0,1547,40.3,73,0,0,0,0,0,0,0,9.5,6.5282,Low(51-100),0,0,0,0,1,0
L,303.5,313.1,1897,23.6,75,0,0,0,0,0,0,0,9.6,4.6879,Low(51-100),0,0,0,0,1,0
M,303.5,313.0,1403,51.9,77,0,0,0,0,0,0,1,9.5,7.6247,Low(51-100),0,1,1,1,1,0
L,303.5,313.0,1393,51.6,80,0,0,0,0,0,0,0,9.5,7.5266,Low(51-100),0,1,1,1,1,0
L,303.5,313.0,1482,38.5,82,0,0,0,0,0,0,0,9.5,5.9746,Low(51-100),0,0,0,0,1,0
M,303.5,312.9,1572,44.7,84,0,0,0,0,0,0,1,9.4,7.3579,Low(51-100),0,0,0,0,1,0
L,303.5,312.9,1544,36.9,87,0,0,0,0,0,0,0,9.4,5.9658,Low(51-100),0,0,0,0,1,0
M,303.5,313.0,1492,46.1,89,0,0,0,0,0,0,1,9.5,7.2022,Low(51-100),0,0,0,0,1,0
L,303.4,312.8,1513,35.8,92,0,0,0,0,0,0,0,9.4,5.6718,Low(51-100),0,0,0,0,1,0
L,303.4,312.8,1449,43.9,94,0,0,0,0,0,0,0,9.4,6.6608,Low(51-100),0,0,0,0,1,0
L,303.5,312.8,1877,22.3,96,0,0,0,0,0,0,0,9.3,4.3829,Low(51-100),0,0,0,0,1,0
L,303.4,312.8,1376,53.4,98,0,0,0,0,0,0,0,9.4,7.6941,Low(51-100),0,1,1,1,1,0
M,303.5,312.9,1883,23.3,100,0,0,0,0,0,0,1,9.4,4.5941,Low(51-100),0,0,0,0,1,0
M,303.4,312.8,1518,38.7,103,0,0,0,0,0,0,1,9.4,6.1515,Medium(101-150),0,0,0,0,1,0
M,303.5,312.9,1438,42.8,106,0,0,0,0,0,0,1,9.4,6.4446,Medium(101-150),0,0,0,0,1,0
L,303.4,312.9,1389,54.1,109,0,0,0,0,0,0,0,9.5,7.8686,Medium(101-150),0,1,1,1,1,0
L,303.5,312.9,1504,44.8,111,0,0,0,0,0,0,0,9.4,7.0554,Medium(101-150),0,0,0,0,1,0
L,303.5,312.9,1275,64.4,113,0,0,0,0,0,0,0,9.4,8.5979,Medium(101-150),0,1,1,1,1,0
L,303.6,313.0,1534,39.7,115,0,0,0,0,0,0,0,9.4,6.3769,Medium(101-150),0,0,0,0,1,0
M,303.6,313.0,1396,38.2,117,0,0,0,0,0,0,1,9.4,5.584,Medium(101-150),0,0,1,0,1,0
L,303.6,313.1,1395,44.1,120,0,0,0,0,0,0,0,9.5,6.4418,Medium(101-150),0,0,1,0,1,0
L,303.6,313.0,1617,30.9,122,0,0,0,0,0,0,0,9.4,5.232,Medium(101-150),0,0,0,0,1,0
L,303.7,313.1,1423,41.2,124,0,0,0,0,0,0,0,9.4,6.139,Medium(101-150),0,0,0,0,1,0
L,303.5,313.0,1606,34.0,126,0,0,0,0,0,0,0,9.5,5.7177,Medium(101-150),0,0,0,0,1,0
L,303.5,312.9,1501,44.0,128,0,0,0,0,0,0,0,9.4,6.9156,Medium(101-150),0,0,0,0,1,0
M,303.5,312.9,1618,30.4,130,0,0,0,0,0,0,1,9.4,5.1505,Medium(101-150),0,0,0,0,1,0
L,303.6,313.0,1522,35.8,133,0,0,0,0,0,0,0,9.4,5.7055,Medium(101-150),0,0,0,0,1,0
L,303.6,312.9,1480,41.4,135,0,0,0,0,0,0,0,9.3,6.4159,Medium(101-150),0,0,0,0,1,0
M,303.7,313.0,1469,39.9,137,0,0,0,0,0,0,1,9.3,6.1375,Medium(101-150),0,0,0,0,1,0
H,303.8,313.2,1381,52.4,140,0,0,0,0,0,0,2,9.4,7.5774,Medium(101-150),0,1,1,1,1,0
L,303.8,313.2,1525,41.9,145,0,0,0,0,0,0,0,9.4,6.6908,Medium(101-150),0,0,0,0,1,0
M,303.8,313.2,1732,29.6,147,0,0,0,0,0,0,1,9.4,5.3683,Medium(101-150),0,0,0,0,1,0
L,303.8,313.1,1523,39.8,150,0,0,0,0,0,0,0,9.3,6.3472,Medium(101-150),0,0,0,0,1,0
L,303.8,313.1,1422,42.4,152,0,0,0,0,0,0,0,9.3,6.3134,High(151-200),0,0,1,0,1,0
H,303.8,313.2,1506,46.9,154,0,0,0,0,0,0,2,9.4,7.396,High(151-200),0,1,0,0,1,0
L,303.8,313.2,1531,39.4,159,0,0,0,0,0,0,0,9.4,6.3164,High(151-200),0,0,0,0,1,0
M,303.9,313.3,1507,34.3,161,0,0,0,0,0,0,1,9.4,5.4126,High(151-200),0,0,0,0,1,0
L,303.9,313.3,1526,40.7,164,0,0,0,0,0,0,0,9.4,6.5035,High(151-200),0,0,0,0,1,0
L,303.8,313.3,1406,52.1,166,0,0,0,0,0,0,0,9.5,7.6704,High(151-200),0,1,1,1,1,0
M,303.9,313.3,1567,35.0,168,0,0,0,0,0,0,1,9.4,5.7429,High(151-200),0,0,0,0,1,0
M,303.9,313.4,1464,49.1,171,0,0,0,0,0,0,1,9.5,7.527,High(151-200),0,1,0,0,1,0
L,303.9,313.4,1442,48.5,174,0,0,0,0,0,0,0,9.5,7.3232,High(151-200),0,1,0,0,1,0
L,303.8,313.2,1336,47.8,176,0,0,0,0,0,0,0,9.4,6.687,High(151-200),0,1,1,1,1,0
H,303.8,313.2,1379,50.2,178,0,0,0,0,0,0,2,9.4,7.2488,High(151-200),0,1,1,1,1,0
L,303.7,313.1,1406,48.6,183,0,0,0,0,0,0,0,9.4,7.1551,High(151-200),0,1,1,1,1,0
M,303.7,313.1,2130,18.1,185,0,0,0,0,0,0,1,9.4,4.037,High(151-200),0,0,0,0,1,0
L,303.7,313.1,1355,49.1,188,0,0,0,0,0,0,0,9.4,6.9665,High(151-200),0,1,1,1,1,0
M,303.8,313.2,1710,26.5,190,0,0,0,0,0,0,1,9.4,4.745,High(151-200),0,0,0,0,1,0
L,303.8,313.1,1309,55.8,193,0,0,0,0,0,0,0,9.3,7.6484,High(151-200),0,1,1,1,1,0
L,303.9,313.1,1491,37.2,195,0,0,0,0,0,0,0,9.2,5.8079,High(151-200),0,0,0,0,1,0
L,303.9,313.2,1481,44.1,197,0,0,0,0,0,0,0,9.3,6.839,High(151-200),0,0,0,0,1,0
L,303.9,313.1,1425,49.3,199,0,0,0,0,0,0,0,9.2,7.3563,High(151-200),0,1,0,0,1,0
H,303.9,313.2,1680,29.1,201,0,0,0,0,0,0,2,9.3,5.1192,Critical(>200),1,0,0,0,1,0
H,304.0,313.2,1612,31.7,206,0,0,0,0,0,0,2,9.2,5.3508,Critical(>200),1,0,0,0,1,0
L,304.0,313.3,1530,34.8,211,0,0,0,0,0,0,0,9.3,5.5753,Critical(>200),1,0,0,0,1,0
L,304.0,313.2,1481,42.6,213,0,0,0,0,0,0,0,9.2,6.6063,Critical(>200),1,0,0,0,1,0
M,303.9,313.2,1422,48.0,215,1,1,0,0,0,0,1,9.3,7.1472,Critical(>200),1,1,1,1,1,1
L,303.8,313.0,1427,43.0,0,0,0,0,0,0,0,0,9.2,6.4252,Fresh(0-50),0,0,0,0,1,0
H,303.7,312.9,1460,49.8,2,0,0,0,0,0,0,2,9.2,7.6134,Fresh(0-50),0,1,0,0,1,0
L,303.6,312.9,1873,23.5,7,0,0,0,0,0,0,0,9.3,4.609,Fresh(0-50),0,0,0,0,1,0
M,303.7,312.9,1566,32.6,9,0,0,0,0,0,0,1,9.2,5.3457,Fresh(0-50),0,0,0,0,1,0
L,303.6,312.8,1701,30.8,12,0,0,0,0,0,0,0,9.2,5.4859,Fresh(0-50),0,0,0,0,1,0
L,303.6,312.8,1710,27.2,14,0,0,0,0,0,0,0,9.2,4.8704,Fresh(0-50),0,0,0,0,1,0
M,303.6,312.8,1689,33.1,16,0,0,0,0,0,0,1,9.2,5.854,Fresh(0-50),0,0,0,0,1,0
L,303.6,312.7,1637,32.9,19,0,0,0,0,0,0,0,9.1,5.6395,Fresh(0-50),0,0,0,0,1,0
L,303.5,312.6,1496,39.0,21,0,0,0,0,0,0,0,9.1,6.1093,Fresh(0-50),0,0,0,0,1,0
M,303.5,312.7,1402,47.0,23,0,0,0,0,0,0,1,9.2,6.8999,Fresh(0-50),0,1,1,1,1,0
L,303.4,312.7,1363,45.5,26,0,0,0,0,0,0,0,9.3,6.4939,Fresh(0-50),0,0,1,0,1,0
M,303.4,312.7,1576,49.9,28,0,0,0,0,0,0,1,9.3,8.2348,Fresh(0-50),0,1,0,0,1,0
M,303.4,312.7,1357,55.3,31,0,0,0,0,0,0,1,9.3,7.8578,Fresh(0-50),0,1,1,1,1,0
M,303.4,312.7,1399,48.4,34,0,0,0,0,0,0,1,9.3,7.0902,Fresh(0-50),0,1,1,1,1,0
M,303.4,312.8,1526,30.8,37,0,0,0,0,0,0,1,9.4,4.9215,Fresh(0-50),0,0,0,0,1,0
L,303.5,312.7,1694,27.3,40,0,0,0,0,0,0,0,9.2,4.8425,Fresh(0-50),0,0,0,0,1,0
M,303.5,312.7,1420,49.1,42,0,0,0,0,0,0,1,9.2,7.3007,Fresh(0-50),0,1,1,1,1,0
M,303.5,312.7,2116,16.7,45,0,0,0,0,0,0,1,9.2,3.7002,Fresh(0-50),0,0,0,0,1,0
M,303.7,312.9,1406,41.9,48,0,0,0,0,0,0,1,9.2,6.1687,Fresh(0-50),0,0,1,0,1,0
L,303.7,313.0,1456,45.5,51,0,0,0,0,0,0,0,9.3,6.937,Low(51-100),0,0,0,0,1,0
L,303.6,312.9,1588,31.9,53,0,0,0,0,0,0,0,9.3,5.3044,Low(51-100),0,0,0,0,1,0
L,303.7,312.8,1448,44.5,55,0,0,0,0,0,0,0,9.1,6.7472,Low(51-100),0,0,0,0,1,0
H,303.6,312.7,1403,46.2,57,0,0,0,0,0,0,2,9.1,6.7873,Low(51-100),0,0,1,0,1,0
M,303.5,312.6,1405,51.6,62,0,0,0,0,0,0,1,9.1,7.5914,Low(51-100),0,1,1,1,1,0
M,303.4,312.6,2706,9.8,65,1,0,0,1,0,0,1,9.2,2.7768,Low(51-100),0,0,0,0,1,1
M,303.3,312.4,1505,38.9,68,0,0,0,0,0,0,1,9.1,6.1303,Low(51-100),0,0,0,0,1,0
L,303.2,312.4,1663,33.7,71,0,0,0,0,0,0,0,9.2,5.8684,Low(51-100),0,0,0,0,1,0
M,303.3,312.6,1482,44.4,73,0,0,0,0,0,0,1,9.3,6.8901,Low(51-100),0,0,0,0,1,0
M,303.3,312.5,1674,32.7,76,0,0,0,0,0,0,1,9.2,5.7319,Low(51-100),0,0,0,0,1,0
M,303.4,312.7,1594,32.8,79,0,0,0,0,0,0,1,9.3,5.4747,Low(51-100),0,0,0,0,1,0
L,303.5,312.7,1393,49.3,82,0,0,0,0,0,0,0,9.2,7.1911,Low(51-100),0,1,1,1,1,0
H,303.5,312.8,1404,55.8,84,0,0,0,0,0,0,2,9.3,8.2035,Low(51-100),0,1,1,1,1,0
M,303.5,312.8,1375,45.7,89,0,0,0,0,0,0,1,9.3,6.5798,Low(51-100),0,0,1,0,1,0
L,303.5,312.8,1607,38.4,92,0,0,0,0,0,0,0,9.3,6.4617,Low(51-100),0,0,0,0,1,0
L,303.4,312.8,1360,50.8,94,0,0,0,0,0,0,0,9.4,7.2343,Low(51-100),0,1,1,1,1,0
L,303.5,312.8,1524,39.4,96,0,0,0,0,0,0,0,9.3,6.2875,Low(51-100),0,0,0,0,1,0
L,303.4,312.7,1534,35.5,98,0,0,0,0,0,0,0,9.3,5.7023,Low(51-100),0,0,0,0,1,0
L,303.3,312.7,1262,63.8,100,0,0,0,0,0,0,0,9.4,8.431,Low(51-100),0,1,1,1,1,0
L,303.3,312.6,1623,34.6,102,0,0,0,0,0,0,0,9.3,5.8802,Medium(101-150),0,0,0,0,1,0
M,303.3,312.7,1642,33.6,104,0,0,0,0,0,0,1,9.4,5.7771,Medium(101-150),0,0,0,0,1,0
M,303.4,312.8,1622,35.1,107,0,0,0,0,0,0,1,9.4,5.9615,Medium(101-150),0,0,0,0,1,0
M,303.5,312.9,1530,34.5,110,0,0,0,0,0,0,1,9.4,5.5272,Medium(101-150),0,0,0,0,1,0
M,303.4,312.8,1590,36.3,113,0,0,0,0,0,0,1,9.4,6.0437,Medium(101-150),0,0,0,0,1,0
L,303.4,312.7,1589,34.0,116,0,0,0,0,0,0,0,9.3,5.6572,Medium(101-150),0,0,0,0,1,0
L,303.4,312.6,1462,37.5,118,0,0,0,0,0,0,0,9.2,5.7408,Medium(101-150),0,0,0,0,1,0
H,303.3,312.5,1328,49.8,120,0,0,0,0,0,0,2,9.2,6.9251,Medium(101-150),0,1,1,1,1,0
H,303.3,312.6,1692,29.0,125,0,0,0,0,0,0,2,9.3,5.138,Medium(101-150),0,0,0,0,1,0
L,303.3,312.5,1968,20.6,130,0,0,0,0,0,0,0,9.2,4.2451,Medium(101-150),0,0,0,0,1,0
H,303.3,312.6,1827,24.2,132,0,0,0,0,0,0,2,9.3,4.6297,Medium(101-150),0,0,0,0,1,0
M,303.3,312.6,1397,47.1,137,0,0,0,0,0,0,1,9.3,6.8899,Medium(101-150),0,1,1,1,1,0
L,303.3,312.6,1463,44.0,140,0,0,0,0,0,0,0,9.3,6.7405,Medium(101-150),0,0,0,0,1,0
L,303.3,312.7,1643,30.7,142,0,0,0,0,0,0,0,9.4,5.2817,Medium(101-150),0,0,0,0,1,0
L,303.2,312.6,1281,57.0,144,0,0,0,0,0,0,0,9.4,7.6458,Medium(101-150),0,1,1,1,1,0
L,303.2,312.5,1518,39.9,146,0,0,0,0,0,0,0,9.3,6.3422,Medium(101-150),0,0,0,0,1,0
L,303.2,312.6,1601,35.3,148,0,0,0,0,0,0,0,9.4,5.9178,Medium(101-150),0,0,0,0,1,0
L,303.1,312.6,1548,36.4,150,0,0,0,0,0,0,0,9.5,5.9002,Medium(101-150),0,0,0,0,1,0
H,303.1,312.6,1404,40.6,152,0,0,0,0,0,0,2,9.5,5.9688,High(151-200),0,0,1,0,1,0
M,303.1,312.5,1766,26.7,157,0,0,0,0,0,0,1,9.4,4.9374,High(151-200),0,0,0,0,1,0
M,303.1,312.5,1667,30.0,160,0,0,0,0,0,0,1,9.4,5.2366,High(151-200),0,0,0,0,1,0
H,303.0,312.5,1507,37.9,163,0,0,0,0,0,0,2,9.5,5.9807,High(151-200),0,0,0,0,1,0
H,303.0,312.4,1627,37.1,168,0,0,0,0,0,0,2,9.4,6.3206,High(151-200),0,0,0,0,1,0
L,302.9,312.3,1435,47.7,173,0,0,0,0,0,0,0,9.4,7.1675,High(151-200),0,1,0,0,1,0
H,302.9,312.3,1509,46.8,175,0,0,0,0,0,0,2,9.4,7.3949,High(151-200),0,0,0,0,1,0
M,302.9,312.3,1809,25.0,180,0,0,0,0,0,0,1,9.4,4.7356,High(151-200),0,0,0,0,1,0
L,302.9,312.3,1515,40.8,183,0,0,0,0,0,0,0,9.4,6.4725,High(151-200),0,0,0,0,1,0
L,302.9,312.3,1530,34.9,185,0,0,0,0,0,0,0,9.4,5.5913,High(151-200),0,0,0,0,1,0
H,302.8,312.3,1336,57.5,187,0,0,0,0,0,0,2,9.5,8.044,High(151-200),0,1,1,1,1,0
L,302.9,312.4,2030,19.1,192,0,0,0,0,0,0,0,9.5,4.06,High(151-200),0,0,0,0,1,0
L,302.9,312.4,1550,36.9,194,0,0,0,0,0,0,0,9.5,5.989,High(151-200),0,0,0,0,1,0
L,302.9,312.4,1446,41.7,196,0,0,0,0,0,0,0,9.5,6.3139,High(151-200),0,0,0,0,1,0
L,302.8,312.3,1494,37.5,198,0,0,0,0,0,0,0,9.5,5.8665,High(151-200),0,0,0,0,1,0
L,302.8,312.4,1651,27.0,200,0,0,0,0,0,0,0,9.6,4.6677,High(151-200),0,0,0,0,1,0
L,302.9,312.4,1698,33.8,202,0,0,0,0,0,0,0,9.5,6.0097,Critical(>200),1,0,0,0,1,0
L,302.8,312.3,1504,40.3,204,0,0,0,0,0,0,0,9.5,6.3467,Critical(>200),1,0,0,0,1,0
M,302.9,312.4,1421,46.0,206,0,0,0,0,0,0,1,9.5,6.8446,Critical(>200),1,0,1,0,1,0
H,302.9,312.3,1754,26.9,209,0,0,0,0,0,0,2,9.4,4.9406,Critical(>200),1,0,0,0,1,0
L,302.9,312.2,1469,42.0,214,0,0,0,0,0,0,0,9.3,6.4605,Critical(>200),1,0,0,0,1,0
L,302.8,312.2,1433,50.0,216,0,0,0,0,0,0,0,9.4,7.5026,Critical(>200),1,1,0,0,1,0
M,302.8,312.3,1432,49.0,218,0,0,0,0,0,0,1,9.5,7.3474,Critical(>200),1,1,0,0,1,0
L,302.8,312.3,1366,49.1,221,0,0,0,0,0,0,0,9.5,7.0231,Critical(>200),1,1,1,1,1,0
H,302.8,312.3,1483,47.2,223,0,0,0,0,0,0,2,9.5,7.3296,Critical(>200),1,1,0,0,1,0
L,302.7,312.2,1572,34.4,228,0,0,0,0,0,0,0,9.5,5.6625,Critical(>200),1,0,0,0,1,0
L,302.8,312.2,1481,40.2,230,0,0,0,0,0,0,0,9.4,6.2342,Critical(>200),1,0,0,0,1,0
L,302.8,312.3,1473,42.6,232,0,0,0,0,0,0,0,9.5,6.5707,Critical(>200),1,0,0,0,1,0
M,302.8,312.3,1262,70.5,234,1,0,0,1,1,0,1,9.5,9.3163,Critical(>200),1,1,1,1,1,2
L,302.8,312.4,1529,36.8,237,0,0,0,0,0,0,0,9.6,5.8919,Critical(>200),1,0,0,0,1,0
L,302.8,312.4,1523,39.7,239,0,0,0,0,0,0,0,9.6,6.3312,Critical(>200),1,0,0,0,1,0
M,302.8,312.3,1416,42.7,241,0,0,0,0,0,0,1,9.5,6.3312,Critical(>200),1,0,1,0,1,0
L,302.9,312.4,1923,23.9,244,0,0,0,0,0,0,0,9.5,4.8125,Critical(>200),1,0,0,0,1,0
H,302.8,312.4,1411,53.8,246,1,0,0,0,1,0,2,9.6,7.9489,Critical(>200),1,1,1,1,1,1
L,302.7,312.4,1477,46.3,251,1,0,0,0,1,0,0,9.7,7.1607,Critical(>200),1,0,0,0,1,1
M,302.6,312.3,1454,54.8,253,1,1,0,0,1,0,1,9.7,8.3434,Critical(>200),1,1,0,0,1,2
L,302.7,312.3,1421,48.5,0,0,0,0,0,0,0,0,9.6,7.2166,Fresh(0-50),0,1,1,1,1,0
L,302.7,312.3,1858,25.4,2,0,0,0,0,0,0,0,9.6,4.9417,Fresh(0-50),0,0,0,0,1,0
H,302.8,312.5,1422,46.1,4,0,0,0,0,0,0,2,9.7,6.8643,Fresh(0-50),0,0,1,0,1,0
L,302.7,312.4,1444,48.7,9,0,0,0,0,0,0,0,9.7,7.3636,Fresh(0-50),0,1,0,0,1,0
L,302.7,312.4,1360,47.8,11,0,0,0,0,0,0,0,9.7,6.8071,Fresh(0-50),0,1,1,1,1,0
L,302.7,312.4,1954,24.8,13,0,0,0,0,0,0,0,9.7,5.0743,Fresh(0-50),0,0,0,0,1,0
L,302.6,312.4,1628,33.0,15,0,0,0,0,0,0,0,9.8,5.6255,Fresh(0-50),0,0,0,0,1,0
L,302.7,312.4,1433,44.2,17,0,0,0,0,0,0,0,9.7,6.6323,Fresh(0-50),0,0,0,0,1,0
M,302.7,312.5,1417,51.5,19,0,0,0,0,0,0,1,9.8,7.6414,Fresh(0-50),0,1,1,1,1,0
L,302.8,312.6,1462,39.4,22,0,0,0,0,0,0,0,9.8,6.0317,Fresh(0-50),0,0,0,0,1,0
L,302.9,312.6,1328,59.9,24,0,0,0,0,0,0,0,9.7,8.3295,Fresh(0-50),0,1,1,1,1,0
H,302.7,312.5,1527,36.4,26,0,0,0,0,0,0,2,9.8,5.8202,Fresh(0-50),0,0,0,0,1,0
L,302.6,312.3,1534,34.3,31,0,0,0,0,0,0,0,9.7,5.5095,Fresh(0-50),0,0,0,0,1,0
M,302.6,312.4,1410,50.3,33,0,0,0,0,0,0,1,9.8,7.4265,Fresh(0-50),0,1,1,1,1,0
L,302.6,312.3,1660,30.3,36,0,0,0,0,0,0,0,9.7,5.2668,Fresh(0-50),0,0,0,0,1,0
L,302.6,312.4,1386,45.8,38,0,0,0,0,0,0,0,9.8,6.647,Fresh(0-50),0,0,1,0,1,0
L,302.6,312.4,1398,41.6,40,0,0,0,0,0,0,0,9.8,6.0897,Fresh(0-50),0,0,1,0,1,0
L,302.6,312.3,1321,53.4,42,0,0,0,0,0,0,0,9.7,7.3865,Fresh(0-50),0,1,1,1,1,0
L,302.6,312.3,1512,34.2,44,0,0,0,0,0,0,0,9.7,5.4147,Fresh(0-50),0,0,0,0,1,0
M,302.6,312.3,1566,36.6,46,0,0,0,0,0,0,1,9.7,6.0016,Fresh(0-50),0,0,0,0,1,0
M,302.7,312.4,1422,44.5,49,0,0,0,0,0,0,1,9.7,6.6261,Fresh(0-50),0,0,1,0,1,0
L,302.6,312.3,1647,31.8,52,0,0,0,0,0,0,0,9.7,5.4843,Low(51-100),0,0,0,0,1,0
L,302.6,312.2,1377,45.5,54,0,0,0,0,0,0,0,9.6,6.5606,Low(51-100),0,0,1,0,1,0
L,302.5,312.2,1775,27.9,56,0,0,0,0,0,0,0,9.7,5.1856,Low(51-100),0,0,0,0,1,0
L,302.6,312.3,1554,42.0,58,0,0,0,0,0,0,0,9.7,6.8343,Low(51-100),0,0,0,0,1,0
L,302.7,312.4,1423,51.9,60,0,0,0,0,0,0,0,9.7,7.7334,Low(51-100),0,1,0,0,1,0
L,302.7,312.4,1453,47.3,62,0,0,0,0,0,0,0,9.7,7.1965,Low(51-100),0,1,0,0,1,0
L,302.8,312.4,1590,34.4,64,0,0,0,0,0,0,0,9.6,5.7273,Low(51-100),0,0,0,0,1,0
L,302.8,312.5,1694,28.4,66,0,0,0,0,0,0,0,9.7,5.0377,Low(51-100),0,0,0,0,1,0
L,302.8,312.5,1462,43.4,68,0,0,0,0,0,0,0,9.7,6.6441,Low(51-100),0,0,0,0,1,0
L,302.8,312.4,1392,46.2,70,0,0,0,0,0,0,0,9.6,6.7341,Low(51-100),0,0,1,0,1,0
L,302.9,312.5,1550,45.5,72,0,0,0,0,0,0,0,9.6,7.3848,Low(51-100),0,0,0,0,1,0
L,302.9,312.5,1629,30.4,74,0,0,0,0,0,0,0,9.6,5.1855,Low(51-100),0,0,0,0,1,0
M,303.0,312.5,1524,42.1,76,0,0,0,0,0,0,1,9.5,6.7184,Low(51-100),0,0,0,0,1,0
M,302.9,312.5,1679,30.9,79,0,0,0,0,0,0,1,9.6,5.4326,Low(51-100),0,0,0,0,1,0
M,302.9,312.6,1394,46.4,82,0,0,0,0,0,0,1,9.7,6.7729,Low(51-100),0,0,1,0,1,0
L,302.9,312.5,1683,32.1,85,0,0,0,0,0,0,0,9.6,5.657,Low(51-100),0,0,0,0,1,0
L,303.0,312.5,1626,30.5,87,0,0,0,0,0,0,0,9.5,5.193,Low(51-100),0,0,0,0,1,0
H,303.0,312.5,1698,30.0,89,0,0,0,0,0,0,2,9.5,5.334,Low(51-100),0,0,0,0,1,0
M,303.0,312.6,1392,42.9,94,0,0,0,0,0,0,1,9.6,6.2531,Low(51-100),0,0,1,0,1,0
L,303.1,312.7,1353,51.8,97,0,0,0,0,0,0,0,9.6,7.3388,Low(51-100),0,1,1,1,1,0
M,303.0,312.7,1426,46.8,99,0,0,0,0,0,0,1,9.7,6.9881,Low(51-100),0,0,0,0,1,0
L,303.0,312.7,2024,19.9,102,0,0,0,0,0,0,0,9.7,4.2175,Medium(101-150),0,0,0,0,1,0
M,303.0,312.8,1648,32.1,104,0,0,0,0,0,0,1,9.8,5.5394,Medium(101-150),0,0,0,0,1,0
L,303.1,312.9,1511,40.1,107,0,0,0,0,0,0,0,9.8,6.3446,Medium(101-150),0,0,0,0,1,0
L,303.1,312.8,1465,44.1,109,0,0,0,0,0,0,0,9.7,6.7651,Medium(101-150),0,0,0,0,1,0
L,303.0,312.7,1551,41.8,111,0,0,0,0,0,0,0,9.7,6.7887,Medium(101-150),0,0,0,0,1,0
L,303.1,312.8,2329,15.1,113,0,0,0,0,0,0,0,9.7,3.6825,Medium(101-150),0,0,0,0,1,0
H,303.1,312.8,1435,41.9,115,0,0,0,0,0,0,2,9.7,6.296,Medium(101-150),0,0,0,0,1,0
L,303.0,312.7,1361,48.8,120,0,0,0,0,0,0,0,9.7,6.9546,Medium(101-150),0,1,1,1,1,0
M,303.0,312.7,1553,35.8,122,0,0,0,0,0,0,1,9.7,5.8217,Medium(101-150),0,0,0,0,1,0
L,303.0,312.6,1451,42.1,125,0,0,0,0,0,0,0,9.6,6.3966,Medium(101-150),0,0,0,0,1,0
L,303.0,312.5,1461,40.2,127,0,0,0,0,0,0,0,9.5,6.15,Medium(101-150),0,0,0,0,1,0
M,303.1,312.6,1895,23.5,129,0,0,0,0,0,0,1,9.5,4.6631,Medium(101-150),0,0,0,0,1,0
M,303.1,312.6,1567,32.9,132,0,0,0,0,0,0,1,9.5,5.3984,Medium(101-150),0,0,0,0,1,0
M,303.0,312.5,1602,33.7,135,0,0,0,0,0,0,1,9.5,5.6531,Medium(101-150),0,0,0,0,1,0
L,303.1,312.6,1514,42.1,138,0,0,0,0,0,0,0,9.5,6.6743,Medium(101-150),0,0,0,0,1,0
L,303.1,312.5,1453,49.1,140,0,0,0,0,0,0,0,9.4,7.4704,Medium(101-150),0,1,0,0,1,0
M,303.0,312.4,1526,36.1,142,0,0,0,0,0,0,1,9.4,5.7684,Medium(101-150),0,0,0,0,1,0
M,302.9,312.3,1339,52.1,145,0,0,0,0,0,0,1,9.4,7.3049,Medium(101-150),0,1,1,1,1,0
L,302.9,312.3,1889,22.8,148,0,0,0,0,0,0,0,9.4,4.5099,Medium(101-150),0,0,0,0,1,0
L,302.9,312.4,1561,34.8,150,0,0,0,0,0,0,0,9.5,5.6883,Medium(101-150),0,0,0,0,1,0
M,302.9,312.4,1659,33.1,152,0,0,0,0,0,0,1,9.5,5.75,High(151-200),0,0,0,0,1,0
L,302.9,312.4,1424,49.5,155,0,0,0,0,0,0,0,9.5,7.3809,High(151-200),0,1,0,0,1,0
M,302.9,312.3,1426,44.7,157,0,0,0,0,0,0,1,9.4,6.6746,High(151-200),0,0,0,0,1,0
L,302.9,312.4,1383,51.4,160,0,0,0,0,0,0,0,9.5,7.4436,High(151-200),0,1,1,1,1,0
L,302.8,312.3,1764,29.9,162,0,0,0,0,0,0,0,9.5,5.5229,High(151-200),0,0,0,0,1,0
M,302.7,312.2,1439,42.5,164,0,0,0,0,0,0,1,9.5,6.4039,High(151-200),0,0,0,0,1,0
M,302.7,312.2,1585,35.5,167,0,0,0,0,0,0,1,9.5,5.8919,High(151-200),0,0,0,0,1,0
L,302.7,312.3,1346,61.2,170,0,0,0,0,0,1,0,9.6,8.6257,High(151-200),0,1,1,1,1,1
L,302.8,312.3,1386,57.8,172,0,0,0,0,0,0,0,9.5,8.3886,High(151-200),0,1,1,1,1,0
L,302.7,312.2,1369,51.8,174,0,0,0,0,0,0,0,9.5,7.4256,High(151-200),0,1,1,1,1,0
M,302.7,312.1,1378,46.9,176,0,0,0,0,0,0,1,9.4,6.7674,High(151-200),0,1,1,1,1,0
L,302.7,312.2,1336,46.8,179,0,0,0,0,0,0,0,9.5,6.5471,High(151-200),0,0,1,0,1,0
M,302.6,312.1,1445,42.0,181,0,0,0,0,0,0,1,9.5,6.355,High(151-200),0,0,0,0,1,0
L,302.7,312.1,1763,26.5,184,0,0,0,0,0,0,0,9.4,4.8921,High(151-200),0,0,0,0,1,0
L,302.7,312.2,1611,34.1,186,0,0,0,0,0,0,0,9.5,5.7524,High(151-200),0,0,0,0,1,0
M,302.7,312.1,1564,32.1,188,0,0,0,0,0,0,1,9.4,5.257,High(151-200),0,0,0,0,1,0
H,302.7,312.1,1478,36.0,191,0,0,0,0,0,0,2,9.4,5.5715,High(151-200),0,0,0,0,1,0
L,302.6,312.0,1781,28.5,196,0,0,0,0,0,0,0,9.4,5.315,High(151-200),0,0,0,0,1,0
L,302.6,312.1,1782,26.8,198,0,0,0,0,0,0,0,9.5,5.0008,High(151-200),0,0,0,0,1,0
M,302.6,312.1,2000,21.9,200,0,0,0,0,0,0,1,9.5,4.5864,High(151-200),0,0,0,0,1,0
M,302.5,312.0,1826,25.3,203,0,0,0,0,0,0,1,9.5,4.8375,Critical(>200),1,0,0,0,1,0
L,302.6,312.1,1344,51.0,206,0,0,0,0,0,0,0,9.5,7.1774,Critical(>200),1,1,1,1,1,0
L,302.6,312.2,1520,43.0,208,0,0,0,0,0,0,0,9.6,6.844,Critical(>200),1,0,0,0,1,0
M,302.6,312.1,1611,39.9,210,0,0,0,0,0,0,1,9.5,6.7308,Critical(>200),1,0,0,0,1,0
L,302.7,312.2,1450,52.1,213,1,0,0,0,1,0,0,9.5,7.9105,Critical(>200),1,1,0,0,1,1
L,302.6,312.1,1499,35.0,215,0,0,0,0,0,1,0,9.5,5.4937,Critical(>200),1,0,0,0,1,1
L,302.6,312.1,1288,68.5,0,1,0,0,1,0,0,0,9.5,9.2385,Fresh(0-50),0,1,1,1,1,1
M,302.7,312.2,1350,58.6,2,0,0,0,0,0,0,1,9.5,8.2838,Fresh(0-50),0,1,1,1,1,0
M,302.9,312.4,1334,50.9,5,0,0,0,0,0,0,1,9.5,7.11,Fresh(0-50),0,1,1,1,1,0
L,302.8,312.4,1376,57.1,8,0,0,0,0,0,0,0,9.6,8.2272,Fresh(0-50),0,1,1,1,1,0
L,302.8,312.4,1368,49.5,10,0,0,0,0,0,0,0,9.6,7.0907,Fresh(0-50),0,1,1,1,1,0
H,302.9,312.5,1357,55.0,12,0,0,0,0,0,1,2,9.6,7.8152,Fresh(0-50),0,1,1,1,1,1
M,302.9,312.5,1924,24.0,17,0,0,0,0,0,0,1,9.6,4.8352,Fresh(0-50),0,0,0,0,1,0
M,302.9,312.5,1551,40.0,20,0,0,0,0,0,0,1,9.6,6.4963,Fresh(0-50),0,0,0,0,1,0
M,302.9,312.5,1903,21.2,23,0,0,0,0,0,0,1,9.6,4.2245,Fresh(0-50),0,0,0,0,1,0
H,302.9,312.3,1417,48.7,26,0,0,0,0,0,0,2,9.4,7.226,Fresh(0-50),0,1,1,1,1,0
L,302.7,312.1,1601,35.2,31,0,0,0,0,0,0,0,9.4,5.9011,Fresh(0-50),0,0,0,0,1,0
L,302.7,312.1,1543,37.5,33,0,0,0,0,0,0,0,9.4,6.0589,Fresh(0-50),0,0,0,0,1,0
L,302.6,312.1,1439,52.3,35,0,0,0,0,0,0,0,9.5,7.8806,Fresh(0-50),0,1,0,0,1,0
H,302.6,312.0,1657,29.3,37,0,0,0,0,0,0,2,9.4,5.0838,Fresh(0-50),0,0,0,0,1,0
L,302.8,312.2,1458,51.0,42,0,0,0,0,0,0,0,9.4,7.7862,Fresh(0-50),0,1,0,0,1,0
L,302.8,312.2,1746,27.4,44,0,0,0,0,0,0,0,9.4,5.0095,Fresh(0-50),0,0,0,0,1,0
L,302.9,312.2,1677,30.5,46,0,0,0,0,0,0,0,9.3,5.3559,Fresh(0-50),0,0,0,0,1,0
L,302.8,312.1,1520,39.9,48,0,0,0,0,0,0,0,9.3,6.3506,Fresh(0-50),0,0,0,0,1,0
L,302.9,312.2,1367,55.1,50,0,0,0,0,0,0,0,9.3,7.8871,Fresh(0-50),0,1,1,1,1,0
L,302.8,312.2,1509,36.5,52,0,0,0,0,0,1,0,9.4,5.7674,Low(51-100),0,0,0,0,1,1
L,302.8,312.1,1418,51.4,54,0,0,0,0,0,0,0,9.3,7.632,Low(51-100),0,1,1,1,1,0
L,302.8,312.1,1958,20.3,56,0,0,0,0,0,0,0,9.3,4.162,Low(51-100),0,0,0,0,1,0
L,302.8,312.2,1682,30.9,58,0,0,0,0,0,0,0,9.4,5.4423,Low(51-100),0,0,0,0,1,0
M,302.8,312.2,1452,50.3,60,0,0,0,0,0,0,1,9.4,7.6477,Low(51-100),0,1,0,0,1,0
L,302.7,312.0,1828,24.0,63,0,0,0,0,0,0,0,9.3,4.5939,Low(51-100),0,0,0,0,1,0
H,302.7,312.0,1484,41.5,65,0,0,0,0,0,0,2,9.3,6.4488,Low(51-100),0,0,0,0,1,0
L,302.6,312.0,1674,32.2,70,0,0,0,0,0,0,0,9.4,5.6443,Low(51-100),0,0,0,0,1,0
L,302.6,311.9,1448,49.5,72,0,0,0,0,0,0,0,9.3,7.5053,Low(51-100),0,1,0,0,0,0
M,302.5,311.8,2023,19.1,74,0,0,0,0,0,0,1,9.3,4.046,Low(51-100),0,0,0,0,0,0
L,302.5,311.9,1452,47.4,77,0,0,0,0,0,0,0,9.4,7.2068,Low(51-100),0,1,0,0,0,0
M,302.6,312.0,1496,45.0,79,0,0,0,0,0,0,1,9.4,7.0492,Low(51-100),0,0,0,0,1,0
L,302.6,311.9,1397,46.9,82,0,0,0,0,0,0,0,9.3,6.8607,Low(51-100),0,1,1,1,0,0
L,302.6,311.9,1453,39.1,84,0,0,0,0,0,0,0,9.3,5.9489,Low(51-100),0,0,0,0,0,0
M,302.5,311.9,1524,34.8,86,0,0,0,0,0,0,1,9.4,5.5534,Low(51-100),0,0,0,0,0,0
L,302.6,311.9,1633,30.9,89,0,0,0,0,0,0,0,9.3,5.2837,Low(51-100),0,0,0,0,0,0
M,302.6,312.0,1363,45.7,91,0,0,0,0,0,0,1,9.4,6.5224,Low(51-100),0,0,1,0,1,0
L,302.5,311.9,1520,44.9,94,0,0,0,0,0,0,0,9.4,7.1464,Low(51-100),0,0,0,0,0,0
M,302.5,311.9,1532,38.8,96,0,0,0,0,0,0,1,9.4,6.2243,Low(51-100),0,0,0,0,0,0
L,302.4,311.8,1384,50.9,99,0,0,0,0,0,0,0,9.4,7.3765,Low(51-100),0,1,1,1,0,0
M,302.4,311.8,1539,39.9,101,0,0,0,0,0,0,1,9.4,6.43,Medium(101-150),0,0,0,0,0,0
M,302.3,311.8,1355,50.1,104,0,0,0,0,0,0,1,9.5,7.1084,Medium(101-150),0,1,1,1,0,0
M,302.3,311.7,1504,37.3,107,0,0,0,0,0,0,1,9.4,5.8743,Medium(101-150),0,0,0,0,0,0
L,302.4,311.8,1476,46.6,110,0,0,0,0,0,0,0,9.4,7.2023,Medium(101-150),0,0,0,0,0,0
L,302.4,311.7,1721,26.9,112,0,0,0,0,0,0,0,9.3,4.8476,Medium(101-150),0,0,0,0,0,0
M,302.3,311.7,1494,37.1,114,0,0,0,0,0,0,1,9.4,5.8039,Medium(101-150),0,0,0,0,0,0
L,302.3,311.7,1465,43.5,117,0,0,0,0,0,0,0,9.4,6.673,Medium(101-150),0,0,0,0,0,0
M,302.3,311.8,1363,54.0,119,1,0,0,0,0,0,1,9.5,7.707,Medium(101-150),0,1,1,1,0,0
L,302.4,311.8,1648,30.0,122,0,0,0,0,0,0,0,9.4,5.177,Medium(101-150),0,0,0,0,0,0
M,302.3,311.8,1879,23.0,124,0,0,0,0,0,0,1,9.5,4.5253,Medium(101-150),0,0,0,0,0,0
H,302.3,311.7,1482,39.0,127,0,0,0,0,0,0,2,9.4,6.0521,Medium(101-150),0,0,0,0,0,0
L,302.4,311.8,1493,38.4,132,0,0,0,0,0,0,0,9.4,6.0033,Medium(101-150),0,0,0,0,0,0
L,302.4,311.8,1433,42.2,134,0,0,0,0,0,0,0,9.4,6.3322,Medium(101-150),0,0,0,0,0,0
L,302.3,311.7,1400,41.6,136,0,0,0,0,0,0,0,9.4,6.0984,Medium(101-150),0,0,1,0,0,0
L,302.4,311.8,1255,59.0,138,0,0,0,0,0,0,0,9.4,7.7534,Medium(101-150),0,1,1,1,0,0
L,302.2,311.7,1471,45.6,140,0,0,0,0,0,0,0,9.5,7.0238,Medium(101-150),0,0,0,0,0,0
H,302.2,311.6,1357,44.2,142,0,0,0,0,0,0,2,9.4,6.2806,Medium(101-150),0,0,1,0,0,0
L,302.3,311.7,1453,41.2,147,0,0,0,0,0,0,0,9.4,6.2684,Medium(101-150),0,0,0,0,0,0
M,302.3,311.7,1540,28.9,149,0,0,0,0,0,0,1,9.4,4.6603,Medium(101-150),0,0,0,0,0,0
L,302.3,311.8,1605,35.2,152,0,0,0,0,0,0,0,9.5,5.9158,High(151-200),0,0,0,0,0,0
H,302.3,311.9,1374,52.4,154,0,0,0,0,0,0,2,9.6,7.539,High(151-200),0,1,1,1,0,0
M,302.3,311.9,1508,42.3,159,0,0,0,0,0,0,1,9.6,6.6794,High(151-200),0,0,0,0,0,0
H,302.4,311.9,1366,47.3,162,0,0,0,0,0,0,2,9.5,6.7656,High(151-200),0,1,1,1,0,0
H,302.5,312.0,1579,35.7,167,0,0,0,0,0,0,2,9.5,5.9026,High(151-200),0,0,0,0,1,0
L,302.5,311.9,1306,59.7,172,0,0,0,0,0,1,0,9.4,8.1642,High(151-200),0,1,1,1,0,1
M,302.5,312.0,1521,40.2,174,0,0,0,0,0,0,1,9.5,6.4025,High(151-200),0,0,0,0,1,0
L,302.5,312.0,1411,44.2,177,0,0,0,0,0,0,0,9.5,6.5305,High(151-200),0,0,1,0,1,0
H,302.5,312.0,1357,42.0,179,0,0,0,0,0,0,2,9.5,5.968,High(151-200),0,0,1,0,1,0
M,302.5,312.0,1436,43.5,184,0,0,0,0,0,0,1,9.5,6.5409,High(151-200),0,0,0,0,1,0
L,302.5,311.9,1553,40.1,187,0,0,0,0,0,0,0,9.4,6.521,High(151-200),0,0,0,0,0,0
M,302.5,312.0,1451,43.2,189,0,0,0,0,0,0,1,9.5,6.5637,High(151-200),0,0,0,0,1,0
L,302.4,311.9,1541,37.9,192,0,0,0,0,0,0,0,9.5,6.1156,High(151-200),0,0,0,0,0,0
M,302.3,311.7,1341,46.3,194,0,0,0,0,0,0,1,9.4,6.5014,High(151-200),0,0,1,0,0,0
L,302.3,311.7,1648,32.1,197,0,0,0,0,0,0,0,9.4,5.5394,High(151-200),0,0,0,0,0,0
M,302.3,311.7,1640,31.5,199,0,0,0,0,0,0,1,9.4,5.4094,High(151-200),0,0,0,0,0,0
L,302.4,311.8,1416,46.1,202,0,0,0,0,0,0,0,9.4,6.8354,Critical(>200),1,0,1,0,0,0
L,302.4,311.9,1671,29.9,204,0,0,0,0,0,0,0,9.5,5.2317,Critical(>200),1,0,0,0,0,0
L,302.4,312.0,1457,45.5,206,0,0,0,0,0,0,0,9.6,6.9417,Critical(>200),1,0,0,0,1,0
M,302.5,312.0,1445,54.8,0,0,0,0,0,0,0,1,9.5,8.2917,Fresh(0-50),0,1,0,0,1,0
L,302.5,312.1,1534,38.6,3,0,0,0,0,0,0,0,9.6,6.2003,Fresh(0-50),0,0,0,0,1,0
L,302.4,312.0,1508,36.9,5,0,0,0,0,0,0,0,9.6,5.8267,Fresh(0-50),0,0,0,0,1,0
M,302.4,312.1,1492,47.7,7,0,0,0,0,0,0,1,9.7,7.4522,Fresh(0-50),0,1,0,0,1,0
L,302.4,312.0,1562,37.9,10,0,0,0,0,0,0,0,9.6,6.1989,Fresh(0-50),0,0,0,0,1,0
L,302.4,312.0,1545,36.4,12,0,0,0,0,0,0,0,9.6,5.8888,Fresh(0-50),0,0,0,0,1,0
L,302.5,312.2,1738,25.3,14,0,0,0,0,0,0,0,9.7,4.6043,Fresh(0-50),0,0,0,0,1,0
L,302.4,312.0,1305,49.1,16,0,0,0,0,0,0,0,9.6,6.7095,Fresh(0-50),0,1,1,1,1,0
H,302.4,312.0,1477,39.7,18,0,0,0,0,0,0,2,9.6,6.14,Fresh(0-50),0,0,0,0,1,0
H,302.4,312.0,1457,43.4,23,0,0,0,0,0,0,2,9.6,6.6213,Fresh(0-50),0,0,0,0,1,0
L,302.4,312.1,1455,40.4,28,0,0,0,0,0,0,0,9.7,6.1552,Fresh(0-50),0,0,0,0,1,0
L,302.5,312.2,1574,38.7,30,0,0,0,0,0,0,0,9.7,6.3784,Fresh(0-50),0,0,0,0,1,0
L,302.6,312.2,1695,27.1,32,0,0,0,0,0,0,0,9.6,4.8099,Fresh(0-50),0,0,0,0,1,0
M,302.6,312.2,1458,38.8,34,0,0,0,0,0,0,1,9.6,5.9236,Fresh(0-50),0,0,0,0,1,0
M,302.5,312.1,1454,47.6,37,0,0,0,0,0,0,1,9.6,7.2472,Fresh(0-50),0,1,0,0,1,0
L,302.5,312.0,2052,18.9,40,0,0,0,0,0,0,0,9.5,4.061,Fresh(0-50),0,0,0,0,1,0
L,302.5,312.0,1673,29.9,42,0,0,0,0,0,0,0,9.5,5.238,Fresh(0-50),0,0,0,0,1,0
L,302.4,311.9,1578,29.9,44,0,0,0,0,0,0,0,9.5,4.9405,Fresh(0-50),0,0,0,0,0,0
M,302.5,312.0,1642,29.1,46,0,0,0,0,0,0,1,9.5,5.0034,Fresh(0-50),0,0,0,0,1,0
M,302.4,311.8,1557,31.5,49,0,0,0,0,0,0,1,9.4,5.1357,Fresh(0-50),0,0,0,0,0,0
L,302.5,311.9,1481,42.9,52,0,0,0,0,0,0,0,9.4,6.6529,Low(51-100),0,0,0,0,0,0
M,302.5,311.8,1566,37.6,54,0,0,0,0,0,0,1,9.3,6.1656,Low(51-100),0,0,0,0,0,0
M,302.5,311.9,1298,57.5,57,0,0,0,0,0,0,1,9.4,7.8152,Low(51-100),0,1,1,1,0,0
M,302.5,311.9,1340,59.4,60,0,0,0,0,0,0,1,9.4,8.3347,Low(51-100),0,1,1,1,0,0
L,302.5,312.0,1574,33.8,63,0,0,0,0,0,0,0,9.5,5.5708,Low(51-100),0,0,0,0,1,0
L,302.5,311.9,1437,46.7,65,0,0,0,0,0,0,0,9.4,7.027,Low(51-100),0,0,0,0,0,0
L,302.6,311.9,1354,48.0,67,0,0,0,0,0,0,0,9.3,6.8054,Low(51-100),0,1,1,1,0,0
L,302.6,311.9,1598,35.5,69,0,0,0,0,0,0,0,9.3,5.9402,Low(51-100),0,0,0,0,0,0
M,302.7,312.0,1944,21.4,71,0,0,0,0,0,0,1,9.3,4.3562,Low(51-100),0,0,0,0,1,0
M,302.7,312.0,1538,36.7,74,0,0,0,0,0,0,1,9.3,5.9104,Low(51-100),0,0,0,0,1,0
L,302.7,312.0,1501,37.0,77,0,0,0,0,0,0,0,9.3,5.8154,Low(51-100),0,0,0,0,1,0
L,302.8,312.1,1441,52.1,79,0,0,0,0,0,0,0,9.3,7.8614,Low(51-100),0,1,0,0,1,0
M,302.7,312.0,1652,31.0,81,0,0,0,0,0,0,1,9.3,5.3625,Low(51-100),0,0,0,0,1,0
L,302.8,312.1,1487,36.6,84,0,0,0,0,0,0,0,9.3,5.6989,Low(51-100),0,0,0,0,1,0
L,302.9,312.2,1605,33.9,86,0,0,0,0,0,0,0,9.3,5.6973,Low(51-100),0,0,0,0,1,0
L,302.9,312.1,1334,54.7,88,0,0,0,0,0,0,0,9.2,7.6408,Low(51-100),0,1,1,1,1,0
L,302.9,312.2,1340,57.8,90,0,0,0,0,0,0,0,9.3,8.1102,Low(51-100),0,1,1,1,1,0
L,302.9,312.2,1513,37.8,92,0,0,0,0,0,0,0,9.3,5.9886,Low(51-100),0,0,0,0,1,0
L,302.9,312.2,1510,41.4,94,0,0,0,0,0,0,0,9.3,6.546,Low(51-100),0,0,0,0,1,0
L,302.9,312.2,1729,23.6,96,0,0,0,0,0,0,0,9.3,4.2727,Low(51-100),0,0,0,0,1,0
M,302.9,312.2,1745,25.5,98,0,0,0,0,0,0,1,9.3,4.6594,Low(51-100),0,0,0,0,1,0
M,303.1,312.3,1623,31.6,101,0,0,0,0,0,0,1,9.2,5.3703,Medium(101-150),0,0,0,0,1,0
M,303.1,312.4,1378,50.1,104,0,0,0,0,0,0,1,9.3,7.2291,Medium(101-150),0,1,1,1,1,0
L,303.1,312.4,1407,41.2,107,0,0,0,0,0,0,0,9.3,6.07,Medium(101-150),0,0,1,0,1,0
M,303.0,312.3,1674,29.5,109,0,0,0,0,0,0,1,9.3,5.171,Medium(101-150),0,0,0,0,1,0
L,303.0,312.3,1486,42.4,112,0,0,0,0,0,0,0,9.3,6.5975,Medium(101-150),0,0,0,0,1,0
M,303.0,312.3,1483,38.8,114,0,0,0,0,0,0,1,9.3,6.0252,Medium(101-150),0,0,0,0,1,0
H,303.0,312.2,1624,28.8,117,0,0,0,0,0,0,2,9.2,4.8975,Medium(101-150),0,0,0,0,1,0
M,303.0,312.2,1257,71.3,122,1,0,0,1,0,0,1,9.2,9.3847,Medium(101-150),0,1,1,1,1,1
L,303.0,312.3,1480,41.4,125,0,0,0,0,0,0,0,9.3,6.4159,Medium(101-150),0,0,0,0,1,0
L,303.1,312.4,1404,61.5,127,1,0,0,1,0,0,0,9.3,9.0415,Medium(101-150),0,1,1,1,1,1
M,303.0,312.4,1645,29.6,129,0,0,0,0,0,0,1,9.4,5.0986,Medium(101-150),0,0,0,0,1,0
L,303.0,312.3,1932,21.9,132,0,0,0,0,0,0,0,9.3,4.4305,Medium(101-150),0,0,0,0,1,0
L,303.0,312.3,1533,38.5,134,0,0,0,0,0,0,0,9.3,6.1802,Medium(101-150),0,0,0,0,1,0
M,302.9,312.2,1292,54.4,136,0,0,0,0,0,0,1,9.3,7.3597,Medium(101-150),0,1,1,1,1,0
L,302.9,312.2,1571,40.6,139,0,0,0,0,0,0,0,9.3,6.6788,Medium(101-150),0,0,0,0,1,0
L,302.9,312.3,1578,36.3,141,0,0,0,0,0,0,0,9.4,5.9981,Medium(101-150),0,0,0,0,1,0
M,302.8,312.2,1469,36.9,143,0,0,0,0,0,0,1,9.4,5.676,Medium(101-150),0,0,0,0,1,0
L,302.7,312.1,1728,24.4,146,0,0,0,0,0,0,0,9.4,4.415,Medium(101-150),0,0,0,0,1,0
H,302.7,312.1,1603,32.5,148,0,0,0,0,0,0,2,9.4,5.4552,Medium(101-150),0,0,0,0,1,0
L,302.7,312.1,1597,39.8,153,0,0,0,0,0,0,0,9.4,6.6556,High(151-200),0,0,0,0,1,0
L,302.7,312.1,1688,32.0,155,0,0,0,0,0,0,0,9.4,5.6561,High(151-200),0,0,0,0,1,0
L,302.7,312.2,1405,51.4,157,0,0,0,0,0,0,0,9.5,7.562,High(151-200),0,1,1,1,1,0
M,302.8,312.2,1615,32.9,159,0,0,0,0,0,0,1,9.4,5.5637,High(151-200),0,0,0,0,1,0
L,302.8,312.2,1515,36.8,162,0,0,0,0,0,0,0,9.4,5.8379,High(151-200),0,0,0,0,1,0
L,302.7,312.2,1376,52.8,164,0,0,0,0,0,0,0,9.5,7.6076,High(151-200),0,1,1,1,1,0
L,302.7,312.2,1447,47.5,166,0,0,0,0,0,0,0,9.5,7.1971,High(151-200),0,1,0,0,1,0
M,302.6,312.2,1353,56.5,168,0,0,0,0,0,0,1,9.6,8.0047,High(151-200),0,1,1,1,1,0
L,302.6,312.1,1502,47.3,171,0,0,0,0,0,0,0,9.5,7.4392,High(151-200),0,1,0,0,1,0
L,302.6,312.0,1447,45.5,173,0,0,0,0,0,0,0,9.4,6.8941,High(151-200),0,0,0,0,1,0
M,302.5,312.0,1487,46.1,175,0,0,0,0,0,0,1,9.5,7.1781,High(151-200),0,0,0,0,1,0
L,302.6,312.1,1519,38.1,178,0,0,0,0,0,0,0,9.5,6.0601,High(151-200),0,0,0,0,1,0
L,302.6,312.1,1668,28.7,180,0,0,0,0,0,1,0,9.5,5.0127,High(151-200),0,0,0,0,1,1
L,302.6,312.1,1420,51.6,182,0,0,0,0,0,0,0,9.5,7.6725,High(151-200),0,1,1,1,1,0
L,302.6,312.1,1473,37.3,184,0,0,0,0,0,0,0,9.5,5.7532,High(151-200),0,0,0,0,1,0
L,302.5,312.0,1495,38.8,186,0,0,0,0,0,0,0,9.5,6.0739,High(151-200),0,0,0,0,1,0
L,302.5,312.0,1574,42.0,188,0,0,0,0,0,0,0,9.5,6.9223,High(151-200),0,0,0,0,1,0
L,302.5,312.0,1383,51.3,190,0,0,0,0,0,0,0,9.5,7.4291,High(151-200),0,1,1,1,1,0
M,302.5,312.0,1591,29.4,192,0,0,0,0,0,0,1,9.5,4.8979,High(151-200),0,0,0,0,1,0
M,302.4,311.8,1644,37.2,195,0,0,0,0,0,0,1,9.4,6.4039,High(151-200),0,0,0,0,0,0
H,302.5,311.8,2370,14.7,198,0,0,0,0,0,0,2,9.3,3.6481,High(151-200),0,0,0,0,0,0
L,302.5,311.9,1401,44.9,203,0,0,0,0,0,0,0,9.4,6.5869,Critical(>200),1,0,1,0,0,0
M,302.5,311.9,1414,51.6,205,0,0,0,0,0,0,1,9.4,7.64,Critical(>200),1,1,1,1,0,0
L,302.5,312.0,1456,46.3,208,0,0,0,0,0,0,0,9.5,7.0589,Critical(>200),1,0,0,0,1,0
M,302.5,312.0,1447,45.7,210,0,0,0,0,0,0,1,9.5,6.9244,Critical(>200),1,0,0,0,1,0
L,302.4,311.8,1727,26.5,213,0,0,0,0,0,0,0,9.4,4.7922,Critical(>200),1,0,0,0,0,0
L,302.4,311.7,1495,36.8,215,0,0,0,0,0,0,0,9.3,5.7608,Critical(>200),1,0,0,0,0,0
L,302.3,311.6,1544,34.3,0,0,0,0,0,0,0,0,9.3,5.5455,Fresh(0-50),0,0,0,0,0,0
L,302.3,311.5,1387,47.3,2,0,0,0,0,0,0,0,9.2,6.8696,Fresh(0-50),0,1,1,1,0,0
M,302.3,311.5,1316,47.2,4,0,0,0,0,0,0,1,9.2,6.5042,Fresh(0-50),0,1,1,1,0,0
L,302.3,311.5,1794,26.1,7,0,0,0,0,0,0,0,9.2,4.903,Fresh(0-50),0,0,0,0,0,0
M,302.2,311.4,1372,55.1,9,0,0,0,0,0,0,1,9.2,7.9159,Fresh(0-50),0,1,1,1,0,0
M,302.3,311.5,1674,30.0,12,0,0,0,0,0,0,1,9.2,5.2586,Fresh(0-50),0,0,0,0,0,0
L,302.2,311.4,1477,41.7,15,0,0,0,0,0,0,0,9.2,6.4493,Fresh(0-50),0,0,0,0,0,0
L,302.2,311.4,1397,53.0,17,0,0,0,0,0,0,0,9.2,7.753,Fresh(0-50),0,1,1,1,0,0
L,302.2,311.5,1616,34.0,19,0,0,0,0,0,0,0,9.3,5.7533,Fresh(0-50),0,0,0,0,0,0
M,302.3,311.5,1530,42.3,21,0,0,0,0,0,0,1,9.2,6.7769,Fresh(0-50),0,0,0,0,0,0
M,302.2,311.4,1539,35.1,24,0,0,0,0,0,0,1,9.2,5.6564,Fresh(0-50),0,0,0,0,0,0
L,302.3,311.4,1845,21.9,27,0,0,0,0,0,0,0,9.1,4.2309,Fresh(0-50),0,0,0,0,0,0
L,302.2,311.4,1430,43.1,29,0,0,0,0,0,0,0,9.2,6.4537,Fresh(0-50),0,0,0,0,0,0
L,302.2,311.4,2080,19.2,31,0,0,0,0,0,0,0,9.2,4.1818,Fresh(0-50),0,0,0,0,0,0
M,302.2,311.4,1432,45.3,33,0,0,0,0,0,0,1,9.2,6.7926,Fresh(0-50),0,0,0,0,0,0
M,302.2,311.5,1479,39.5,36,0,0,0,0,0,0,1,9.3,6.1173,Fresh(0-50),0,0,0,0,0,0
L,302.2,311.5,1424,45.2,39,0,0,0,0,0,0,0,9.3,6.7398,Fresh(0-50),0,0,0,0,0,0
H,302.2,311.6,1534,37.2,41,0,0,0,0,0,0,2,9.4,5.9754,Fresh(0-50),0,0,0,0,0,0
H,302.1,311.6,1701,26.2,46,0,0,0,0,0,0,2,9.5,4.6666,Fresh(0-50),0,0,0,0,0,0
L,302.2,311.6,1462,50.0,51,0,0,0,0,0,0,0,9.4,7.6545,Low(51-100),0,1,0,0,0,0
M,302.2,311.7,1393,42.5,53,0,0,0,0,0,0,1,9.5,6.1992,Low(51-100),0,0,1,0,0,0
M,302.3,311.7,1453,42.5,56,0,0,0,0,0,0,1,9.4,6.4662,Low(51-100),0,0,0,0,0,0
L,302.3,311.8,1565,37.8,59,0,0,0,0,0,0,0,9.5,6.1945,Low(51-100),0,0,0,0,0,0
L,302.3,311.8,1281,51.7,61,0,0,0,0,0,0,0,9.5,6.9348,Low(51-100),0,1,1,1,0,0
M,302.2,311.7,1584,36.2,63,0,0,0,0,0,0,1,9.5,6.0043,Low(51-100),0,0,0,0,0,0
M,302.2,311.7,1466,49.0,66,0,0,0,0,0,0,1,9.5,7.5219,Low(51-100),0,1,0,0,0,0
M,302.2,311.6,1386,50.5,69,0,0,0,0,0,0,1,9.4,7.3291,Low(51-100),0,1,1,1,0,0
L,302.2,311.6,1383,44.3,72,0,0,0,0,0,0,0,9.4,6.4154,Low(51-100),0,0,1,0,0,0
H,302.3,311.6,1441,53.9,74,0,0,0,0,0,0,2,9.3,8.133,Low(51-100),0,1,0,0,0,0
M,302.2,311.6,1592,37.7,79,0,0,0,0,0,0,1,9.4,6.2846,Low(51-100),0,0,0,0,0,0
H,302.2,311.6,1594,36.8,82,0,0,0,0,0,0,2,9.4,6.1423,Low(51-100),0,0,0,0,0,0
L,302.2,311.5,1482,45.6,87,0,0,0,0,0,0,0,9.3,7.0764,Low(51-100),0,0,0,0,0,0
L,302.2,311.6,1658,31.4,89,0,0,0,0,0,0,0,9.4,5.4514,Low(51-100),0,0,0,0,0,0
L,302.3,311.7,2170,18.2,91,0,0,0,0,0,0,0,9.4,4.1355,Low(51-100),0,0,0,0,0,0
M,302.3,311.7,1423,44.6,93,0,0,0,0,0,0,1,9.4,6.6456,Low(51-100),0,0,0,0,0,0
L,302.4,311.8,1543,31.1,96,0,0,0,0,0,0,0,9.4,5.0248,Low(51-100),0,0,0,0,0,0
L,302.3,311.8,1435,44.8,98,0,0,0,0,0,0,0,9.5,6.7317,Low(51-100),0,0,0,0,0,0
L,302.4,311.8,1320,56.4,100,0,0,0,0,0,0,0,9.4,7.7956,Low(51-100),0,1,1,1,0,0
M,302.4,311.9,1313,55.7,102,0,0,0,0,0,0,1,9.5,7.658,Medium(101-150),0,1,1,1,0,0
M,302.4,311.8,1453,42.1,105,0,0,0,0,0,0,1,9.4,6.4054,Medium(101-150),0,0,0,0,0,0
L,302.4,311.8,1508,45.7,108,0,0,0,0,0,0,0,9.4,7.2163,Medium(101-150),0,0,0,0,0,0
L,302.4,311.8,1451,42.0,110,0,0,0,0,0,0,0,9.4,6.3814,Medium(101-150),0,0,0,0,0,0
H,302.5,311.9,1595,34.6,112,0,0,0,0,0,0,2,9.4,5.7787,Medium(101-150),0,0,0,0,0,0
L,302.5,311.9,1354,49.4,117,0,0,0,0,0,0,0,9.4,7.0039,Medium(101-150),0,1,1,1,0,0
L,302.5,311.9,1265,59.8,119,0,0,0,0,0,0,0,9.4,7.9212,Medium(101-150),0,1,1,1,0,0
L,302.4,311.9,1867,25.9,121,0,0,0,0,0,0,0,9.5,5.0634,Medium(101-150),0,0,0,0,0,0
L,302.5,311.9,1497,41.6,123,0,0,0,0,0,0,0,9.4,6.521,Medium(101-150),0,0,0,0,0,0
M,302.5,311.9,1347,54.3,125,0,0,0,0,0,0,1,9.4,7.6589,Medium(101-150),0,1,1,1,0,0
L,302.3,311.7,1544,43.2,128,0,0,0,0,0,0,0,9.4,6.9844,Medium(101-150),0,0,0,0,0,0
H,302.3,311.7,1456,45.4,130,0,0,0,0,0,0,2,9.4,6.9217,Medium(101-150),0,0,0,0,0,0
L,302.5,311.8,1335,52.7,135,0,0,0,0,0,0,0,9.3,7.367,Medium(101-150),0,1,1,1,0,0
L,302.4,311.9,1452,43.1,137,0,0,0,0,0,0,0,9.5,6.553,Medium(101-150),0,0,0,0,0,0
L,302.4,311.9,1290,70.0,139,1,0,0,1,0,0,0,9.5,9.4555,Medium(101-150),0,1,1,1,0,1
L,302.4,311.8,1448,43.4,141,0,0,0,0,0,0,0,9.4,6.5804,Medium(101-150),0,0,0,0,0,0
L,302.3,311.7,1611,38.6,143,0,0,0,0,0,0,0,9.4,6.5115,Medium(101-150),0,0,0,0,0,0
L,302.2,311.7,1556,38.6,145,0,0,0,0,0,0,0,9.5,6.2892,Medium(101-150),0,0,0,0,0,0
H,302.2,311.7,1413,46.5,147,0,0,0,0,0,0,2,9.5,6.8801,Medium(101-150),0,0,1,0,0,0
L,302.2,311.6,1545,35.9,152,0,0,0,0,0,0,0,9.4,5.8079,High(151-200),0,0,0,0,0,0
L,302.2,311.7,1330,54.6,154,0,0,0,0,0,0,0,9.5,7.604,High(151-200),0,1,1,1,0,0
L,302.2,311.9,1596,38.0,156,0,0,0,0,0,0,0,9.7,6.3506,High(151-200),0,0,0,0,0,0
L,302.2,311.8,1618,36.0,158,0,0,0,0,0,0,0,9.6,6.0993,High(151-200),0,0,0,0,0,0
H,302.2,311.9,1597,35.8,160,0,0,0,0,0,0,2,9.7,5.9867,High(151-200),0,0,0,0,0,0
L,302.3,312.0,1354,52.2,165,0,0,0,0,0,0,0,9.7,7.4009,High(151-200),0,1,1,1,1,0
L,302.3,312.0,1746,28.1,167,0,0,0,0,0,0,0,9.7,5.1374,High(151-200),0,0,0,0,1,0
L,302.4,312.0,1621,32.5,169,0,0,0,0,0,0,0,9.6,5.5165,High(151-200),0,0,0,0,1,0
L,302.3,312.0,1398,43.3,171,0,0,0,0,0,0,0,9.7,6.3386,High(151-200),0,0,1,0,1,0
L,302.3,311.9,1434,51.9,173,0,0,0,0,0,0,0,9.6,7.7932,High(151-200),0,1,0,0,0,0
M,302.3,311.8,1443,43.4,175,0,0,0,0,0,0,1,9.5,6.5577,High(151-200),0,0,0,0,0,0
L,302.2,311.7,1488,44.6,178,0,0,0,0,0,0,0,9.5,6.9492,High(151-200),0,0,0,0,0,0
M,302.3,311.8,1475,48.0,180,0,0,0,0,0,0,1,9.5,7.4136,High(151-200),0,1,0,0,0,0
L,302.3,311.8,1433,50.3,183,0,0,0,0,0,0,0,9.5,7.5476,High(151-200),0,1,0,0,0,0
M,302.3,311.8,1557,34.1,185,0,0,0,0,0,0,1,9.5,5.5595,High(151-200),0,0,0,0,0,0
M,302.4,311.9,1398,50.1,188,0,0,0,0,0,0,1,9.5,7.334,High(151-200),0,1,1,1,0,0
M,302.3,311.8,1559,34.4,191,0,0,0,0,0,0,1,9.5,5.6157,High(151-200),0,0,0,0,0,0
M,302.4,311.9,1422,46.4,194,0,0,0,0,0,0,1,9.5,6.909,High(151-200),0,0,1,0,0,0
M,302.3,311.8,1463,35.7,197,0,0,0,0,0,0,1,9.5,5.469,High(151-200),0,0,0,0,0,0
L,302.3,311.7,1793,25.3,200,0,0,0,0,0,0,0,9.4,4.75,High(151-200),0,0,0,0,0,0
L,302.2,311.6,1872,20.4,202,0,0,0,0,0,0,0,9.4,3.9988,Critical(>200),1,0,0,0,0,0
L,302.2,311.7,1412,44.5,204,0,0,0,0,0,0,0,9.5,6.5795,Critical(>200),1,0,1,0,0,0
L,302.3,311.8,1487,43.2,206,0,0,0,0,0,0,0,9.5,6.7265,Critical(>200),1,0,0,0,0,0
L,302.3,311.8,1369,56.2,208,1,0,0,0,1,0,0,9.5,8.0563,Critical(>200),1,1,1,1,0,1
L,302.4,311.8,1673,30.1,210,0,0,0,0,0,0,0,9.4,5.273,Critical(>200),1,0,0,0,0,0
M,302.4,311.9,1439,36.6,212,0,0,0,0,0,0,1,9.5,5.5149,Critical(>200),1,0,0,0,0,0
L,302.3,311.8,1574,42.8,215,0,0,0,0,0,0,0,9.5,7.0542,Critical(>200),1,0,0,0,0,0
L,302.3,311.7,1281,48.8,0,0,0,0,0,0,0,0,9.4,6.5458,Fresh(0-50),0,1,1,1,0,0
M,302.2,311.7,1653,31.4,2,0,0,0,0,0,0,1,9.5,5.435,Fresh(0-50),0,0,0,0,0,0
M,302.3,311.7,1535,38.3,5,0,0,0,0,0,0,1,9.4,6.1561,Fresh(0-50),0,0,0,0,0,0
M,302.3,311.7,1483,40.5,8,0,0,0,0,0,0,1,9.4,6.2892,Fresh(0-50),0,0,0,0,0,0
L,302.3,311.7,1414,47.0,11,0,0,0,0,0,0,0,9.4,6.959,Fresh(0-50),0,1,1,1,0,0
M,302.2,311.6,1379,42.9,13,0,0,0,0,0,0,1,9.4,6.1947,Fresh(0-50),0,0,1,0,0,0
H,302.2,311.5,1482,42.6,16,0,0,0,0,0,0,2,9.3,6.6108,Fresh(0-50),0,0,0,0,0,0
L,302.1,311.5,1987,20.1,21,0,0,0,0,0,0,0,9.4,4.1821,Fresh(0-50),0,0,0,0,0,0
M,302.1,311.5,1635,31.6,23,0,0,0,0,0,0,1,9.4,5.4101,Fresh(0-50),0,0,0,0,0,0
L,302.1,311.5,1533,39.4,26,0,0,0,0,0,0,0,9.4,6.3246,Fresh(0-50),0,0,0,0,0,0
M,302.2,311.7,1576,34.0,28,0,0,0,0,0,0,1,9.5,5.6109,Fresh(0-50),0,0,0,0,0,0
H,302.2,311.8,1330,62.4,31,0,0,0,0,0,0,2,9.6,8.6903,Fresh(0-50),0,1,1,1,0,0
L,302.2,311.8,1981,21.8,36,0,0,0,0,0,0,0,9.6,4.5221,Fresh(0-50),0,0,0,0,0,0
H,302.3,311.8,1475,42.8,38,0,0,0,0,0,0,2,9.5,6.6105,Fresh(0-50),0,0,0,0,0,0
H,302.3,311.8,1804,25.0,43,0,0,0,0,0,0,2,9.5,4.7225,Fresh(0-50),0,0,0,0,0,0
L,302.2,311.6,1416,54.1,48,0,0,0,0,0,0,0,9.4,8.0215,Fresh(0-50),0,1,1,1,0,0
L,302.1,311.5,1727,27.7,50,0,0,0,0,0,0,0,9.4,5.0092,Fresh(0-50),0,0,0,0,0,0
L,302.1,311.4,1391,49.2,52,0,0,0,0,0,0,0,9.3,7.1662,Low(51-100),0,1,1,1,0,0
M,302.0,311.5,1366,52.3,54,0,0,0,0,0,0,1,9.5,7.4808,Low(51-100),0,1,1,1,0,0
L,301.9,311.3,1366,55.6,57,0,0,0,0,0,0,0,9.4,7.9528,Low(51-100),0,1,1,1,0,0
L,301.9,311.3,1501,40.8,59,0,0,0,0,0,0,0,9.4,6.4126,Low(51-100),0,0,0,0,0,0
L,301.8,311.3,1551,35.8,61,0,0,0,0,0,0,0,9.5,5.8142,Low(51-100),0,0,0,0,0,0
M,301.9,311.3,1522,35.6,63,0,0,0,0,0,0,1,9.4,5.6736,Low(51-100),0,0,0,0,0,0
L,301.9,311.2,1369,49.8,66,0,0,0,0,0,0,0,9.3,7.1389,Low(51-100),0,1,1,1,0,0
L,301.8,311.2,1334,52.3,68,0,0,0,0,0,0,0,9.4,7.3056,Low(51-100),0,1,1,1,0,0
H,301.8,311.2,1451,39.4,70,0,0,0,0,0,0,2,9.4,5.9863,Low(51-100),0,0,0,0,0,0
L,301.7,311.2,1589,37.9,75,0,0,0,0,0,0,0,9.5,6.3061,Low(51-100),0,0,0,0,0,0
L,301.7,311.3,1708,30.5,77,0,0,0,0,0,0,0,9.6,5.4549,Low(51-100),0,0,0,0,0,0
M,301.7,311.2,1413,42.6,79,0,0,0,0,0,0,1,9.5,6.303,Low(51-100),0,0,1,0,0,0
M,301.6,311.2,1415,46.5,82,0,0,0,0,0,0,1,9.6,6.8898,Low(51-100),0,0,1,0,0,0
L,301.7,311.3,1421,45.9,85,0,0,0,0,0,0,0,9.6,6.8297,Low(51-100),0,0,1,0,0,0
L,301.7,311.3,1348,51.0,87,0,0,0,0,0,0,0,9.6,7.1987,Low(51-100),0,1,1,1,0,0
L,301.6,311.2,1408,42.9,89,0,0,0,0,0,0,0,9.6,6.3249,Low(51-100),0,0,1,0,0,0
L,301.6,311.2,1525,43.7,91,0,0,0,0,0,0,0,9.6,6.9783,Low(51-100),0,0,0,0,0,0
L,301.6,311.3,1706,29.9,93,0,0,0,0,0,0,0,9.7,5.3413,Low(51-100),0,0,0,0,0,0
H,301.6,311.2,1395,46.8,95,0,0,0,0,0,0,2,9.6,6.8362,Low(51-100),0,0,1,0,0,0
L,301.5,311.1,1602,34.3,100,0,0,0,0,0,0,0,9.6,5.7538,Low(51-100),0,0,0,0,0,0
L,301.6,311.1,1907,21.5,102,0,0,0,0,0,0,0,9.5,4.2932,Medium(101-150),0,0,0,0,0,0
L,301.6,311.1,1325,49.2,104,0,0,0,0,0,0,0,9.5,6.8262,Medium(101-150),0,1,1,1,0,0
L,301.6,311.1,1408,44.4,106,0,0,0,0,0,0,0,9.5,6.5461,Medium(101-150),0,0,1,0,0,0
M,301.7,311.1,1489,41.4,108,0,0,0,0,0,0,1,9.4,6.4549,Medium(101-150),0,0,0,0,0,0
L,301.6,311.1,1680,29.2,111,0,0,0,0,0,0,0,9.5,5.1368,Medium(101-150),0,0,0,0,0,0
L,301.7,311.2,1517,42.4,113,0,0,0,0,0,0,0,9.5,6.7352,Medium(101-150),0,0,0,0,0,0
M,301.7,311.1,1618,36.7,115,0,0,0,0,0,0,1,9.4,6.2179,Medium(101-150),0,0,0,0,0,0
L,301.7,311.1,1455,39.8,118,0,0,0,0,0,0,0,9.4,6.0638,Medium(101-150),0,0,0,0,0,0
H,301.8,311.1,1543,36.4,120,0,0,0,0,0,0,2,9.3,5.8812,Medium(101-150),0,0,0,0,0,0
M,301.8,311.1,1399,41.8,125,0,0,0,0,0,0,1,9.3,6.1234,Medium(101-150),0,0,1,0,0,0
L,301.7,311.1,1469,37.2,128,0,0,0,0,0,0,0,9.4,5.7222,Medium(101-150),0,0,0,0,0,0
L,301.7,311.2,1521,36.7,130,0,0,0,0,0,0,0,9.5,5.8451,Medium(101-150),0,0,0,0,0,0
L,301.7,311.3,1584,38.8,132,0,0,0,0,0,0,0,9.6,6.4355,Medium(101-150),0,0,0,0,0,0
L,301.8,311.5,1443,43.3,134,0,0,0,0,0,0,0,9.7,6.5426,Medium(101-150),0,0,0,0,0,0
M,301.8,311.5,1416,49.0,136,0,0,0,0,0,0,1,9.7,7.2653,Medium(101-150),0,1,1,1,0,0
M,301.7,311.2,1563,34.5,139,0,0,0,0,0,0,1,9.5,5.6464,Medium(101-150),0,0,0,0,0,0
M,301.8,311.3,1542,40.1,142,0,0,0,0,0,0,1,9.5,6.4748,Medium(101-150),0,0,0,0,0,0
M,301.8,311.3,1624,31.6,145,0,0,0,0,0,0,1,9.5,5.3737,Medium(101-150),0,0,0,0,0,0
L,301.8,311.3,1471,44.2,148,0,0,0,0,0,0,0,9.5,6.8082,Medium(101-150),0,0,0,0,0,0
M,301.9,311.5,1492,40.8,150,0,0,0,0,0,0,1,9.6,6.3742,Medium(101-150),0,0,0,0,0,0
M,301.9,311.4,1465,39.9,153,0,0,0,0,0,0,1,9.5,6.1208,High(151-200),0,0,0,0,0,0
L,301.7,311.1,1399,55.1,156,0,0,0,0,0,0,0,9.4,8.0717,High(151-200),0,1,1,1,0,0
L,301.6,311.0,1431,42.6,158,0,0,0,0,0,0,0,9.4,6.3833,High(151-200),0,0,0,0,0,0
L,301.5,310.9,1600,39.0,160,0,0,0,0,0,0,0,9.4,6.534,High(151-200),0,0,0,0,0,0
L,301.5,310.8,1593,34.5,162,0,0,0,0,0,0,0,9.3,5.7548,High(151-200),0,0,0,0,0,0
L,301.5,310.9,1469,44.7,164,0,0,0,0,0,0,0,9.4,6.8758,High(151-200),0,0,0,0,0,0
L,301.5,310.8,1413,44.6,166,0,0,0,0,0,0,0,9.3,6.5989,High(151-200),0,0,1,0,0,0
L,301.4,310.8,1490,38.0,168,0,0,0,0,0,0,0,9.4,5.9288,High(151-200),0,0,0,0,0,0
L,301.5,310.9,1671,31.1,170,0,0,0,0,0,0,0,9.4,5.4417,High(151-200),0,0,0,0,0,0
L,301.5,310.9,1365,46.5,172,0,0,0,0,0,0,0,9.4,6.6463,High(151-200),0,0,1,0,0,0
M,301.4,310.9,1557,39.3,174,0,0,0,0,0,0,1,9.5,6.4073,High(151-200),0,0,0,0,0,0
L,301.4,310.9,1440,45.4,177,0,0,0,0,0,0,0,9.5,6.8457,High(151-200),0,0,0,0,0,0
M,301.4,310.9,1489,38.9,179,0,0,0,0,0,0,1,9.5,6.0651,High(151-200),0,0,0,0,0,0
L,301.4,311.0,1733,25.7,182,0,0,0,0,0,0,0,9.6,4.6637,High(151-200),0,0,0,0,0,0
H,301.3,311.0,1580,36.6,184,0,0,0,0,0,0,2,9.7,6.0553,High(151-200),0,0,0,0,0,0
L,301.3,311.0,1856,21.9,189,0,0,0,0,0,0,0,9.7,4.2562,High(151-200),0,0,0,0,0,0
L,301.3,311.1,1454,40.3,191,0,0,0,0,0,0,0,9.8,6.1357,High(151-200),0,0,0,0,0,0
L,301.4,311.1,1495,36.3,193,0,0,0,0,0,0,0,9.7,5.6826,High(151-200),0,0,0,0,0,0
L,301.2,311.0,1761,29.1,195,0,0,0,0,0,0,0,9.8,5.366,High(151-200),0,0,0,0,0,0
M,301.3,311.0,1402,47.5,197,0,0,0,0,0,0,1,9.7,6.9733,High(151-200),0,1,1,1,0,0
L,301.2,311.0,1670,33.0,200,0,0,0,0,0,0,0,9.8,5.7707,High(151-200),0,0,0,0,0,0
L,301.3,311.0,1582,35.6,202,0,0,0,0,0,0,0,9.7,5.8973,Critical(>200),1,0,0,0,0,0
L,301.3,311.0,1542,35.1,204,0,0,0,0,0,0,0,9.7,5.6675,Critical(>200),1,0,0,0,0,0
L,301.3,311.0,1539,36.9,206,0,0,0,0,0,0,0,9.7,5.9465,Critical(>200),1,0,0,0,0,0
L,301.3,311.0,1418,41.9,208,0,0,0,0,0,0,0,9.7,6.2214,Critical(>200),1,0,1,0,0,0
L,301.3,311.1,1723,27.6,210,0,0,0,0,0,0,0,9.8,4.9796,Critical(>200),1,0,0,0,0,0
L,301.3,311.1,1303,49.2,212,0,0,0,0,0,0,0,9.8,6.7128,Critical(>200),1,1,1,1,0,0
M,301.3,311.0,1463,50.2,214,0,0,0,0,0,0,1,9.7,7.6903,Critical(>200),1,1,0,0,0,0
L,301.2,311.0,1544,39.3,217,0,0,0,0,0,0,0,9.8,6.3538,Critical(>200),1,0,0,0,0,0
L,301.2,311.0,1596,37.2,219,0,0,0,0,0,0,0,9.8,6.2169,Critical(>200),1,0,0,0,0,0
L,301.3,311.1,1413,42.0,221,0,0,0,0,0,0,0,9.8,6.2142,Critical(>200),1,0,1,0,0,0
M,301.3,311.1,1492,41.2,223,0,0,0,0,0,0,1,9.8,6.4367,Critical(>200),1,0,0,0,0,0
L,301.3,311.1,1624,40.9,0,0,0,0,0,0,0,0,9.8,6.9551,Fresh(0-50),0,0,0,0,0,0
L,301.3,311.1,1504,39.1,2,0,0,0,0,0,0,0,9.8,6.1577,Fresh(0-50),0,0,0,0,0,0
M,301.2,311.1,1574,34.3,4,0,0,0,0,0,0,1,9.9,5.6532,Fresh(0-50),0,0,0,0,0,0
M,301.3,311.2,1438,42.4,7,0,0,0,0,0,0,1,9.9,6.3844,Fresh(0-50),0,0,0,0,0,0
L,301.3,311.3,1474,50.7,10,0,0,0,0,0,0,0,10.0,7.8253,Fresh(0-50),0,1,0,0,0,0
L,301.3,311.2,1675,32.1,12,0,0,0,0,0,0,0,9.9,5.6301,Fresh(0-50),0,0,0,0,0,0
L,301.3,311.2,1457,44.5,14,0,0,0,0,0,0,0,9.9,6.7892,Fresh(0-50),0,0,0,0,0,0
L,301.3,311.3,1434,49.8,16,0,0,0,0,0,0,0,10.0,7.4778,Fresh(0-50),0,1,0,0,0,0
L,301.3,311.2,1668,30.1,18,0,0,0,0,0,0,0,9.9,5.2573,Fresh(0-50),0,0,0,0,0,0
L,301.2,311.1,1550,39.7,20,0,0,0,0,0,0,0,9.9,6.4435,Fresh(0-50),0,0,0,0,0,0
M,301.3,311.1,1834,25.4,22,0,0,0,0,0,0,1,9.8,4.8779,Fresh(0-50),0,0,0,0,0,0
M,301.4,311.2,1476,36.5,25,0,0,0,0,0,0,1,9.8,5.6413,Fresh(0-50),0,0,0,0,0,0
M,301.4,311.2,1541,36.3,28,0,0,0,0,0,0,1,9.8,5.8574,Fresh(0-50),0,0,0,0,0,0
M,301.3,311.1,1581,30.9,31,0,0,0,0,0,0,1,9.8,5.1155,Fresh(0-50),0,0,0,0,0,0
M,301.3,311.1,1678,30.7,34,0,0,0,0,0,0,1,9.8,5.3942,Fresh(0-50),0,0,0,0,0,0
L,301.4,311.2,1355,50.6,37,0,0,0,0,0,0,0,9.8,7.1794,Fresh(0-50),0,1,1,1,0,0
L,301.5,311.2,1700,28.8,39,0,0,0,0,0,0,0,9.7,5.1267,Fresh(0-50),0,0,0,0,0,0
L,301.4,311.1,1462,37.1,41,0,0,0,0,0,0,0,9.7,5.6796,Fresh(0-50),0,0,0,0,0,0
M,301.4,311.2,1727,26.5,43,0,0,0,0,0,0,1,9.8,4.7922,Fresh(0-50),0,0,0,0,0,0
L,301.4,311.3,1674,33.3,46,0,0,0,0,0,0,0,9.9,5.8371,Fresh(0-50),0,0,0,0,0,0
L,301.4,311.3,1397,42.3,48,0,0,0,0,0,0,0,9.9,6.1878,Fresh(0-50),0,0,1,0,0,0
L,301.4,311.3,2323,15.9,50,0,0,0,0,0,0,0,9.9,3.8676,Fresh(0-50),0,0,0,0,0,0
M,301.4,311.2,1434,47.6,52,0,0,0,0,0,0,1,9.8,7.1475,Low(51-100),0,1,0,0,0,0
L,301.3,311.1,1560,35.3,55,0,0,0,0,0,0,0,9.8,5.7663,Low(51-100),0,0,0,0,0,0
L,301.2,311.0,1573,32.8,57,0,0,0,0,0,0,0,9.8,5.4026,Low(51-100),0,0,0,0,0,0
H,301.2,310.9,1798,22.3,59,0,0,0,0,0,0,2,9.7,4.1985,Low(51-100),0,0,0,0,0,0
L,301.2,311.0,1567,35.1,64,0,0,0,0,0,0,0,9.8,5.7593,Low(51-100),0,0,0,0,0,0
L,301.2,310.9,1416,53.3,66,0,0,0,0,0,0,0,9.7,7.9029,Low(51-100),0,1,1,1,0,0
M,301.2,310.9,1424,45.2,68,0,0,0,0,0,0,1,9.7,6.7398,Low(51-100),0,0,0,0,0,0
H,301.2,310.9,1598,35.9,71,0,0,0,0,0,0,2,9.7,6.0071,Low(51-100),0,0,0,0,0,0
L,301.3,310.9,1760,23.9,76,0,0,0,0,0,0,0,9.6,4.4046,Low(51-100),0,0,0,0,0,0
L,301.3,311.0,1348,44.5,78,0,0,0,0,0,0,0,9.7,6.2813,Low(51-100),0,0,1,0,0,0
L,301.3,311.0,1542,33.6,80,0,0,0,0,0,0,0,9.7,5.4253,Low(51-100),0,0,0,0,0,0
L,301.3,310.9,1566,33.1,82,0,0,0,0,0,0,0,9.6,5.4277,Low(51-100),0,0,0,0,0,0
L,301.3,311.0,1554,47.7,84,0,0,0,0,0,0,0,9.7,7.7619,Low(51-100),0,1,0,0,0,0
L,301.4,311.0,1470,40.6,86,0,0,0,0,0,0,0,9.6,6.2494,Low(51-100),0,0,0,0,0,0
M,301.4,311.1,1758,25.4,88,0,0,0,0,0,0,1,9.7,4.6757,Low(51-100),0,0,0,0,0,0
M,301.4,311.0,1486,36.5,91,0,0,0,0,0,0,1,9.6,5.6795,Low(51-100),0,0,0,0,0,0
M,301.5,311.1,1402,40.0,94,0,0,0,0,0,0,1,9.6,5.8723,Low(51-100),0,0,1,0,0,0
L,301.5,311.1,1459,45.1,97,0,0,0,0,0,0,0,9.6,6.8901,Low(51-100),0,0,0,0,0,0
L,301.5,311.0,1494,45.3,99,0,0,0,0,0,0,0,9.5,7.0867,Low(51-100),0,0,0,0,0,0
L,301.5,311.1,1731,27.9,101,0,0,0,0,0,0,0,9.6,5.0571,Medium(101-150),0,0,0,0,0,0
L,301.5,311.1,2076,18.7,103,0,0,0,0,0,0,0,9.6,4.065,Medium(101-150),0,0,0,0,0,0
L,301.5,311.1,2055,16.8,105,0,0,0,0,0,0,0,9.6,3.6151,Medium(101-150),0,0,0,0,0,0
L,301.5,311.1,1469,49.5,107,0,0,0,0,0,0,0,9.6,7.6142,Medium(101-150),0,1,0,0,0,0
M,301.5,311.0,1504,42.6,109,0,0,0,0,0,0,1,9.5,6.7089,Medium(101-150),0,0,0,0,0,0
M,301.5,311.1,1396,43.5,112,0,0,0,0,0,0,1,9.6,6.3587,Medium(101-150),0,0,1,0,0,0
M,301.5,311.1,1660,33.8,115,0,0,0,0,0,0,1,9.6,5.8752,Medium(101-150),0,0,0,0,0,0
M,301.5,311.0,1577,39.7,118,0,0,0,0,0,0,1,9.5,6.5557,Medium(101-150),0,0,0,0,0,0
L,301.5,311.1,1426,52.1,121,0,0,0,0,0,0,0,9.6,7.7795,Medium(101-150),0,1,0,0,0,0
L,301.5,311.1,1458,41.4,123,0,0,0,0,0,0,0,9.6,6.3205,Medium(101-150),0,0,0,0,0,0
L,301.4,311.0,1533,45.8,125,0,0,0,0,0,0,0,9.6,7.352,Medium(101-150),0,0,0,0,0,0
L,301.4,311.0,1701,28.4,127,0,0,0,0,0,0,0,9.6,5.0585,Medium(101-150),0,0,0,0,0,0
L,301.5,311.1,1434,49.6,129,0,0,0,0,0,0,0,9.6,7.4478,Medium(101-150),0,1,0,0,0,0
L,301.4,311.1,1952,22.7,131,0,0,0,0,0,0,0,9.7,4.6398,Medium(101-150),0,0,0,0,0,0
L,301.4,311.1,1469,36.9,133,0,0,0,0,0,0,0,9.7,5.676,Medium(101-150),0,0,0,0,0,0
L,301.4,311.1,1800,26.0,135,0,0,0,0,0,0,0,9.7,4.9005,Medium(101-150),0,0,0,0,0,0
M,301.3,311.1,1438,43.0,137,0,0,0,0,0,0,1,9.8,6.4748,Medium(101-150),0,0,0,0,0,0
L,301.3,311.1,1647,28.2,140,0,0,0,0,0,0,0,9.8,4.8634,Medium(101-150),0,0,0,0,0,0
L,301.4,311.1,1494,41.9,142,0,0,0,0,0,0,0,9.7,6.5548,Medium(101-150),0,0,0,0,0,0
H,301.4,311.1,1445,41.4,144,0,0,0,0,0,0,2,9.7,6.2642,Medium(101-150),0,0,0,0,0,0
M,301.5,311.1,1507,38.6,149,0,0,0,0,0,0,1,9.6,6.0911,Medium(101-150),0,0,0,0,0,0
M,301.4,311.0,1234,55.8,152,0,0,0,0,0,0,1,9.6,7.2102,High(151-200),0,1,1,1,0,0
L,301.4,311.0,1634,32.6,155,0,0,0,0,0,0,0,9.6,5.5778,High(151-200),0,0,0,0,0,0
L,301.4,311.0,1334,53.3,157,0,0,0,0,0,0,0,9.6,7.4453,High(151-200),0,1,1,1,0,0
L,301.4,311.1,1472,44.5,159,0,0,0,0,0,0,0,9.7,6.8591,High(151-200),0,0,0,0,0,0
M,301.3,311.0,1410,52.7,161,0,0,0,0,0,0,1,9.7,7.7808,High(151-200),0,1,1,1,0,0
L,301.2,310.9,1597,37.9,164,0,0,0,0,0,0,0,9.7,6.3378,High(151-200),0,0,0,0,0,0
M,301.2,310.9,1460,46.7,166,0,0,0,0,0,0,1,9.7,7.1395,High(151-200),0,0,0,0,0,0
L,301.1,310.8,1274,55.7,169,0,0,0,0,0,0,0,9.7,7.4306,High(151-200),0,1,1,1,0,0
M,301.0,310.7,1517,40.2,171,0,0,0,0,0,0,1,9.7,6.3857,High(151-200),0,0,0,0,0,0
L,301.0,310.7,1300,57.2,174,0,0,0,0,0,0,0,9.7,7.7864,High(151-200),0,1,1,1,0,0
H,300.9,310.6,1686,27.7,176,0,0,0,0,0,0,2,9.7,4.8903,High(151-200),0,0,0,0,0,0
M,300.9,310.7,1485,41.0,181,0,0,0,0,0,0,1,9.8,6.3754,High(151-200),0,0,0,0,0,0
L,301.0,310.7,1464,45.8,184,0,0,0,0,0,0,0,9.7,7.0211,High(151-200),0,0,0,0,0,0
L,300.9,310.6,1598,35.4,186,0,0,0,0,0,0,0,9.7,5.9235,High(151-200),0,0,0,0,0,0
L,300.9,310.5,1894,21.9,188,0,0,0,0,0,0,0,9.6,4.3433,High(151-200),0,0,0,0,0,0
M,300.8,310.5,1330,59.0,190,0,0,0,0,0,0,1,9.7,8.2168,High(151-200),0,1,1,1,0,0
H,300.8,310.5,1582,31.1,193,0,0,0,0,0,0,2,9.7,5.1519,High(151-200),0,0,0,0,0,0
L,300.7,310.3,1533,35.6,198,0,0,0,0,0,0,0,9.6,5.7146,High(151-200),0,0,0,0,0,0
H,300.8,310.4,1419,46.4,200,0,0,0,0,0,0,2,9.6,6.8944,High(151-200),0,0,1,0,0,0
M,300.8,310.3,1526,36.3,205,0,0,0,0,0,0,1,9.5,5.8004,Critical(>200),1,0,0,0,0,0
H,300.7,310.2,1364,65.3,208,1,1,0,1,1,0,2,9.5,9.3266,Critical(>200),1,1,1,1,0,3
M,300.8,310.3,1458,43.4,0,0,0,0,0,0,0,1,9.5,6.6259,Fresh(0-50),0,0,0,0,0,0
M,300.8,310.4,1288,64.0,3,0,0,0,0,0,0,1,9.6,8.6316,Fresh(0-50),0,1,1,1,0,0
M,300.7,310.3,1659,29.8,6,0,0,0,0,0,0,1,9.6,5.1768,Fresh(0-50),0,0,0,0,0,0
H,300.7,310.2,1479,52.3,9,0,0,0,0,0,0,2,9.5,8.0997,Fresh(0-50),0,1,0,0,0,0
L,300.7,310.3,1592,36.0,14,0,0,0,0,0,0,0,9.6,6.0013,Fresh(0-50),0,0,0,0,0,0
M,300.6,310.2,1532,38.7,16,0,0,0,0,0,0,1,9.6,6.2082,Fresh(0-50),0,0,0,0,0,0
L,300.6,310.2,1555,41.9,19,0,0,0,0,0,0,0,9.6,6.8225,Fresh(0-50),0,0,0,0,0,0
L,300.6,310.2,1341,52.6,21,0,0,0,0,0,0,0,9.6,7.386,Fresh(0-50),0,1,1,1,0,0
L,300.6,310.1,1541,42.0,23,0,0,0,0,0,0,0,9.5,6.7772,Fresh(0-50),0,0,0,0,0,0
L,300.6,310.3,1414,50.6,25,0,0,0,0,0,0,0,9.7,7.492,Fresh(0-50),0,1,1,1,0,0
L,300.5,310.2,1764,25.9,27,0,0,0,0,0,0,0,9.7,4.784,Fresh(0-50),0,0,0,0,0,0
L,300.5,310.3,1336,57.1,29,0,0,0,0,0,0,0,9.8,7.988,Fresh(0-50),0,1,1,1,0,0
L,300.5,310.3,1435,43.3,31,0,0,0,0,0,0,0,9.8,6.5063,Fresh(0-50),0,0,0,0,0,0
M,300.4,310.3,1537,35.0,33,0,0,0,0,0,0,1,9.9,5.633,Fresh(0-50),0,0,0,0,0,0
L,300.3,310.2,1369,48.8,36,0,0,0,0,0,0,0,9.9,6.9955,Fresh(0-50),0,1,1,1,0,0
M,300.2,310.1,1619,31.3,38,0,0,0,0,0,0,1,9.9,5.3063,Fresh(0-50),0,0,0,0,0,0
L,300.2,310.1,1440,51.1,41,0,0,0,0,0,0,0,9.9,7.7051,Fresh(0-50),0,1,0,0,0,0
L,300.2,310.1,1649,30.5,43,0,0,0,0,0,0,0,9.9,5.2664,Fresh(0-50),0,0,0,0,0,0
M,300.2,310.1,1550,38.7,45,0,0,0,0,0,0,1,9.9,6.2812,Fresh(0-50),0,0,0,0,0,0
L,300.3,310.2,1471,45.2,48,0,0,0,0,0,0,0,9.9,6.9622,Fresh(0-50),0,0,0,0,0,0
L,300.3,310.3,1483,51.6,50,0,0,0,0,0,0,0,10.0,8.0129,Fresh(0-50),0,1,0,0,0,0
L,300.3,310.4,1336,54.4,52,0,0,0,0,0,0,0,10.1,7.6103,Low(51-100),0,1,1,1,0,0
L,300.5,310.5,1515,36.6,54,0,0,0,0,0,0,0,10.0,5.8062,Low(51-100),0,0,0,0,0,0
L,300.5,310.5,1373,47.4,56,0,0,0,0,0,0,0,10.0,6.8147,Low(51-100),0,1,1,1,0,0
H,300.6,310.5,1454,51.2,58,0,0,0,0,0,0,2,9.9,7.7953,Low(51-100),0,1,0,0,0,0
L,300.5,310.5,1646,34.5,63,0,0,0,0,0,0,0,10.0,5.9463,Low(51-100),0,0,0,0,0,0
M,300.5,310.4,1548,37.3,65,0,0,0,0,0,0,1,9.9,6.0461,Low(51-100),0,0,0,0,0,0
M,300.6,310.5,1462,41.3,68,0,0,0,0,0,0,1,9.9,6.3226,Low(51-100),0,0,0,0,0,0
L,300.5,310.4,1702,33.1,71,0,0,0,0,0,0,0,9.9,5.8991,Low(51-100),0,0,0,0,0,0
L,300.5,310.5,1409,60.9,73,0,0,0,0,0,0,0,10.0,8.9851,Low(51-100),0,1,1,1,0,0
M,300.6,310.6,1427,52.8,75,0,0,0,0,0,0,1,10.0,7.8896,Low(51-100),0,1,0,0,0,0
L,300.6,310.7,1438,48.5,78,1,0,0,0,0,0,0,10.1,7.3029,Low(51-100),0,1,0,0,0,0
L,300.7,310.7,1450,43.4,80,0,0,0,0,0,0,0,10.0,6.5895,Low(51-100),0,0,0,0,0,0
L,300.7,310.7,1541,41.3,82,0,0,0,0,0,0,0,10.0,6.6642,Low(51-100),0,0,0,0,0,0
M,300.7,310.6,1484,38.0,84,0,0,0,0,0,0,1,9.9,5.9049,Low(51-100),0,0,0,0,0,0
M,300.8,310.8,1415,44.5,87,0,0,0,0,0,0,1,10.0,6.5935,Low(51-100),0,0,1,0,0,0
L,300.7,310.8,1496,46.4,90,0,0,0,0,0,0,0,10.1,7.2685,Low(51-100),0,0,0,0,0,0
M,300.7,310.8,1465,45.2,92,0,0,0,0,0,0,1,10.1,6.9338,Low(51-100),0,0,0,0,0,0
L,300.7,310.8,2113,18.5,95,0,0,0,0,0,0,0,10.1,4.0932,Low(51-100),0,0,0,0,0,0
M,300.7,310.8,1506,44.0,97,0,0,0,0,0,0,1,10.1,6.9386,Low(51-100),0,0,0,0,0,0
L,300.7,310.8,1689,28.9,100,0,0,0,0,0,0,0,10.1,5.1112,Low(51-100),0,0,0,0,0,0
L,300.7,310.9,1650,29.4,102,0,0,0,0,0,0,0,10.2,5.0796,Medium(101-150),0,0,0,0,0,0
L,300.7,310.8,1563,33.8,104,0,0,0,0,0,0,0,10.1,5.5319,Medium(101-150),0,0,0,0,0,0
M,300.7,310.9,1486,38.9,106,0,0,0,0,0,0,1,10.2,6.0529,Medium(101-150),0,0,0,0,0,0
L,300.8,310.9,1732,25.7,109,0,0,0,0,0,0,0,10.1,4.661,Medium(101-150),0,0,0,0,0,0
L,300.7,310.8,1653,31.6,111,0,0,0,0,0,0,0,10.1,5.4696,Medium(101-150),0,0,0,0,0,0
L,300.7,310.9,1535,37.1,113,0,0,0,0,0,0,0,10.2,5.9632,Medium(101-150),0,0,0,0,0,0
L,300.7,310.9,1637,37.2,115,0,0,0,0,0,0,0,10.2,6.3766,Medium(101-150),0,0,0,0,0,0
L,300.6,310.8,1533,38.5,117,0,0,0,0,0,0,0,10.2,6.1802,Medium(101-150),0,0,0,0,0,0
L,300.6,310.8,1378,51.2,119,0,0,0,0,0,0,0,10.2,7.3878,Medium(101-150),0,1,1,1,0,0
L,300.5,310.7,1606,33.5,121,0,0,0,0,0,0,0,10.2,5.6336,Medium(101-150),0,0,0,0,0,0
L,300.3,310.7,1539,32.3,123,0,0,0,0,0,0,0,10.4,5.2052,Medium(101-150),0,0,0,0,0,0
L,300.5,310.8,1728,26.3,125,0,0,0,0,0,0,0,10.3,4.7588,Medium(101-150),0,0,0,0,0,0
H,300.4,310.7,1656,36.3,127,0,0,0,0,0,0,2,10.3,6.2945,Medium(101-150),0,0,0,0,0,0
H,300.5,310.8,1631,30.5,132,0,0,0,0,0,0,2,10.3,5.209,Medium(101-150),0,0,0,0,0,0
H,300.5,310.9,1447,46.5,137,0,0,0,0,0,0,2,10.4,7.0456,Medium(101-150),0,0,0,0,0,0
L,300.4,310.8,1396,49.3,142,0,0,0,0,0,0,0,10.4,7.2066,Medium(101-150),0,1,1,1,0,0
L,300.4,310.8,1390,52.5,144,0,0,0,0,0,0,0,10.4,7.6414,Medium(101-150),0,1,1,1,0,0
L,300.4,310.8,1348,56.0,146,0,0,0,0,0,0,0,10.4,7.9045,Medium(101-150),0,1,1,1,0,0
M,300.4,310.8,1491,35.9,148,0,0,0,0,0,0,1,10.4,5.6049,Medium(101-150),0,0,0,0,0,0
L,300.4,310.8,1520,37.6,151,0,0,0,0,0,0,0,10.4,5.9845,High(151-200),0,0,0,0,0,0
L,300.5,310.8,1509,33.0,153,0,0,0,0,0,0,0,10.3,5.2143,High(151-200),0,0,0,0,0,0
L,300.5,310.8,1445,46.6,155,0,0,0,0,0,0,0,10.3,7.051,High(151-200),0,0,0,0,0,0
L,300.5,310.8,1354,51.8,157,0,0,0,0,0,0,0,10.3,7.3442,High(151-200),0,1,1,1,0,0
L,300.5,310.7,1488,39.4,159,0,0,0,0,0,0,0,10.2,6.139,High(151-200),0,0,0,0,0,0
H,300.5,310.7,1654,28.6,161,0,0,0,0,0,0,2,10.2,4.9533,High(151-200),0,0,0,0,0,0
H,300.5,310.6,1378,51.5,166,0,0,0,0,0,0,2,10.1,7.4311,High(151-200),0,1,1,1,0,0
L,300.6,310.7,1750,30.6,171,0,0,0,0,0,0,0,10.1,5.6073,High(151-200),0,0,0,0,0,0
L,300.5,310.6,1448,46.3,173,0,0,0,0,0,0,0,10.1,7.0201,High(151-200),0,0,0,0,0,0
H,300.6,310.7,1501,45.3,175,0,0,0,0,0,0,2,10.1,7.1199,High(151-200),0,0,0,0,0,0
M,300.6,310.7,1654,32.0,180,0,0,0,0,0,0,1,10.1,5.5422,High(151-200),0,0,0,0,0,0
M,300.7,310.7,1347,46.5,183,0,0,0,0,0,0,1,10.0,6.5587,High(151-200),0,0,1,0,0,0
L,300.7,310.8,1486,37.1,186,0,0,0,0,0,0,0,10.1,5.7728,High(151-200),0,0,0,0,0,0
H,300.8,310.8,1466,45.2,188,0,0,0,0,0,0,2,10.0,6.9386,High(151-200),0,0,0,0,0,0
H,300.7,310.8,1346,52.0,193,0,0,0,0,0,0,2,10.1,7.329,High(151-200),0,1,1,1,0,0
L,300.7,310.7,1314,42.4,198,0,0,0,0,0,0,0,10.0,5.8339,High(151-200),0,0,1,0,0,0
L,300.6,310.7,1440,52.5,200,0,0,0,0,0,0,0,10.1,7.9162,High(151-200),0,1,0,0,0,0
L,300.7,310.8,1608,39.5,202,0,0,0,0,0,0,0,10.1,6.6509,Critical(>200),1,0,0,0,0,0
H,300.7,310.8,1296,58.2,204,0,0,0,0,0,0,2,10.1,7.8981,Critical(>200),1,1,1,1,0,0
L,300.7,310.7,1507,46.1,209,0,0,0,0,0,0,0,10.0,7.2746,Critical(>200),1,0,0,0,0,0
M,300.7,310.7,1343,51.6,211,0,0,0,0,0,0,1,10.0,7.2564,Critical(>200),1,1,1,1,0,0
L,300.7,310.7,1416,40.4,214,0,0,0,0,0,0,0,10.0,5.9902,Critical(>200),1,0,1,0,0,0
L,300.7,310.6,1288,47.2,216,0,0,0,0,0,0,0,9.9,6.3658,Critical(>200),1,1,1,1,0,0
M,300.7,310.6,1407,42.4,218,0,0,0,0,0,0,1,9.9,6.2468,Critical(>200),1,0,1,0,0,0
L,300.6,310.4,1608,39.2,221,0,0,0,0,0,0,0,9.8,6.6004,Critical(>200),1,0,0,0,0,0
L,300.6,310.3,1920,22.3,223,0,0,0,0,0,0,0,9.7,4.4834,Critical(>200),1,0,0,0,0,0
M,300.5,310.2,1386,48.2,225,0,0,0,0,0,0,1,9.7,6.9953,Critical(>200),1,1,1,1,0,0
M,300.5,310.2,1571,34.6,228,0,0,0,0,0,0,1,9.7,5.6918,Critical(>200),1,0,0,0,0,0
M,300.4,310.2,1613,36.9,231,0,0,0,0,0,0,1,9.8,6.2324,Critical(>200),1,0,0,0,0,0
M,300.4,310.2,1671,30.5,234,1,1,0,0,0,0,1,9.8,5.3367,Critical(>200),1,0,0,0,0,1
H,300.4,310.2,1431,43.2,0,0,0,0,0,0,0,2,9.8,6.4732,Fresh(0-50),0,0,0,0,0,0
M,300.4,310.2,1380,47.3,5,0,0,0,0,0,0,1,9.8,6.835,Fresh(0-50),0,1,1,1,0,0
L,300.5,310.3,1683,31.5,8,0,0,0,0,0,0,0,9.8,5.5513,Fresh(0-50),0,0,0,0,0,0
L,300.4,310.2,1529,36.2,10,0,0,0,0,0,0,0,9.8,5.7958,Fresh(0-50),0,0,0,0,0,0
L,300.5,310.4,1761,26.5,12,0,0,0,0,0,0,0,9.9,4.8865,Fresh(0-50),0,0,0,0,0,0
L,300.6,310.5,1570,38.3,14,0,0,0,0,0,0,0,9.9,6.2964,Fresh(0-50),0,0,0,0,0,0
M,300.6,310.5,2156,18.0,16,0,0,0,0,0,0,1,9.9,4.0637,Fresh(0-50),0,0,0,0,0,0
M,300.7,310.6,1349,54.5,19,0,0,0,0,0,0,1,9.9,7.6985,Fresh(0-50),0,1,1,1,0,0
L,300.7,310.7,1431,39.3,22,0,0,0,0,0,0,0,10.0,5.8888,Fresh(0-50),0,0,0,0,0,0
L,300.6,310.6,1931,22.0,24,0,0,0,0,0,0,0,10.0,4.4484,Fresh(0-50),0,0,0,0,0,0
H,300.7,310.7,1428,43.4,26,0,0,0,0,0,0,2,10.0,6.4895,Fresh(0-50),0,0,0,0,0,0
L,300.8,310.8,1564,36.2,31,0,0,0,0,0,0,0,10.0,5.9285,Fresh(0-50),0,0,0,0,0,0
H,300.8,310.9,1425,44.0,33,0,0,0,0,0,0,2,10.1,6.5654,Fresh(0-50),0,0,0,0,0,0
L,300.7,310.8,1597,30.5,38,0,0,0,0,0,0,0,10.1,5.1004,Fresh(0-50),0,0,0,0,0,0
H,300.8,310.8,1618,32.8,40,0,0,0,0,0,0,2,10.0,5.5571,Fresh(0-50),0,0,0,0,0,0
M,300.8,310.8,1520,38.0,45,0,0,0,0,0,0,1,10.0,6.0482,Fresh(0-50),0,0,0,0,0,0
L,300.7,310.7,1425,45.3,48,0,0,0,0,0,0,0,10.0,6.7594,Fresh(0-50),0,0,0,0,0,0
L,300.8,310.9,1398,38.2,50,0,0,0,0,0,0,0,10.1,5.592,Fresh(0-50),0,0,1,0,0,0
M,300.8,310.9,1557,31.6,52,0,0,0,0,0,0,1,10.1,5.152,Low(51-100),0,0,0,0,0,0
L,300.7,310.8,1519,43.9,55,0,0,0,0,0,0,0,10.1,6.9826,Low(51-100),0,0,0,0,0,0
L,300.7,310.8,1619,34.9,57,0,0,0,0,0,0,0,10.1,5.9166,Low(51-100),0,0,0,0,0,0
L,300.7,310.8,1814,21.4,59,0,0,0,0,0,0,0,10.1,4.0649,Low(51-100),0,0,0,0,0,0
L,300.7,310.9,1521,39.4,61,0,0,0,0,0,0,0,10.2,6.2751,Low(51-100),0,0,0,0,0,0
M,300.7,310.9,1369,51.2,63,0,0,0,0,0,0,1,10.2,7.3396,Low(51-100),0,1,1,1,0,0
L,300.7,310.9,1356,65.3,66,1,0,0,1,0,0,0,10.2,9.2719,Low(51-100),0,1,1,1,0,1
L,300.7,311.0,1336,53.3,68,0,0,0,0,0,0,0,10.3,7.4564,Low(51-100),0,1,1,1,0,0
L,300.7,311.0,1403,48.3,70,0,0,0,0,0,0,0,10.3,7.0958,Low(51-100),0,1,1,1,0,0
M,300.7,311.0,1413,44.3,72,0,0,0,0,0,0,1,10.3,6.5545,Low(51-100),0,0,1,0,0,0
L,300.6,310.9,1472,47.6,75,0,0,0,0,0,0,0,10.3,7.3369,Low(51-100),0,1,0,0,0,0
M,300.7,310.8,1452,47.9,77,0,0,0,0,0,0,1,10.1,7.2828,Low(51-100),0,1,0,0,0,0
L,300.6,310.7,1397,53.7,80,0,0,0,0,0,0,0,10.1,7.8554,Low(51-100),0,1,1,1,0,0
L,300.6,310.7,1455,40.6,82,0,0,0,0,0,0,0,10.1,6.1857,Low(51-100),0,0,0,0,0,0
L,300.7,310.8,1754,27.7,84,0,0,0,0,0,0,0,10.1,5.0875,Low(51-100),0,0,0,0,0,0
L,300.6,310.9,1471,37.9,86,0,0,0,0,0,0,0,10.3,5.8378,Low(51-100),0,0,0,0,0,0
M,300.6,310.8,1389,48.1,88,0,0,0,0,0,0,1,10.2,6.9959,Low(51-100),0,1,1,1,0,0
M,300.6,310.9,1702,30.3,91,0,0,0,0,0,0,1,10.3,5.4001,Low(51-100),0,0,0,0,0,0
M,300.6,311.0,1401,54.6,94,0,0,0,0,0,0,1,10.4,8.0099,Low(51-100),0,1,1,1,0,0
L,300.7,311.1,1426,46.2,97,0,0,0,0,0,0,0,10.4,6.8986,Low(51-100),0,0,0,0,0,0
L,300.7,311.0,1496,38.3,99,0,0,0,0,0,0,0,10.3,5.9997,Low(51-100),0,0,0,0,0,0
L,300.6,310.9,1433,42.6,101,0,0,0,0,0,0,0,10.3,6.3922,Medium(101-150),0,0,0,0,0,0
M,300.7,311.1,1438,46.6,103,0,0,0,0,0,0,1,10.4,7.0168,Medium(101-150),0,0,0,0,0,0
M,300.7,311.0,1418,49.3,106,0,0,0,0,0,0,1,10.3,7.3201,Medium(101-150),0,1,1,1,0,0
M,300.8,311.0,1580,36.6,109,0,0,0,0,0,0,1,10.2,6.0553,Medium(101-150),0,0,0,0,0,0
M,300.7,310.9,1468,41.8,112,0,0,0,0,0,0,1,10.2,6.4254,Medium(101-150),0,0,0,0,0,0
M,300.8,310.9,1522,41.7,115,0,0,0,0,0,0,1,10.1,6.6458,Medium(101-150),0,0,0,0,0,0
L,300.8,310.9,1311,55.8,118,0,0,0,0,0,0,0,10.1,7.6601,Medium(101-150),0,1,1,1,0,0
L,300.9,311.0,1316,56.5,120,0,0,0,0,0,0,0,10.1,7.7858,Medium(101-150),0,1,1,1,0,0
H,300.9,311.0,1853,23.6,122,0,0,0,0,0,0,2,10.1,4.5791,Medium(101-150),0,0,0,0,0,0
M,300.9,311.0,1556,38.8,127,0,0,0,0,0,0,1,10.1,6.3218,Medium(101-150),0,0,0,0,0,0
M,300.9,311.0,1567,34.3,130,0,0,0,0,0,0,1,10.1,5.6281,Medium(101-150),0,0,0,0,0,0
M,300.9,311.1,1546,37.7,133,0,0,0,0,0,0,1,10.2,6.1031,Medium(101-150),0,0,0,0,0,0
L,300.9,311.0,1382,51.2,136,0,0,0,0,0,0,0,10.1,7.4093,Medium(101-150),0,1,1,1,0,0
L,300.9,311.0,2003,20.2,138,0,0,0,0,0,0,0,10.1,4.2367,Medium(101-150),0,0,0,0,0,0
L,300.8,310.9,1748,29.9,140,0,0,0,0,0,0,0,10.1,5.4728,Medium(101-150),0,0,0,0,0,0
H,300.7,310.8,1518,40.1,142,0,0,0,0,0,0,2,10.1,6.374,Medium(101-150),0,0,0,0,0,0
L,300.7,310.8,1475,42.0,147,0,0,0,0,0,0,0,10.1,6.4869,Medium(101-150),0,0,0,0,0,0
L,300.8,310.8,1634,29.2,149,0,0,0,0,0,0,0,10.0,4.9961,Medium(101-150),0,0,0,0,0,0
L,300.8,310.8,1689,32.9,151,0,0,0,0,0,0,0,10.0,5.8186,High(151-200),0,0,0,0,0,0
M,300.9,310.9,1636,35.3,153,0,0,0,0,0,0,1,10.0,6.0472,High(151-200),0,0,0,0,0,0
L,300.9,311.0,2235,15.8,156,0,0,0,0,0,0,0,10.1,3.6977,High(151-200),0,0,0,0,0,0
L,301.0,311.1,1615,35.6,158,0,0,0,0,0,0,0,10.1,6.0203,High(151-200),0,0,0,0,0,0
H,301.1,311.1,1618,29.5,160,0,0,0,0,0,0,2,10.0,4.998,High(151-200),0,0,0,0,0,0
M,301.1,311.2,1407,53.0,165,0,0,0,0,0,0,1,10.1,7.8085,High(151-200),0,1,1,1,0,0
L,301.1,311.1,1450,43.3,168,0,0,0,0,0,0,0,10.0,6.5743,High(151-200),0,0,0,0,0,0
L,301.1,311.1,1889,23.8,170,0,0,0,0,0,0,0,10.0,4.7077,High(151-200),0,0,0,0,0,0
L,301.0,310.9,1568,38.2,172,0,0,0,0,0,0,0,9.9,6.272,High(151-200),0,0,0,0,0,0
L,301.0,311.0,1804,25.8,174,0,0,0,0,0,0,0,10.0,4.8736,High(151-200),0,0,0,0,0,0
L,301.0,311.0,1582,37.5,176,0,0,0,0,0,0,0,10.0,6.212,High(151-200),0,0,0,0,0,0
M,301.0,310.9,2047,17.9,178,0,0,0,0,0,0,1,9.9,3.8368,High(151-200),0,0,0,0,0,0
L,300.9,310.9,1601,34.0,181,0,0,0,0,0,0,0,10.0,5.6999,High(151-200),0,0,0,0,0,0
L,300.9,310.9,1615,32.0,183,0,0,0,0,0,0,0,10.0,5.4115,High(151-200),0,0,0,0,0,0
M,300.9,310.8,1452,43.6,185,0,0,0,0,0,0,1,9.9,6.629,High(151-200),0,0,0,0,0,0
M,300.9,310.8,1695,30.2,188,0,0,0,0,0,0,1,9.9,5.3601,High(151-200),0,0,0,0,0,0
M,300.9,310.8,1790,26.2,191,0,0,0,0,0,0,1,9.9,4.9108,High(151-200),0,0,0,0,0,0
M,301.0,310.8,1533,39.3,194,0,0,0,0,0,0,1,9.8,6.3086,High(151-200),0,0,0,0,0,0
L,301.0,310.9,1813,28.5,197,0,0,0,0,0,0,0,9.9,5.4105,High(151-200),0,0,0,0,0,0
L,301.0,310.9,1492,36.7,199,0,0,0,0,0,0,0,9.9,5.7337,High(151-200),0,0,0,0,0,0
L,300.9,310.7,1479,43.3,201,0,0,0,0,0,0,0,9.8,6.7058,Critical(>200),1,0,0,0,0,0
L,300.8,310.7,1339,59.1,203,1,0,0,0,1,0,0,9.9,8.2864,Critical(>200),1,1,1,1,0,1
M,300.8,310.7,1371,44.7,205,0,0,0,0,0,0,1,9.9,6.4171,Critical(>200),1,0,1,0,0,0
L,300.9,310.7,1468,36.2,208,0,0,0,0,0,0,0,9.8,5.5646,Critical(>200),1,0,0,0,0,0
L,300.9,310.7,1517,41.7,210,0,0,0,0,0,0,0,9.8,6.624,Critical(>200),1,0,0,0,0,0
L,300.9,310.7,1352,46.4,212,0,0,0,0,0,0,0,9.8,6.5689,Critical(>200),1,0,1,0,0,0
L,300.9,310.7,1389,50.0,214,0,0,0,0,0,0,0,9.8,7.2723,Critical(>200),1,1,1,1,0,0
M,300.8,310.6,1505,36.2,0,0,0,0,0,0,0,1,9.8,5.7048,Fresh(0-50),0,0,0,0,0,0
L,300.9,310.6,1538,36.7,3,0,0,0,0,0,0,0,9.7,5.9104,Fresh(0-50),0,0,0,0,0,0
L,300.9,310.8,1482,37.0,5,0,0,0,0,0,0,0,9.9,5.7418,Fresh(0-50),0,0,0,0,0,0
M,300.9,310.8,1599,33.0,7,0,0,0,0,0,0,1,9.9,5.5253,Fresh(0-50),0,0,0,0,0,0
L,300.9,310.8,1476,39.0,10,0,0,0,0,0,0,0,9.9,6.0276,Fresh(0-50),0,0,0,0,0,0
L,300.9,310.7,1509,37.5,12,0,0,0,0,0,0,0,9.8,5.9254,Fresh(0-50),0,0,0,0,0,0
L,300.9,310.8,1708,29.1,14,0,0,0,0,0,0,0,9.9,5.2045,Fresh(0-50),0,0,0,0,0,0
L,300.9,310.7,1412,57.5,16,0,0,0,0,0,1,0,9.8,8.5016,Fresh(0-50),0,1,1,1,0,1
L,300.9,310.7,1658,28.5,18,0,0,0,0,0,0,0,9.8,4.948,Fresh(0-50),0,0,0,0,0,0
L,301.0,310.8,1375,57.2,20,0,0,0,0,0,0,0,9.8,8.2356,Fresh(0-50),0,1,1,1,0,0
M,300.9,310.8,1402,48.1,22,0,0,0,0,0,0,1,9.9,7.0614,Fresh(0-50),0,1,1,1,0,0
M,300.9,310.7,1452,47.3,25,0,0,0,0,0,0,1,9.8,7.1916,Fresh(0-50),0,1,0,0,0,0
M,300.8,310.7,1483,40.8,28,0,0,0,0,0,0,1,9.9,6.3357,Fresh(0-50),0,0,0,0,0,0
H,300.9,310.8,1477,38.4,31,0,0,0,0,0,0,2,9.9,5.9389,Fresh(0-50),0,0,0,0,0,0
M,300.8,310.7,1924,22.4,36,0,0,0,0,0,0,1,9.9,4.5128,Fresh(0-50),0,0,0,0,0,0
H,300.9,310.7,1609,28.7,39,0,0,0,0,0,0,2,9.8,4.8354,Fresh(0-50),0,0,0,0,0,0
M,300.8,310.7,1886,21.1,44,0,0,0,0,0,0,1,9.9,4.167,Fresh(0-50),0,0,0,0,0,0
L,300.7,310.6,1616,29.6,47,0,0,0,0,0,0,0,9.9,5.0088,Fresh(0-50),0,0,0,0,0,0
L,300.7,310.7,1442,43.2,49,0,0,0,0,0,0,0,10.0,6.523,Fresh(0-50),0,0,0,0,0,0
L,300.8,310.8,1407,45.1,51,0,0,0,0,0,0,0,10.0,6.6446,Low(51-100),0,0,1,0,0,0
M,300.8,310.8,1461,41.3,53,0,0,0,0,0,0,1,10.0,6.3183,Low(51-100),0,0,0,0,0,0
M,300.8,310.9,1522,46.2,56,0,0,0,0,0,0,1,10.1,7.363,Low(51-100),0,0,0,0,0,0
L,300.9,311.0,1432,48.1,59,0,0,0,0,0,0,0,10.1,7.2125,Low(51-100),0,1,0,0,0,0
L,300.9,311.0,1438,49.0,61,0,0,0,0,0,0,0,10.1,7.3782,Low(51-100),0,1,0,0,0,0
M,300.8,310.9,1678,28.1,63,0,0,0,0,0,0,1,10.1,4.9374,Low(51-100),0,0,0,0,0,0
M,300.8,310.9,1514,38.7,66,0,0,0,0,0,0,1,10.1,6.1353,Low(51-100),0,0,0,0,0,0
L,300.7,310.8,1534,41.3,69,0,0,0,0,0,0,0,10.1,6.6339,Low(51-100),0,0,0,0,0,0
M,300.7,310.8,1486,41.2,71,0,0,0,0,0,0,1,10.1,6.4108,Low(51-100),0,0,0,0,0,0
L,300.7,310.8,1925,22.0,74,0,0,0,0,0,0,0,10.1,4.4346,Low(51-100),0,0,0,0,0,0
M,300.7,310.8,1724,30.0,76,0,0,0,0,0,0,1,10.1,5.4157,Low(51-100),0,0,0,0,0,0
M,300.8,310.8,1549,35.5,79,0,0,0,0,0,0,1,10.0,5.7581,Low(51-100),0,0,0,0,0,0
L,300.8,310.9,1457,47.7,82,0,0,0,0,0,0,0,10.1,7.2774,Low(51-100),0,1,0,0,0,0
L,300.8,310.9,1453,43.9,84,0,0,0,0,0,0,0,10.1,6.6792,Low(51-100),0,0,0,0,0,0
L,300.8,311.0,1578,44.4,86,0,0,0,0,0,0,0,10.2,7.3365,Low(51-100),0,0,0,0,0,0
M,300.9,311.1,1325,61.4,88,0,0,0,0,0,0,1,10.2,8.5188,Low(51-100),0,1,1,1,0,0
L,300.9,311.1,1471,39.3,91,0,0,0,0,0,0,0,10.2,6.0534,Low(51-100),0,0,0,0,0,0
M,300.9,311.2,1472,40.0,93,0,0,0,0,0,0,1,10.3,6.1654,Low(51-100),0,0,0,0,0,0
L,300.9,311.1,1457,37.4,96,0,0,0,0,0,0,0,10.2,5.7059,Low(51-100),0,0,0,0,0,0
L,301.0,311.0,1402,55.3,98,0,0,0,0,0,0,0,10.0,8.1184,Low(51-100),0,1,1,1,0,0
L,300.9,310.9,1477,41.5,100,0,0,0,0,0,0,0,10.0,6.4184,Low(51-100),0,0,0,0,0,0
M,300.9,310.9,1727,30.1,102,0,0,0,0,0,0,1,10.0,5.4432,Medium(101-150),0,0,0,0,0,0
L,300.9,310.9,1995,20.2,105,0,0,0,0,0,0,0,10.0,4.2198,Medium(101-150),0,0,0,0,0,0
L,300.9,310.9,1370,52.5,107,0,0,0,0,0,0,0,10.0,7.5314,Medium(101-150),0,1,1,1,0,0
L,300.9,310.9,1228,66.4,109,0,0,0,0,0,0,0,10.0,8.5381,Medium(101-150),0,1,1,1,0,0
L,300.9,311.0,1499,38.0,111,0,0,0,0,0,0,0,10.1,5.9646,Medium(101-150),0,0,0,0,0,0
M,301.0,311.0,1508,46.9,113,0,0,0,0,0,0,1,10.0,7.4058,Medium(101-150),0,1,0,0,0,0
L,301.0,310.9,1473,44.2,116,0,0,0,0,0,0,0,9.9,6.8174,Medium(101-150),0,0,0,0,0,0
H,301.0,311.0,1640,37.6,118,0,0,0,0,0,0,2,10.0,6.457,Medium(101-150),0,0,0,0,0,0
L,301.1,311.1,1429,42.5,123,0,0,0,0,0,0,0,10.0,6.3594,Medium(101-150),0,0,0,0,0,0
L,301.1,311.1,1470,40.9,125,0,0,0,0,0,0,0,10.0,6.2956,Medium(101-150),0,0,0,0,0,0
L,301.0,311.0,1581,37.0,127,0,0,0,0,0,0,0,10.0,6.1253,Medium(101-150),0,0,0,0,0,0
L,301.0,310.9,1740,28.9,129,0,0,0,0,0,0,0,9.9,5.2655,Medium(101-150),0,0,0,0,0,0
H,300.9,310.8,1390,40.6,131,0,0,0,0,0,0,2,9.9,5.9093,Medium(101-150),0,0,1,0,0,0
M,300.9,310.8,1988,19.7,136,0,0,0,0,0,0,1,9.9,4.1009,Medium(101-150),0,0,0,0,0,0
M,300.8,310.7,1452,43.0,139,0,0,0,0,0,0,1,9.9,6.5378,Medium(101-150),0,0,0,0,0,0
L,300.8,310.7,1586,33.4,142,0,0,0,0,0,0,0,9.9,5.5468,Medium(101-150),0,0,0,0,0,0
L,300.8,310.7,1589,34.3,144,0,0,0,0,0,0,0,9.9,5.7071,Medium(101-150),0,0,0,0,0,0
L,300.8,310.8,1486,45.7,146,0,0,0,0,0,0,0,10.0,7.111,Medium(101-150),0,0,0,0,0,0
L,300.9,310.9,1755,27.9,148,0,0,0,0,0,0,0,10.0,5.1272,Medium(101-150),0,0,0,0,0,0
M,301.0,310.9,1575,34.6,150,0,0,0,0,0,0,1,9.9,5.7063,Medium(101-150),0,0,0,0,0,0
M,301.1,311.1,1615,37.7,153,0,0,0,0,0,0,1,10.0,6.3754,High(151-200),0,0,0,0,0,0
M,301.1,311.1,1436,41.8,156,0,0,0,0,0,0,1,10.0,6.2853,High(151-200),0,0,0,0,0,0
M,301.1,311.1,1470,40.6,159,0,0,0,0,0,0,1,10.0,6.2494,High(151-200),0,0,0,0,0,0
M,301.1,311.1,2089,19.8,162,0,0,0,0,0,0,1,10.0,4.3311,High(151-200),0,0,0,0,0,0
L,301.1,311.2,1564,37.0,165,0,0,0,0,0,0,0,10.1,6.0595,High(151-200),0,0,0,0,0,0
M,301.0,311.1,1420,47.4,167,0,0,0,0,0,0,1,10.1,7.048,High(151-200),0,1,1,1,0,0
L,301.1,311.1,1711,29.1,170,0,0,0,0,0,0,0,10.0,5.2136,High(151-200),0,0,0,0,0,0
L,301.1,311.2,1555,35.3,172,0,0,0,0,0,0,0,10.1,5.7478,High(151-200),0,0,0,0,0,0
M,301.1,311.1,1592,35.7,174,0,0,0,0,0,0,1,10.0,5.9512,High(151-200),0,0,0,0,0,0
L,301.0,311.1,1236,64.4,177,1,0,0,0,1,0,0,10.1,8.3349,High(151-200),0,1,1,1,0,1
M,301.0,310.9,1765,24.2,179,0,0,0,0,0,0,1,9.9,4.4726,High(151-200),0,0,0,0,0,0
L,301.0,311.0,1634,31.2,182,0,0,0,0,0,0,0,10.0,5.3383,High(151-200),0,0,0,0,0,0
L,301.1,311.1,1508,41.5,184,0,0,0,0,0,0,0,10.0,6.5531,High(151-200),0,0,0,0,0,0
L,301.1,311.2,1774,29.6,186,0,0,0,0,0,0,0,10.1,5.4985,High(151-200),0,0,0,0,0,0
L,301.1,311.0,1677,29.1,188,0,0,0,0,0,0,0,9.9,5.11,High(151-200),0,0,0,0,0,0
L,301.0,311.0,1399,58.0,190,1,0,0,0,1,0,0,10.0,8.4965,High(151-200),0,1,1,1,0,1
L,301.0,310.9,1570,34.0,192,0,0,0,0,0,0,0,9.9,5.5895,High(151-200),0,0,0,0,0,0
L,301.0,310.9,1479,44.3,194,0,0,0,0,0,0,0,9.9,6.8607,High(151-200),0,0,0,0,0,0
L,301.0,310.8,1558,34.9,196,0,0,0,0,0,0,0,9.8,5.6936,High(151-200),0,0,0,0,0,0
L,300.8,310.7,1358,48.1,198,0,0,0,0,0,0,0,9.9,6.8398,High(151-200),0,1,1,1,0,0
H,300.9,310.7,1656,30.7,200,0,0,0,0,0,0,2,9.8,5.3235,High(151-200),0,0,0,0,0,0
L,300.9,310.7,1523,35.8,205,0,0,0,0,0,0,0,9.8,5.7093,Critical(>200),1,0,0,0,0,0
H,300.9,310.7,1403,40.6,207,0,0,0,0,0,0,2,9.8,5.9646,Critical(>200),1,0,1,0,0,0
M,300.9,310.7,1362,51.6,212,0,0,0,0,0,0,1,9.8,7.3591,Critical(>200),1,1,1,1,0,0
M,300.7,310.6,1778,27.1,215,0,0,0,0,0,0,1,9.9,5.0454,Critical(>200),1,0,0,0,0,0
L,300.7,310.5,1448,38.2,218,0,0,0,0,0,0,0,9.8,5.792,Critical(>200),1,0,0,0,0,0
H,300.8,310.5,1559,40.1,220,0,0,0,0,0,0,2,9.7,6.5462,Critical(>200),1,0,0,0,0,0
L,300.8,310.6,1416,42.2,225,0,0,0,0,0,0,0,9.8,6.2571,Critical(>200),1,0,1,0,0,0
L,300.8,310.6,1577,37.9,227,1,1,0,0,0,0,0,9.8,6.2585,Critical(>200),1,0,0,0,0,1
L,300.8,310.7,1633,27.8,0,0,0,0,0,0,0,0,9.9,4.7537,Fresh(0-50),0,0,0,0,0,0
L,300.9,310.7,1573,31.2,2,0,0,0,0,0,0,0,9.8,5.139,Fresh(0-50),0,0,0,0,0,0
L,300.9,310.8,1517,44.3,4,0,0,0,0,0,0,0,9.9,7.037,Fresh(0-50),0,0,0,0,0,0
L,301.0,310.9,1515,37.3,6,0,0,0,0,0,0,0,9.9,5.9172,Fresh(0-50),0,0,0,0,0,0
L,301.0,310.8,1527,45.3,8,0,0,0,0,0,0,0,9.8,7.2433,Fresh(0-50),0,0,0,0,0,0
L,301.1,310.9,1282,67.9,10,1,0,0,1,0,0,0,9.8,9.115,Fresh(0-50),0,1,1,1,0,1
M,301.1,310.9,1396,45.1,12,0,0,0,0,0,0,1,9.8,6.5926,Fresh(0-50),0,0,1,0,0,0
L,301.0,310.9,1492,44.6,15,0,0,0,0,0,0,0,9.9,6.9679,Fresh(0-50),0,0,0,0,0,0
L,301.0,310.8,1975,19.7,17,0,0,0,0,0,0,0,9.8,4.0741,Fresh(0-50),0,0,0,0,0,0
L,301.0,310.8,1475,35.3,19,0,0,0,0,0,0,0,9.8,5.4521,Fresh(0-50),0,0,0,0,0,0
H,301.0,310.9,1495,37.3,21,0,0,0,0,0,0,2,9.9,5.8391,Fresh(0-50),0,0,0,0,0,0
L,301.0,311.0,1553,35.8,26,0,0,0,0,0,0,0,10.0,5.8217,Fresh(0-50),0,0,0,0,0,0
L,301.1,311.0,1918,21.7,28,0,0,0,0,0,0,0,9.9,4.3582,Fresh(0-50),0,0,0,0,0,0
M,301.1,311.0,1413,46.6,30,0,0,0,0,0,0,1,9.9,6.8948,Fresh(0-50),0,0,1,0,0,0
L,301.0,311.0,1437,56.0,33,0,0,0,0,0,0,0,10.0,8.4264,Fresh(0-50),0,1,0,0,0,0
L,301.0,310.9,1450,45.9,35,0,0,0,0,0,0,0,9.9,6.9691,Fresh(0-50),0,0,0,0,0,0
M,301.0,310.9,1910,21.9,37,0,0,0,0,0,0,1,9.9,4.38,Fresh(0-50),0,0,0,0,0,0
L,300.9,310.9,1749,26.4,40,0,0,0,0,0,0,0,10.0,4.8349,Fresh(0-50),0,0,0,0,0,0
H,301.0,310.9,1916,22.0,42,0,0,0,0,0,0,2,9.9,4.4138,Fresh(0-50),0,0,0,0,0,0
L,301.0,310.9,1428,45.3,47,0,0,0,0,0,0,0,9.9,6.7737,Fresh(0-50),0,0,0,0,0,0
L,301.0,310.9,1578,38.4,49,0,0,0,0,0,0,0,9.9,6.345,Fresh(0-50),0,0,0,0,0,0
L,300.9,310.8,1571,39.9,51,0,0,0,0,0,0,0,9.9,6.5637,Low(51-100),0,0,0,0,0,0
L,300.9,310.8,1729,30.2,53,0,0,0,0,0,0,0,9.9,5.4676,Low(51-100),0,0,0,0,0,0
L,300.9,310.8,1701,30.4,55,0,0,0,0,0,0,0,9.9,5.4147,Low(51-100),0,0,0,0,0,0
L,300.9,310.8,1493,45.8,57,0,0,0,0,0,0,0,9.9,7.1601,Low(51-100),0,0,0,0,0,0
M,301.0,310.9,1554,32.7,59,0,0,0,0,0,0,1,9.9,5.321,Low(51-100),0,0,0,0,0,0
L,300.9,310.9,1497,43.2,62,0,0,0,0,0,0,0,10.0,6.7718,Low(51-100),0,0,0,0,0,0
L,301.0,310.9,1679,29.8,64,0,0,0,0,0,0,0,9.9,5.2392,Low(51-100),0,0,0,0,0,0
M,301.0,310.9,1510,44.5,66,0,0,0,0,0,0,1,9.9,7.0361,Low(51-100),0,0,0,0,0,0
L,301.0,310.9,1296,54.9,69,0,0,0,0,0,0,0,9.9,7.4503,Low(51-100),0,1,1,1,0,0
L,301.0,310.9,1404,41.8,71,0,0,0,0,0,0,0,9.9,6.1453,Low(51-100),0,0,1,0,0,0
M,300.9,310.8,1519,34.9,73,0,0,0,0,0,0,1,9.9,5.5511,Low(51-100),0,0,0,0,0,0
M,300.9,310.7,1696,27.3,76,0,0,0,0,0,0,1,9.8,4.8483,Low(51-100),0,0,0,0,0,0
M,300.8,310.6,1669,28.4,79,0,0,0,0,0,0,1,9.8,4.9633,Low(51-100),0,0,0,0,0,0
L,300.7,310.6,1447,40.7,82,0,0,0,0,0,0,0,9.9,6.1668,Low(51-100),0,0,0,0,0,0
M,300.7,310.6,1418,46.3,84,0,0,0,0,0,0,1,9.9,6.8747,Low(51-100),0,0,1,0,0,0
L,300.7,310.6,1407,40.5,87,0,0,0,0,0,0,0,9.9,5.9669,Low(51-100),0,0,1,0,0,0
L,300.8,310.5,1434,44.5,89,0,0,0,0,0,0,0,9.7,6.682,Low(51-100),0,0,0,0,0,0
L,300.8,310.6,1360,48.8,91,0,0,0,0,0,0,0,9.8,6.9495,Low(51-100),0,1,1,1,0,0
L,300.8,310.6,1402,53.7,93,0,0,0,0,0,0,0,9.8,7.8835,Low(51-100),0,1,1,1,0,0
L,300.9,310.6,1552,34.9,95,0,0,0,0,0,0,0,9.7,5.6717,Low(51-100),0,0,0,0,0,0
L,300.9,310.7,1392,44.2,97,0,0,0,0,0,0,0,9.8,6.4426,Low(51-100),0,0,1,0,0,0
L,301.1,310.8,1521,41.0,99,0,0,0,0,0,0,0,9.7,6.5299,Low(51-100),0,0,0,0,0,0
L,301.1,310.8,1724,27.5,101,0,0,0,0,0,0,0,9.7,4.9644,Medium(101-150),0,0,0,0,0,0
M,301.0,310.7,1455,46.1,103,0,0,0,0,0,0,1,9.7,7.0236,Medium(101-150),0,0,0,0,0,0
H,301.0,310.6,1366,50.6,106,0,0,0,0,0,0,2,9.6,7.2377,Medium(101-150),0,1,1,1,0,0
H,301.1,310.6,1407,43.9,111,0,0,0,0,0,0,2,9.5,6.4678,Medium(101-150),0,0,1,0,0,0
L,301.1,310.8,1470,49.3,116,0,0,0,0,0,0,0,9.7,7.5886,Medium(101-150),0,1,0,0,0,0
M,301.2,310.9,1359,50.8,118,0,0,0,0,0,0,1,9.7,7.229,Medium(101-150),0,1,1,1,0,0
H,301.1,310.8,1792,25.8,121,0,0,0,0,0,0,2,9.7,4.8412,Medium(101-150),0,0,0,0,0,0
M,301.1,310.9,1552,37.9,126,0,0,0,0,0,0,1,9.8,6.1592,Medium(101-150),0,0,0,0,0,0
L,301.2,311.0,1612,32.9,129,0,0,0,0,0,0,0,9.8,5.5534,Medium(101-150),0,0,0,0,0,0
M,301.2,311.0,1424,41.4,131,0,0,0,0,0,0,1,9.8,6.1732,Medium(101-150),0,0,0,0,0,0
H,301.3,311.0,1341,59.3,134,0,0,0,0,0,0,2,9.7,8.3268,Medium(101-150),0,1,1,1,0,0
L,301.2,310.8,1479,38.2,139,0,0,0,0,0,0,0,9.6,5.916,Medium(101-150),0,0,0,0,0,0
L,301.2,310.9,1413,50.1,141,0,0,0,0,0,0,0,9.7,7.4127,Medium(101-150),0,1,1,1,0,0
L,301.3,310.9,2165,17.4,143,0,0,0,0,0,0,0,9.6,3.9446,Medium(101-150),0,0,0,0,0,0
M,301.3,311.0,1641,33.0,145,0,0,0,0,0,0,1,9.7,5.6705,Medium(101-150),0,0,0,0,0,0
M,301.3,311.0,1495,40.8,148,0,0,0,0,0,0,1,9.7,6.387,Medium(101-150),0,0,0,0,0,0
L,301.3,311.0,1576,30.4,151,0,0,0,0,0,0,0,9.7,5.0168,High(151-200),0,0,0,0,0,0
L,301.2,310.9,1467,37.1,153,0,0,0,0,0,0,0,9.7,5.699,High(151-200),0,0,0,0,0,0
L,301.2,310.8,1479,41.2,155,0,0,0,0,0,0,0,9.6,6.3806,High(151-200),0,0,0,0,0,0
L,301.3,310.9,1596,33.9,157,0,0,0,0,0,0,0,9.6,5.6654,High(151-200),0,0,0,0,0,0
M,301.3,310.9,1512,36.9,159,0,0,0,0,0,0,1,9.6,5.8422,High(151-200),0,0,0,0,0,0
L,301.4,310.9,1414,38.8,162,0,0,0,0,0,0,0,9.5,5.7448,High(151-200),0,0,1,0,0,0
L,301.3,310.8,1390,57.4,164,0,0,0,0,0,0,0,9.5,8.3546,High(151-200),0,1,1,1,0,0
L,301.2,310.7,1644,31.6,166,0,0,0,0,0,0,0,9.5,5.4398,High(151-200),0,0,0,0,0,0
M,301.2,310.7,1394,42.8,168,0,0,0,0,0,0,1,9.5,6.2475,High(151-200),0,0,1,0,0,0
L,301.1,310.5,1324,52.4,171,0,0,0,0,0,0,0,9.4,7.2647,High(151-200),0,1,1,1,0,0
L,301.0,310.4,1476,43.6,173,0,0,0,0,0,0,0,9.4,6.7386,High(151-200),0,0,0,0,0,0
L,301.0,310.4,2204,16.6,175,0,0,0,0,0,0,0,9.4,3.831,High(151-200),0,0,0,0,0,0
M,301.0,310.4,1665,30.9,177,0,0,0,0,0,0,1,9.4,5.3873,High(151-200),0,0,0,0,0,0
L,300.9,310.4,1445,41.7,180,0,0,0,0,0,0,0,9.5,6.3096,High(151-200),0,0,0,0,0,0
H,300.8,310.3,1457,46.8,182,0,0,0,0,0,0,2,9.5,7.1401,High(151-200),0,0,0,0,0,0
L,300.8,310.2,1492,46.3,187,0,0,0,0,0,0,0,9.4,7.2335,High(151-200),0,0,0,0,0,0
L,300.8,310.1,1405,61.2,189,1,0,0,1,1,0,0,9.3,9.0038,High(151-200),0,1,1,1,0,2
L,300.7,310.1,1542,35.5,191,0,0,0,0,0,0,0,9.4,5.732,High(151-200),0,0,0,0,0,0
L,300.8,310.2,1520,37.7,193,0,0,0,0,0,0,0,9.4,6.0004,High(151-200),0,0,0,0,0,0
M,300.8,310.2,1598,36.5,195,0,0,0,0,0,0,1,9.4,6.1075,High(151-200),0,0,0,0,0,0
L,300.8,310.3,1538,36.1,198,0,0,0,0,0,0,0,9.5,5.8138,High(151-200),0,0,0,0,0,0
L,300.9,310.4,1615,30.9,200,0,0,0,0,0,0,0,9.5,5.2255,High(151-200),0,0,0,0,0,0
L,301.0,310.5,1408,47.0,202,0,0,0,0,0,0,0,9.5,6.9294,Critical(>200),1,1,1,1,0,0
L,301.0,310.5,1379,57.3,204,1,0,0,0,1,0,0,9.5,8.274,Critical(>200),1,1,1,1,0,1
L,301.0,310.6,1493,37.8,206,1,1,0,0,0,0,0,9.6,5.9095,Critical(>200),1,0,0,0,0,1
L,301.1,310.7,1376,49.1,0,0,0,0,0,0,0,0,9.6,7.0745,Fresh(0-50),0,1,1,1,0,0
M,301.1,310.7,1583,40.7,2,0,0,0,0,0,0,1,9.6,6.7464,Fresh(0-50),0,0,0,0,0,0
M,301.2,310.8,1396,47.4,5,0,0,0,0,0,0,1,9.6,6.9288,Fresh(0-50),0,1,1,1,0,0
L,301.1,310.7,1436,45.3,8,0,0,0,0,0,0,0,9.6,6.8116,Fresh(0-50),0,0,0,0,0,0
L,301.1,310.6,1417,47.6,10,0,0,0,0,0,0,0,9.5,7.0627,Fresh(0-50),0,1,1,1,0,0
L,301.0,310.6,1641,33.4,12,0,0,0,0,0,0,0,9.6,5.7392,Fresh(0-50),0,0,0,0,0,0
M,301.0,310.6,1698,27.3,14,0,0,0,0,0,0,1,9.6,4.854,Fresh(0-50),0,0,0,0,0,0
L,300.9,310.4,1541,39.1,17,0,0,0,0,0,0,0,9.5,6.3092,Fresh(0-50),0,0,0,0,0,0
L,300.8,310.3,1383,46.6,19,0,0,0,0,0,0,0,9.5,6.7485,Fresh(0-50),0,0,1,0,0,0
L,300.8,310.4,1368,46.8,21,0,0,0,0,0,0,0,9.6,6.7039,Fresh(0-50),0,0,1,0,0,0
L,300.8,310.4,1570,35.2,23,0,0,0,0,0,0,0,9.6,5.7868,Fresh(0-50),0,0,0,0,0,0
L,300.9,310.5,1616,33.5,25,0,0,0,0,0,0,0,9.6,5.6687,Fresh(0-50),0,0,0,0,0,0
M,300.9,310.5,1444,43.2,27,0,0,0,0,0,0,1,9.6,6.532,Fresh(0-50),0,0,0,0,0,0
L,300.9,310.4,2021,18.8,30,0,0,0,0,0,0,0,9.5,3.9785,Fresh(0-50),0,0,0,0,0,0
M,300.9,310.5,1702,29.3,32,0,0,0,0,0,0,1,9.6,5.2218,Fresh(0-50),0,0,0,0,0,0
M,301.1,310.6,1429,52.7,35,0,0,0,0,0,0,1,9.5,7.8857,Fresh(0-50),0,1,0,0,0,0
L,301.2,310.8,1711,28.9,38,0,0,0,0,0,0,0,9.6,5.1778,Fresh(0-50),0,0,0,0,0,0
M,301.2,310.7,1543,32.9,40,0,0,0,0,0,0,1,9.5,5.3157,Fresh(0-50),0,0,0,0,0,0
L,301.3,310.8,1628,32.2,43,0,0,0,0,0,0,0,9.5,5.4892,Fresh(0-50),0,0,0,0,0,0
L,301.2,310.8,1233,64.6,45,0,0,0,0,0,0,0,9.6,8.3405,Fresh(0-50),0,1,1,1,0,0
L,301.2,310.8,1461,40.6,47,0,0,0,0,0,0,0,9.6,6.2112,Fresh(0-50),0,0,0,0,0,0
L,301.2,310.7,1568,38.3,49,0,0,0,0,0,0,0,9.5,6.2884,Fresh(0-50),0,0,0,0,0,0
L,301.3,310.8,1432,54.4,51,0,0,0,0,0,0,0,9.5,8.1572,Low(51-100),0,1,0,0,0,0
M,301.2,310.7,1527,41.1,53,0,0,0,0,0,0,1,9.5,6.5717,Low(51-100),0,0,0,0,0,0
M,301.3,310.8,1455,41.2,56,0,0,0,0,0,0,1,9.5,6.2771,Low(51-100),0,0,0,0,0,0
M,301.3,310.8,1418,45.4,59,0,0,0,0,0,0,1,9.5,6.7411,Low(51-100),0,0,1,0,0,0
L,301.3,310.8,1719,29.5,62,0,0,0,0,0,0,0,9.5,5.31,Low(51-100),0,0,0,0,0,0
M,301.2,310.8,1734,31.3,64,0,0,0,0,0,0,1,9.6,5.6832,Low(51-100),0,0,0,0,0,0
M,301.2,310.7,1426,46.1,67,0,0,0,0,0,0,1,9.5,6.8836,Low(51-100),0,0,0,0,0,0
L,301.1,310.6,1611,35.2,70,0,0,0,0,0,0,0,9.5,5.9379,Low(51-100),0,0,0,0,0,0
M,301.1,310.6,1479,41.1,72,0,0,0,0,0,0,1,9.5,6.3651,Low(51-100),0,0,0,0,0,0
L,301.0,310.5,1317,50.9,75,0,0,0,0,0,0,0,9.5,7.0194,Low(51-100),0,1,1,1,0,0
L,301.0,310.5,1248,61.4,77,0,0,0,0,0,0,0,9.5,8.0238,Low(51-100),0,1,1,1,0,0
L,301.0,310.5,1932,21.7,79,0,0,0,0,0,0,0,9.5,4.39,Low(51-100),0,0,0,0,0,0
M,301.1,310.5,1547,35.8,81,0,0,0,0,0,0,1,9.4,5.7992,Low(51-100),0,0,0,0,0,0
L,301.0,310.4,1614,31.6,84,0,0,0,0,0,0,0,9.4,5.3406,Low(51-100),0,0,0,0,0,0
H,301.0,310.4,1512,44.9,86,0,0,0,0,0,0,2,9.4,7.1088,Low(51-100),0,0,0,0,0,0
L,301.1,310.5,1529,38.7,91,0,0,0,0,0,0,0,9.4,6.1961,Low(51-100),0,0,0,0,0,0
H,301.1,310.6,1782,24.9,93,0,0,0,0,0,0,2,9.5,4.6463,Low(51-100),0,0,0,0,0,0
L,301.0,310.5,1429,39.4,98,0,0,0,0,0,0,0,9.5,5.8956,Low(51-100),0,0,0,0,0,0
M,301.1,310.5,1309,60.7,100,0,0,0,0,0,0,1,9.4,8.32,Low(51-100),0,1,1,1,0,0
L,301.1,310.5,1428,44.1,103,0,0,0,0,0,0,0,9.4,6.5942,Medium(101-150),0,0,0,0,0,0
L,301.2,310.6,1385,49.2,105,0,0,0,0,0,0,0,9.4,7.1353,Medium(101-150),0,1,1,1,0,0
L,301.2,310.7,1517,39.4,107,0,0,0,0,0,0,0,9.5,6.2586,Medium(101-150),0,0,0,0,0,0
M,301.2,310.6,1576,39.6,109,0,0,0,0,0,0,1,9.4,6.535,Medium(101-150),0,0,0,0,0,0
L,301.2,310.6,1437,51.2,112,0,0,0,0,0,0,0,9.4,7.7041,Medium(101-150),0,1,0,0,0,0
H,301.2,310.6,1457,50.5,114,0,0,0,0,0,0,2,9.4,7.7046,Medium(101-150),0,1,0,0,0,0
L,301.1,310.5,1532,37.5,119,0,0,0,0,0,0,0,9.4,6.0157,Medium(101-150),0,0,0,0,0,0
M,301.1,310.5,1603,32.6,121,0,0,0,0,0,0,1,9.4,5.472,Medium(101-150),0,0,0,0,0,0
L,301.0,310.4,1563,34.4,124,0,0,0,0,0,0,0,9.4,5.6301,Medium(101-150),0,0,0,0,0,0
L,301.0,310.3,1617,34.5,126,0,0,0,0,0,0,0,9.3,5.8415,Medium(101-150),0,0,0,0,0,0
M,300.8,310.1,1686,26.9,128,0,0,0,0,0,0,1,9.3,4.749,Medium(101-150),0,0,0,0,0,0
L,300.9,310.2,1382,50.4,131,0,0,0,0,0,0,0,9.3,7.2935,Medium(101-150),0,1,1,1,0,0
L,300.9,310.1,2090,17.8,133,0,0,0,0,0,0,0,9.2,3.8955,Medium(101-150),0,0,0,0,0,0
L,300.9,310.3,1446,44.5,135,0,0,0,0,0,0,0,9.4,6.7379,Medium(101-150),0,0,0,0,0,0
M,300.9,310.2,1533,38.1,137,0,0,0,0,0,0,1,9.3,6.1159,Medium(101-150),0,0,0,0,0,0
L,300.9,310.3,1440,47.6,140,0,0,0,0,0,0,0,9.4,7.1774,Medium(101-150),0,1,0,0,0,0
M,301.0,310.4,1793,25.0,142,0,0,0,0,0,0,1,9.4,4.6937,Medium(101-150),0,0,0,0,0,0
M,301.0,310.4,1517,46.1,145,0,0,0,0,0,0,1,9.4,7.3229,Medium(101-150),0,0,0,0,0,0
L,300.9,310.4,1544,36.0,148,0,0,0,0,0,0,0,9.5,5.8203,Medium(101-150),0,0,0,0,0,0
L,300.9,310.3,1321,48.8,150,0,0,0,0,0,0,0,9.4,6.7502,Medium(101-150),0,1,1,1,0,0
M,300.9,310.3,1416,50.9,152,0,0,0,0,0,0,1,9.4,7.5471,High(151-200),0,1,1,1,0,0
L,300.8,310.2,1514,40.0,155,0,0,0,0,0,0,0,9.4,6.3414,High(151-200),0,0,0,0,0,0
M,300.8,310.2,1304,52.5,157,0,0,0,0,0,0,1,9.4,7.1686,High(151-200),0,1,1,1,0,0
L,300.7,310.2,1286,64.9,160,0,0,0,0,0,0,0,9.5,8.7394,High(151-200),0,1,1,1,0,0
M,300.7,310.1,1483,40.2,162,0,0,0,0,0,0,1,9.4,6.2426,High(151-200),0,0,0,0,0,0
L,300.7,310.1,1351,46.9,165,0,0,0,0,0,0,0,9.4,6.6348,High(151-200),0,1,1,1,0,0
M,300.7,310.1,1367,52.6,167,0,0,0,0,0,0,1,9.4,7.5292,High(151-200),0,1,1,1,0,0
L,300.7,310.1,1721,32.3,170,0,0,0,0,0,0,0,9.4,5.8208,High(151-200),0,0,0,0,0,0
L,300.6,310.0,1455,40.4,172,0,0,0,0,0,0,0,9.4,6.1552,High(151-200),0,0,0,0,0,0
L,300.6,310.0,1425,49.5,174,0,0,0,0,0,0,0,9.4,7.3861,High(151-200),0,1,0,0,0,0
L,300.7,310.0,1672,29.7,176,0,0,0,0,0,0,0,9.3,5.1998,High(151-200),0,0,0,0,0,0
M,300.7,310.0,1641,34.6,178,0,0,0,0,0,0,1,9.3,5.9454,High(151-200),0,0,0,0,0,0
M,300.5,310.0,1580,37.0,181,0,0,0,0,0,0,1,9.5,6.1215,High(151-200),0,0,0,0,0,0
H,300.5,310.0,1495,47.4,184,0,0,0,0,0,0,2,9.5,7.4202,High(151-200),0,1,0,0,0,0
M,300.5,309.9,1994,19.8,189,0,0,0,0,0,0,1,9.4,4.1342,High(151-200),0,0,0,0,0,0
M,300.4,309.9,1415,31.8,192,0,0,0,0,0,0,1,9.5,4.7117,High(151-200),0,0,1,0,0,0
M,300.4,309.8,1725,30.4,195,0,0,0,0,0,0,1,9.4,5.4911,High(151-200),0,0,0,0,0,0
M,300.4,309.8,1430,43.4,198,0,0,0,0,0,0,1,9.4,6.4986,High(151-200),0,0,0,0,0,0
L,300.4,309.8,1395,48.1,201,0,0,0,0,0,0,0,9.4,7.0261,Critical(>200),1,1,1,1,0,0
M,300.4,309.8,1435,43.6,203,0,0,0,0,0,0,1,9.4,6.5514,Critical(>200),1,0,0,0,0,0
L,300.4,309.9,1681,28.6,206,0,0,0,0,0,0,0,9.5,5.0342,Critical(>200),1,0,0,0,0,0
L,300.5,310.0,1451,48.6,208,0,0,0,0,0,0,0,9.5,7.3841,Critical(>200),1,1,0,0,0,0
H,300.5,309.9,1397,45.9,210,1,1,0,0,0,0,2,9.4,6.7144,Critical(>200),1,0,1,0,0,1
M,300.4,309.8,1421,47.2,0,0,0,0,0,0,0,1,9.4,7.0232,Fresh(0-50),0,1,1,1,0,0
M,300.3,309.8,1444,42.0,3,0,0,0,0,0,0,1,9.5,6.3506,Fresh(0-50),0,0,0,0,0,0
L,300.2,309.8,1827,23.0,6,0,0,0,0,0,0,0,9.6,4.4001,Fresh(0-50),0,0,0,0,0,0
H,300.2,309.8,1374,47.7,8,0,0,0,0,0,0,2,9.6,6.8628,Fresh(0-50),0,1,1,1,0,0
L,300.2,309.8,1650,29.6,13,0,0,0,0,0,0,0,9.6,5.1141,Fresh(0-50),0,0,0,0,0,0
L,300.2,309.7,1275,60.7,15,0,0,0,0,0,0,0,9.5,8.1039,Fresh(0-50),0,1,1,1,0,0
L,300.2,309.7,1421,44.6,17,0,0,0,0,0,0,0,9.5,6.6363,Fresh(0-50),0,0,1,0,0,0
L,300.2,309.8,1557,33.8,19,0,0,0,0,0,0,0,9.6,5.5106,Fresh(0-50),0,0,0,0,0,0
L,300.1,309.8,1506,35.2,21,0,0,0,0,0,0,0,9.7,5.5509,Fresh(0-50),0,0,0,0,0,0
L,300.1,309.7,1362,49.1,23,0,0,0,0,0,0,0,9.6,7.0025,Fresh(0-50),0,1,1,1,0,0
L,300.0,309.7,1542,47.1,25,0,0,0,0,0,0,0,9.7,7.605,Fresh(0-50),0,1,0,0,0,0
L,300.0,309.6,1496,38.8,27,0,0,0,0,0,0,0,9.6,6.078,Fresh(0-50),0,0,0,0,0,0
M,300.0,309.6,1491,42.0,29,0,0,0,0,0,0,1,9.6,6.5573,Fresh(0-50),0,0,0,0,0,0
L,300.1,309.6,1565,34.8,32,0,0,0,0,0,0,0,9.5,5.7028,Fresh(0-50),0,0,0,0,0,0
L,300.1,309.7,1481,37.9,34,0,0,0,0,0,0,0,9.6,5.8775,Fresh(0-50),0,0,0,0,0,0
M,300.1,309.7,1420,48.4,36,0,0,0,0,0,0,1,9.6,7.1966,Fresh(0-50),0,1,1,1,0,0
L,300.2,309.8,1398,54.8,39,0,0,0,0,0,0,0,9.6,8.022,Fresh(0-50),0,1,1,1,0,0
M,300.2,309.8,1466,45.7,41,0,0,0,0,0,0,1,9.6,7.0153,Fresh(0-50),0,0,0,0,0,0
L,300.1,309.8,1430,56.7,44,0,0,0,0,0,0,0,9.7,8.4902,Fresh(0-50),0,1,0,0,0,0
L,300.1,309.7,1441,40.1,46,0,0,0,0,0,0,0,9.6,6.0507,Fresh(0-50),0,0,0,0,0,0
M,300.1,309.7,1348,57.3,48,0,0,0,0,0,0,1,9.6,8.088,Fresh(0-50),0,1,1,1,0,0
L,300.0,309.6,1738,28.7,51,0,0,0,0,0,0,0,9.6,5.2231,Low(51-100),0,0,0,0,0,0
M,300.0,309.6,1618,36.2,53,0,0,0,0,0,0,1,9.6,6.1332,Low(51-100),0,0,0,0,0,0
M,299.9,309.6,1489,41.7,56,0,0,0,0,0,0,1,9.7,6.5017,Low(51-100),0,0,0,0,0,0
M,299.9,309.5,1412,57.9,59,0,0,0,0,0,0,1,9.6,8.5607,Low(51-100),0,1,1,1,0,0
M,299.9,309.5,2065,18.1,62,0,0,0,0,0,0,1,9.6,3.9138,Low(51-100),0,0,0,0,0,0
L,300.0,309.6,1571,33.1,65,0,0,0,0,0,0,0,9.6,5.445,Low(51-100),0,0,0,0,0,0
M,300.0,309.6,1423,48.7,67,0,0,0,0,0,0,1,9.6,7.2566,Low(51-100),0,1,0,0,0,0
H,300.0,309.5,1781,24.9,70,0,0,0,0,0,0,2,9.5,4.6437,Low(51-100),0,0,0,0,0,0
L,300.1,309.6,1321,46.9,75,0,0,0,0,0,0,0,9.5,6.4874,Low(51-100),0,1,1,1,0,0
L,300.1,309.6,1546,36.7,77,0,0,0,0,0,0,0,9.5,5.9412,Low(51-100),0,0,0,0,0,0
M,300.0,309.5,1879,22.4,79,0,0,0,0,0,0,1,9.5,4.4073,Low(51-100),0,0,0,0,0,0
H,300.0,309.5,1735,28.9,82,0,0,0,0,0,0,2,9.5,5.2504,Low(51-100),0,0,0,0,0,0
L,300.0,309.5,1506,38.8,87,0,0,0,0,0,0,0,9.5,6.1186,Low(51-100),0,0,0,0,0,0
H,300.0,309.6,1629,32.3,89,0,0,0,0,0,0,2,9.6,5.5096,Low(51-100),0,0,0,0,0,0
L,300.0,309.6,1694,28.7,94,0,0,0,0,0,0,0,9.6,5.0909,Low(51-100),0,0,0,0,0,0
L,300.1,309.6,1541,37.0,96,0,0,0,0,0,0,0,9.5,5.9704,Low(51-100),0,0,0,0,0,0
L,300.0,309.6,1514,44.6,98,0,0,0,0,0,0,0,9.6,7.0706,Low(51-100),0,0,0,0,0,0
L,300.1,309.7,1485,45.9,100,0,0,0,0,0,0,0,9.6,7.1373,Low(51-100),0,0,0,0,0,0
L,300.2,309.8,1430,55.0,102,0,0,0,0,0,0,0,9.6,8.2356,Medium(101-150),0,1,0,0,0,0
L,300.2,309.7,1771,27.1,104,0,0,0,0,0,0,0,9.5,5.0256,Medium(101-150),0,0,0,0,0,0
L,300.2,309.8,1481,41.9,106,0,0,0,0,0,0,0,9.6,6.4978,Medium(101-150),0,0,0,0,0,0
H,300.2,309.7,1483,43.8,108,0,0,0,0,0,0,2,9.5,6.8016,Medium(101-150),0,0,0,0,0,0
H,300.1,309.6,1463,45.1,113,0,0,0,0,0,0,2,9.5,6.909,Medium(101-150),0,0,0,0,0,0
L,300.1,309.7,1410,48.3,118,0,0,0,0,0,0,0,9.6,7.1312,Medium(101-150),0,1,1,1,0,0
L,300.2,309.7,1656,34.3,120,0,0,0,0,0,0,0,9.5,5.9477,Medium(101-150),0,0,0,0,0,0
M,300.2,309.8,1487,39.2,122,0,0,0,0,0,0,1,9.6,6.1037,Medium(101-150),0,0,0,0,0,0
H,300.3,309.9,1509,46.6,125,0,0,0,0,0,0,2,9.6,7.3633,Medium(101-150),0,0,0,0,0,0
H,300.3,309.9,1677,30.1,130,0,0,0,0,0,0,2,9.6,5.2856,Medium(101-150),0,0,0,0,0,0
L,300.3,309.8,1450,55.0,135,0,0,0,0,0,0,0,9.5,8.3508,Medium(101-150),0,1,0,0,0,0
M,300.2,309.7,1413,43.0,137,0,0,0,0,0,0,1,9.5,6.3622,Medium(101-150),0,0,1,0,0,0
L,300.1,309.7,1680,33.8,140,0,0,0,0,0,0,0,9.6,5.946,Medium(101-150),0,0,0,0,0,0
L,300.2,309.7,1678,30.5,142,0,0,0,0,0,0,0,9.5,5.3591,Medium(101-150),0,0,0,0,0,0
M,300.2,309.7,1408,44.0,144,0,0,0,0,0,0,1,9.5,6.4871,Medium(101-150),0,0,1,0,0,0
M,300.1,309.6,1376,52.1,147,0,0,0,0,0,0,1,9.5,7.5068,Medium(101-150),0,1,1,1,0,0
L,300.0,309.6,1526,46.4,150,0,0,0,0,0,0,0,9.6,7.4143,Medium(101-150),0,0,0,0,0,0
M,300.0,309.6,1587,32.6,152,0,0,0,0,0,0,1,9.6,5.4174,High(151-200),0,0,0,0,0,0
L,300.1,309.7,1351,58.2,155,0,0,0,0,0,0,0,9.6,8.2333,High(151-200),0,1,1,1,0,0
M,300.1,309.6,1501,38.0,157,0,0,0,0,0,0,1,9.5,5.9726,High(151-200),0,0,0,0,0,0
L,300.1,309.7,1601,35.8,160,0,0,0,0,0,0,0,9.6,6.0017,High(151-200),0,0,0,0,0,0
M,300.0,309.6,1573,39.7,162,0,0,0,0,0,0,1,9.6,6.5391,High(151-200),0,0,0,0,0,0
M,300.1,309.6,1584,36.7,165,0,0,0,0,0,0,1,9.5,6.0872,High(151-200),0,0,0,0,0,0
L,300.1,309.6,1649,33.6,168,0,0,0,0,0,0,0,9.5,5.8017,High(151-200),0,0,0,0,0,0
M,300.2,309.7,1183,61.4,170,0,0,0,0,0,0,1,9.5,7.6059,High(151-200),0,1,1,1,0,0
L,300.1,309.7,2151,17.5,173,0,0,0,0,0,0,0,9.6,3.9416,High(151-200),0,0,0,0,0,0
L,300.2,309.8,1526,45.6,175,0,0,0,0,0,0,0,9.6,7.2865,High(151-200),0,0,0,0,0,0
M,300.3,309.9,1611,29.0,177,0,0,0,0,0,0,1,9.6,4.892,High(151-200),0,0,0,0,0,0
L,300.3,309.9,1601,31.7,180,0,0,0,0,0,0,0,9.6,5.3143,High(151-200),0,0,0,0,0,0
L,300.3,310.0,1560,40.8,182,0,0,0,0,0,0,0,9.7,6.6647,High(151-200),0,0,0,0,0,0
L,300.4,310.1,1544,41.9,184,0,0,0,0,0,0,0,9.7,6.7742,High(151-200),0,0,0,0,0,0
M,300.4,310.0,1560,42.3,186,0,0,0,0,0,0,1,9.6,6.9097,High(151-200),0,0,0,0,0,0
L,300.4,310.0,1423,44.2,189,0,0,0,0,0,0,0,9.6,6.586,High(151-200),0,0,0,0,0,0
L,300.4,310.1,1614,33.5,191,0,0,0,0,0,0,0,9.7,5.6617,High(151-200),0,0,0,0,0,0
M,300.4,310.1,1457,35.1,193,0,0,0,0,0,0,1,9.7,5.355,High(151-200),0,0,0,0,0,0
L,300.4,310.1,1503,42.2,196,0,0,0,0,0,0,0,9.7,6.6415,High(151-200),0,0,0,0,0,0
H,300.4,310.1,1484,38.0,198,0,0,0,0,0,0,2,9.7,5.9049,High(151-200),0,0,0,0,0,0
L,300.3,309.9,1540,39.9,203,0,0,0,0,0,0,0,9.6,6.4341,Critical(>200),1,0,0,0,0,0
H,300.3,309.9,1405,52.1,205,0,0,0,0,0,0,2,9.6,7.665,Critical(>200),1,1,1,1,0,0
H,300.3,309.9,1394,46.7,210,1,1,0,0,0,0,2,9.6,6.8167,Critical(>200),1,0,1,0,0,1
L,300.3,309.9,1518,36.4,0,0,0,0,0,0,0,0,9.6,5.7859,Fresh(0-50),0,0,0,0,0,0
L,300.3,309.9,1527,41.4,2,0,0,0,0,0,0,0,9.6,6.6197,Fresh(0-50),0,0,0,0,0,0
L,300.3,309.9,1377,55.3,4,0,0,0,0,0,0,0,9.6,7.9736,Fresh(0-50),0,1,1,1,0,0
M,300.3,310.0,1537,37.5,6,0,0,0,0,0,0,1,9.7,6.0353,Fresh(0-50),0,0,0,0,0,0
M,300.3,310.0,1409,43.2,9,0,0,0,0,0,0,1,9.7,6.3737,Fresh(0-50),0,0,1,0,0,0
L,300.3,309.9,1393,56.1,12,0,0,0,0,0,0,0,9.6,8.183,Fresh(0-50),0,1,1,1,0,0
L,300.2,309.7,1448,36.8,14,0,0,0,0,0,0,0,9.5,5.5797,Fresh(0-50),0,0,0,0,0,0
L,300.2,309.8,1418,49.3,16,0,0,0,0,0,0,0,9.6,7.3201,Fresh(0-50),0,1,1,1,0,0
M,300.2,309.8,1743,24.1,18,0,0,0,0,0,0,1,9.6,4.3986,Fresh(0-50),0,0,0,0,0,0
M,300.2,309.8,1394,47.4,21,0,0,0,0,0,0,1,9.6,6.9189,Fresh(0-50),0,1,1,1,0,0
L,300.3,309.8,1523,39.2,24,0,0,0,0,0,0,0,9.5,6.2515,Fresh(0-50),0,0,0,0,0,0
L,300.2,309.8,1353,59.4,26,0,0,0,0,0,0,0,9.6,8.4155,Fresh(0-50),0,1,1,1,0,0
M,300.3,309.9,1447,46.5,28,0,0,0,0,0,0,1,9.6,7.0456,Fresh(0-50),0,0,0,0,0,0
L,300.3,309.9,1570,34.0,31,0,0,0,0,0,0,0,9.6,5.5895,Fresh(0-50),0,0,0,0,0,0
M,300.3,309.9,1494,38.5,33,0,0,0,0,0,0,1,9.6,6.0229,Fresh(0-50),0,0,0,0,0,0
L,300.3,309.9,1621,34.1,36,0,0,0,0,0,0,0,9.6,5.7881,Fresh(0-50),0,0,0,0,0,0
L,300.4,310.0,1769,26.1,38,0,0,0,0,0,0,0,9.6,4.8346,Fresh(0-50),0,0,0,0,0,0
L,300.4,310.0,1282,66.1,40,0,0,0,0,0,0,0,9.6,8.8733,Fresh(0-50),0,1,1,1,0,0
L,300.4,310.0,1581,30.3,42,0,0,0,0,0,0,0,9.6,5.0162,Fresh(0-50),0,0,0,0,0,0
L,300.6,310.1,1656,32.7,44,0,0,0,0,0,0,0,9.5,5.6703,Fresh(0-50),0,0,0,0,0,0
L,300.6,310.2,1648,31.7,46,0,0,0,0,0,0,0,9.6,5.4703,Fresh(0-50),0,0,0,0,0,0
L,300.7,310.2,1639,31.4,48,0,0,0,0,0,0,0,9.5,5.389,Fresh(0-50),0,0,0,0,0,0
L,300.7,310.2,1348,54.8,50,0,0,0,0,0,0,0,9.5,7.7351,Fresh(0-50),0,1,1,1,0,0
L,300.8,310.3,1537,33.3,52,0,0,0,0,0,0,0,9.5,5.3594,Low(51-100),0,0,0,0,0,0
M,300.8,310.3,1270,61.0,54,0,0,0,0,0,0,1,9.5,8.112,Low(51-100),0,1,1,1,0,0
L,300.7,310.3,1662,34.4,57,0,0,0,0,0,0,0,9.6,5.9867,Low(51-100),0,0,0,0,0,0
M,300.7,310.3,1471,40.2,59,0,0,0,0,0,0,1,9.6,6.1921,Low(51-100),0,0,0,0,0,0
L,300.6,310.1,1337,45.8,62,0,0,0,0,0,0,0,9.5,6.412,Low(51-100),0,0,1,0,0,0
H,300.7,310.2,1877,24.8,64,0,0,0,0,0,0,2,9.5,4.8743,Low(51-100),0,0,0,0,0,0
L,300.6,310.2,1519,44.6,69,0,0,0,0,0,0,0,9.6,7.094,Low(51-100),0,0,0,0,0,0
L,300.6,310.2,1378,47.3,71,0,0,0,0,0,0,0,9.6,6.8251,Low(51-100),0,1,1,1,0,0
L,300.7,310.2,1696,27.5,73,0,0,0,0,0,0,0,9.5,4.8838,Low(51-100),0,0,0,0,0,0
L,300.7,310.1,1376,50.8,75,0,0,0,0,0,0,0,9.4,7.3195,Low(51-100),0,1,1,1,0,0
L,300.7,310.2,1807,24.2,77,0,0,0,0,0,0,0,9.5,4.579,Low(51-100),0,0,0,0,0,0
L,300.7,310.1,1598,32.8,79,0,0,0,0,0,0,0,9.4,5.4884,Low(51-100),0,0,0,0,0,0
L,300.7,310.1,1565,40.2,81,0,0,0,0,0,0,0,9.4,6.5877,Low(51-100),0,0,0,0,0,0
L,300.7,310.2,1387,50.6,83,0,0,0,0,0,0,0,9.5,7.3489,Low(51-100),0,1,1,1,0,0
L,300.7,310.0,1395,48.0,85,0,0,0,0,0,0,0,9.3,7.0115,Low(51-100),0,1,1,1,0,0
M,300.6,310.0,1302,62.9,87,0,0,0,0,0,0,1,9.4,8.5755,Low(51-100),0,1,1,1,0,0
M,300.6,310.0,1397,55.2,90,0,0,0,0,0,0,1,9.4,8.0748,Low(51-100),0,1,1,1,0,0
L,300.6,310.0,1313,52.9,93,0,0,0,0,0,0,0,9.4,7.2731,Low(51-100),0,1,1,1,0,0
L,300.6,310.0,1505,35.9,95,0,0,0,0,0,0,0,9.4,5.6575,Low(51-100),0,0,0,0,0,0
H,300.6,310.0,1483,44.0,97,0,0,0,0,0,0,2,9.4,6.8327,Low(51-100),0,0,0,0,0,0
H,300.5,310.0,1358,60.4,102,0,0,0,0,0,0,2,9.5,8.5888,Medium(101-150),0,1,1,1,0,0
M,300.5,309.9,1735,27.0,107,0,0,0,0,0,0,1,9.4,4.9052,Medium(101-150),0,0,0,0,0,0
M,300.5,309.8,1416,48.5,110,0,0,0,0,0,0,1,9.3,7.1912,Medium(101-150),0,1,1,1,0,0
L,300.4,309.7,1740,31.1,113,0,0,0,0,0,0,0,9.3,5.6664,Medium(101-150),0,0,0,0,0,0
L,300.4,309.7,1692,27.4,115,0,0,0,0,0,0,0,9.3,4.8545,Medium(101-150),0,0,0,0,0,0
L,300.5,309.8,1507,42.5,117,0,0,0,0,0,0,0,9.3,6.7065,Medium(101-150),0,0,0,0,0,0
M,300.4,309.6,1521,35.0,119,0,0,0,0,0,0,1,9.2,5.5743,Medium(101-150),0,0,0,0,0,0
L,300.4,309.6,1379,54.5,122,0,0,0,0,0,0,0,9.2,7.8697,Medium(101-150),0,1,1,1,0,0
L,300.4,309.6,1523,38.5,124,0,0,0,0,0,0,0,9.2,6.1398,Medium(101-150),0,0,0,0,0,0
H,300.4,309.6,1571,33.6,126,0,0,0,0,0,0,2,9.2,5.5273,Medium(101-150),0,0,0,0,0,0
H,300.4,309.5,1547,50.7,131,0,0,0,0,0,0,2,9.1,8.2129,Medium(101-150),0,1,0,0,0,0
M,300.5,309.7,1347,54.3,136,0,0,0,0,0,0,1,9.2,7.6589,Medium(101-150),0,1,1,1,0,0
L,300.5,309.7,1560,30.2,139,0,0,0,0,0,0,0,9.2,4.9332,Medium(101-150),0,0,0,0,0,0
L,300.5,309.7,1384,48.6,141,0,0,0,0,0,0,0,9.2,7.0432,Medium(101-150),0,1,1,1,0,0
L,300.5,309.7,1841,24.6,143,0,0,0,0,0,0,0,9.2,4.7423,Medium(101-150),0,0,0,0,0,0
L,300.5,309.8,1663,29.1,145,1,0,0,0,0,0,0,9.3,5.0674,Medium(101-150),0,0,0,0,0,0
L,300.6,309.8,1418,42.7,147,0,0,0,0,0,0,0,9.2,6.3402,Medium(101-150),0,0,1,0,0,0
L,300.7,309.9,1775,26.6,149,0,0,0,0,0,0,0,9.2,4.944,Medium(101-150),0,0,0,0,0,0
L,300.7,309.8,1406,48.4,151,0,0,0,0,0,0,0,9.1,7.1257,High(151-200),0,1,1,1,0,0
L,300.6,309.9,1480,43.7,153,0,0,0,0,0,0,0,9.3,6.7724,High(151-200),0,0,0,0,0,0
L,300.7,309.9,1412,45.3,155,0,0,0,0,0,0,0,9.2,6.6978,High(151-200),0,0,1,0,0,0
H,300.6,309.8,1913,22.5,157,0,0,0,0,0,0,2,9.2,4.5071,High(151-200),0,0,0,0,0,0
L,300.6,309.8,1629,37.6,162,0,0,0,0,0,0,0,9.2,6.4137,High(151-200),0,0,0,0,0,0
L,300.5,309.8,1939,21.4,164,0,0,0,0,0,0,0,9.3,4.345,High(151-200),0,0,0,0,0,0
H,300.6,309.8,1541,36.2,166,0,0,0,0,0,0,2,9.2,5.8413,High(151-200),0,0,0,0,0,0
L,300.7,309.8,1330,54.4,171,0,0,0,0,0,0,0,9.1,7.5761,High(151-200),0,1,1,1,0,0
M,300.7,309.8,1490,38.8,173,0,0,0,0,0,0,1,9.1,6.0536,High(151-200),0,0,0,0,0,0
L,300.7,309.9,1383,44.5,176,0,0,0,0,0,0,0,9.2,6.4443,High(151-200),0,0,1,0,0,0
L,300.8,310.0,1468,52.7,178,0,0,0,0,0,0,0,9.2,8.1009,High(151-200),0,1,0,0,0,0
M,300.8,309.9,1444,46.0,180,0,0,0,0,0,0,1,9.1,6.9554,High(151-200),0,0,0,0,0,0
L,300.7,309.8,1363,53.1,183,0,0,0,0,0,0,0,9.1,7.5786,High(151-200),0,1,1,1,0,0
L,300.6,309.7,1617,33.2,185,0,0,0,0,0,0,0,9.1,5.6214,High(151-200),0,0,0,0,0,0
M,300.6,309.8,1694,31.1,187,0,0,0,0,0,0,1,9.2,5.5166,High(151-200),0,0,0,0,0,0
L,300.7,309.9,1815,27.0,190,0,0,0,0,0,0,0,9.2,5.1314,High(151-200),0,0,0,0,0,0
L,300.8,309.9,1312,65.3,192,1,0,0,0,1,0,0,9.1,8.9711,High(151-200),0,1,1,1,0,1
H,300.8,309.9,2041,19.2,194,0,0,0,0,0,0,2,9.1,4.1034,High(151-200),0,0,0,0,0,0
L,300.9,310.0,1671,26.8,199,0,0,0,0,0,0,0,9.1,4.6893,High(151-200),0,0,0,0,0,0
M,300.9,310.0,1416,46.6,201,0,0,0,0,0,0,1,9.1,6.9095,Critical(>200),1,0,1,0,0,0
M,300.9,310.0,1600,36.0,204,0,0,0,0,0,0,1,9.1,6.0314,Critical(>200),1,0,0,0,0,0
L,300.9,310.0,2595,13.7,207,0,0,0,0,0,0,0,9.1,3.7227,Critical(>200),1,0,0,0,0,0
M,300.9,309.9,1465,42.9,209,0,0,0,0,0,0,1,9.0,6.581,Critical(>200),1,0,0,0,0,0
M,301.0,310.1,1681,27.4,212,0,0,0,0,0,0,1,9.1,4.823,Critical(>200),1,0,0,0,0,0
L,301.1,310.1,1457,39.6,215,0,0,0,0,0,0,0,9.0,6.0416,Critical(>200),1,0,0,0,0,0
H,301.0,310.1,1454,44.1,217,0,0,0,0,0,0,2,9.1,6.7143,Critical(>200),1,0,0,0,0,0
L,301.0,310.1,1558,32.6,0,0,0,0,0,0,0,0,9.1,5.3184,Fresh(0-50),0,0,0,0,0,0
H,301.0,310.1,1756,30.7,2,0,0,0,0,0,0,2,9.1,5.6449,Fresh(0-50),0,0,0,0,0,0
L,301.1,310.1,1564,36.8,7,0,0,0,0,0,0,0,9.0,6.0267,Fresh(0-50),0,0,0,0,0,0
L,301.1,310.2,1455,55.3,9,0,0,0,0,0,0,0,9.1,8.4253,Fresh(0-50),0,1,0,0,0,0
M,301.2,310.1,2280,15.7,11,0,0,0,0,0,0,1,8.9,3.7483,Fresh(0-50),0,0,0,0,0,0
M,301.1,310.0,1433,48.1,14,0,0,0,0,0,0,1,8.9,7.2175,Fresh(0-50),0,1,0,0,0,0
L,301.1,310.0,1513,38.0,17,0,0,0,0,0,0,0,8.9,6.0203,Fresh(0-50),0,0,0,0,0,0
L,301.0,309.9,1507,41.8,19,0,0,0,0,0,0,0,8.9,6.5961,Fresh(0-50),0,0,0,0,0,0
L,301.0,310.0,1480,43.5,21,0,0,0,0,0,0,0,9.0,6.7414,Fresh(0-50),0,0,0,0,0,0
H,301.1,310.0,1470,40.1,23,0,0,0,0,0,0,2,8.9,6.1725,Fresh(0-50),0,0,0,0,0,0
L,301.1,310.1,1540,36.6,28,0,0,0,0,0,0,0,9.0,5.902,Fresh(0-50),0,0,0,0,0,0
H,301.0,310.0,1212,67.9,30,0,0,0,0,0,0,2,9.0,8.6173,Fresh(0-50),0,1,1,1,0,0
L,301.1,310.1,1417,46.9,35,0,0,0,0,0,0,0,9.0,6.9589,Fresh(0-50),0,1,1,1,0,0
M,301.2,310.1,1666,34.9,37,0,0,0,0,0,0,1,8.9,6.0883,Fresh(0-50),0,0,0,0,0,0
L,301.1,310.1,1666,27.2,40,0,0,0,0,0,0,0,9.0,4.745,Fresh(0-50),0,0,0,0,0,0
L,301.1,310.1,1489,45.8,42,0,0,0,0,0,0,0,9.0,7.141,Fresh(0-50),0,0,0,0,0,0
M,301.1,310.2,1850,27.7,44,0,0,0,0,0,0,1,9.1,5.366,Fresh(0-50),0,0,0,0,0,0
L,301.1,310.4,1874,24.8,47,0,0,0,0,0,0,0,9.3,4.8665,Fresh(0-50),0,0,0,0,0,0
L,301.1,310.4,1312,73.6,49,1,0,0,1,0,0,0,9.3,10.1113,Fresh(0-50),0,1,1,1,0,1
L,301.2,310.4,1515,38.4,51,0,0,0,0,0,0,0,9.2,6.0917,Low(51-100),0,0,0,0,0,0
L,301.2,310.4,1516,44.4,53,0,0,0,0,0,0,0,9.2,7.0482,Low(51-100),0,0,0,0,0,0
L,301.2,310.5,1546,40.0,55,0,0,0,0,0,0,0,9.3,6.4754,Low(51-100),0,0,0,0,0,0
L,301.3,310.6,1481,40.9,57,0,0,0,0,0,0,0,9.3,6.3427,Low(51-100),0,0,0,0,0,0
H,301.3,310.6,1605,32.5,59,0,0,0,0,0,0,2,9.3,5.462,Low(51-100),0,0,0,0,0,0
H,301.2,310.7,1656,26.2,64,0,0,0,0,0,0,2,9.5,4.5432,Low(51-100),0,0,0,0,0,0
H,301.2,310.6,1352,52.0,69,0,0,0,0,0,0,2,9.4,7.3617,Low(51-100),0,1,1,1,0,0
L,301.3,310.7,1504,47.2,74,0,0,0,0,0,0,0,9.4,7.4334,Low(51-100),0,1,0,0,0,0
L,301.3,310.6,1436,44.2,76,0,0,0,0,0,0,0,9.3,6.6462,Low(51-100),0,0,0,0,0,0
H,301.2,310.5,1505,43.6,78,0,0,0,0,0,0,2,9.3,6.871,Low(51-100),0,0,0,0,0,0
L,301.3,310.5,1406,47.1,83,0,0,0,0,0,0,0,9.2,6.9343,Low(51-100),0,1,1,1,0,0
M,301.3,310.5,1481,39.7,85,0,0,0,0,0,0,1,9.2,6.1566,Low(51-100),0,0,0,0,0,0
L,301.4,310.7,1487,44.6,88,0,0,0,0,0,0,0,9.3,6.9445,Low(51-100),0,0,0,0,0,0
L,301.4,310.7,1436,54.1,90,0,0,0,0,0,0,0,9.3,8.1348,Low(51-100),0,1,0,0,0,0
M,301.4,310.7,1368,63.7,92,1,0,0,1,0,0,1,9.3,9.1248,Low(51-100),0,1,1,1,0,1
L,301.4,310.7,1509,38.3,95,0,0,0,0,0,0,0,9.3,6.0518,Low(51-100),0,0,0,0,0,0
L,301.4,310.8,1543,36.9,97,0,0,0,0,0,0,0,9.4,5.962,Low(51-100),0,0,0,0,0,0
L,301.4,310.8,1698,29.6,99,0,0,0,0,0,0,0,9.4,5.2629,Low(51-100),0,0,0,0,0,0
M,301.4,310.7,1470,46.5,101,0,0,0,0,0,0,1,9.3,7.1576,Medium(101-150),0,0,0,0,0,0
M,301.4,310.8,1738,30.3,104,0,0,0,0,0,0,1,9.4,5.5143,Medium(101-150),0,0,0,0,0,0
M,301.4,310.8,1530,39.9,107,0,0,0,0,0,0,1,9.4,6.3924,Medium(101-150),0,0,0,0,0,0
L,301.4,310.8,1740,29.2,110,0,0,0,0,0,0,0,9.4,5.3202,Medium(101-150),0,0,0,0,0,0
L,301.4,310.8,1770,24.1,112,0,0,0,0,0,0,0,9.4,4.4667,Medium(101-150),0,0,0,0,0,0
H,301.3,310.6,1527,44.0,114,0,0,0,0,0,0,2,9.3,7.0354,Medium(101-150),0,0,0,0,0,0
L,301.3,310.7,1516,46.0,119,0,0,0,0,0,0,0,9.4,7.3022,Medium(101-150),0,0,0,0,0,0
L,301.4,310.7,1616,36.5,121,0,0,0,0,0,0,0,9.3,6.1763,Medium(101-150),0,0,0,0,0,0
L,301.4,310.7,1786,26.1,123,0,0,0,0,0,0,0,9.3,4.8811,Medium(101-150),0,0,0,0,0,0
L,301.4,310.8,1389,52.7,125,0,0,0,0,0,0,0,9.4,7.665,Medium(101-150),0,1,1,1,0,0
M,301.4,310.7,1639,29.8,127,0,0,0,0,0,0,1,9.3,5.1144,Medium(101-150),0,0,0,0,0,0
H,301.5,310.7,1394,46.7,130,0,0,0,0,0,0,2,9.2,6.8167,Medium(101-150),0,0,1,0,0,0
L,301.5,310.7,1686,27.9,135,0,0,0,0,0,0,0,9.2,4.9256,Medium(101-150),0,0,0,0,0,0
M,301.5,310.6,1638,31.9,137,0,0,0,0,0,0,1,9.1,5.4714,Medium(101-150),0,0,0,0,0,0
M,301.5,310.6,1447,41.9,140,0,0,0,0,0,0,1,9.1,6.3486,Medium(101-150),0,0,0,0,0,0
H,301.5,310.6,1512,39.0,143,0,0,0,0,0,0,2,9.1,6.1747,Medium(101-150),0,0,0,0,0,0
L,301.6,310.8,1961,21.8,148,0,0,0,0,0,0,0,9.2,4.4764,Medium(101-150),0,0,0,0,0,0
L,301.5,310.7,1596,35.4,150,0,0,0,0,0,0,0,9.2,5.9161,Medium(101-150),0,0,0,0,0,0
M,301.5,310.7,1871,21.3,152,0,0,0,0,0,0,1,9.2,4.173,High(151-200),0,0,0,0,0,0
L,301.5,310.7,1942,20.5,155,0,0,0,0,0,0,0,9.2,4.1687,High(151-200),0,0,0,0,0,0
L,301.4,310.6,1557,38.2,157,0,0,0,0,0,0,0,9.2,6.228,High(151-200),0,0,0,0,0,0
L,301.4,310.6,1550,36.8,159,0,0,0,0,0,0,0,9.2,5.9728,High(151-200),0,0,0,0,0,0
L,301.3,310.6,1966,22.6,161,0,0,0,0,0,0,0,9.3,4.6525,High(151-200),0,0,0,0,0,0
M,301.3,310.6,1499,36.1,163,0,0,0,0,0,0,1,9.3,5.6664,High(151-200),0,0,0,0,0,0
L,301.3,310.6,1521,36.3,166,0,0,0,0,0,0,0,9.3,5.7814,High(151-200),0,0,0,0,0,0
M,301.4,310.7,1375,42.0,168,0,0,0,0,0,0,1,9.3,6.0471,High(151-200),0,0,1,0,0,0
L,301.4,310.6,1634,31.1,171,0,0,0,0,0,0,0,9.2,5.3212,High(151-200),0,0,0,0,0,0
M,301.3,310.6,1378,49.4,173,0,0,0,0,0,0,1,9.3,7.1281,High(151-200),0,1,1,1,0,0
L,301.4,310.7,1428,53.7,176,0,0,0,0,0,0,0,9.3,8.0297,High(151-200),0,1,0,0,0,0
M,301.4,310.6,1855,25.3,178,0,0,0,0,0,0,1,9.2,4.9143,High(151-200),0,0,0,0,0,0
L,301.4,310.6,1578,33.0,181,0,0,0,0,0,0,0,9.2,5.4528,High(151-200),0,0,0,0,0,0
M,301.4,310.5,1451,45.3,183,0,0,0,0,0,0,1,9.1,6.8828,High(151-200),0,0,0,0,0,0
L,301.5,310.5,1644,34.9,186,0,0,0,0,0,0,0,9.0,6.0079,High(151-200),0,0,0,0,0,0
L,301.4,310.4,1388,45.3,188,0,0,0,0,0,0,0,9.0,6.5839,High(151-200),0,0,1,0,0,0
L,301.4,310.4,1543,40.9,190,0,0,0,0,0,0,0,9.0,6.6082,High(151-200),0,0,0,0,0,0
L,301.3,310.4,1501,41.6,192,0,0,0,0,0,0,0,9.1,6.5384,High(151-200),0,0,0,0,0,0
L,301.3,310.4,1507,39.1,194,0,0,0,0,0,0,0,9.1,6.17,High(151-200),0,0,0,0,0,0
L,301.4,310.4,1559,36.0,196,0,0,0,0,0,0,0,9.0,5.8769,High(151-200),0,0,0,0,0,0
L,301.5,310.5,1528,35.7,198,0,0,0,0,0,0,0,9.0,5.712,High(151-200),0,0,0,0,0,0
M,301.5,310.5,1503,38.2,200,0,0,0,0,0,0,1,9.0,6.012,High(151-200),0,0,0,0,0,0
L,301.5,310.5,1372,44.0,203,0,0,0,0,0,0,0,9.0,6.3213,Critical(>200),1,0,1,0,0,0
M,301.5,310.5,1600,32.8,205,0,0,0,0,0,0,1,9.0,5.4953,Critical(>200),1,0,0,0,0,0
L,301.5,310.6,1453,44.0,208,0,0,0,0,0,0,0,9.1,6.6945,Critical(>200),1,0,0,0,0,0
M,301.6,310.7,1813,24.6,210,0,0,0,0,0,0,1,9.1,4.6701,Critical(>200),1,0,0,0,0,0
L,301.6,310.7,1457,40.4,213,0,0,0,0,0,0,0,9.1,6.1636,Critical(>200),1,0,0,0,0,0
M,301.6,310.6,1553,38.9,0,0,0,0,0,0,0,1,9.0,6.3258,Fresh(0-50),0,0,0,0,0,0
L,301.7,310.7,1763,25.9,3,0,0,0,0,0,0,0,9.0,4.7813,Fresh(0-50),0,0,0,0,0,0
L,301.7,310.7,2023,20.9,5,0,0,0,0,0,0,0,9.0,4.4273,Fresh(0-50),0,0,0,0,0,0
M,301.6,310.7,1457,47.8,7,0,0,0,0,0,0,1,9.1,7.2926,Fresh(0-50),0,1,0,0,0,0
L,301.6,310.7,1679,29.5,10,0,0,0,0,0,0,0,9.1,5.1864,Fresh(0-50),0,0,0,0,0,0
L,301.6,310.6,2103,19.7,12,0,0,0,0,0,0,0,9.0,4.3381,Fresh(0-50),0,0,0,0,0,0
M,301.5,310.7,1460,38.6,14,0,0,0,0,0,0,1,9.2,5.9012,Fresh(0-50),0,0,0,0,0,0
M,301.5,310.7,1454,39.4,17,0,0,0,0,0,0,1,9.2,5.9987,Fresh(0-50),0,0,0,0,0,0
L,301.5,310.6,1481,46.8,20,0,0,0,0,0,0,0,9.1,7.2577,Fresh(0-50),0,0,0,0,0,0
L,301.5,310.7,1424,51.1,22,0,0,0,0,0,0,0,9.2,7.6195,Fresh(0-50),0,1,0,0,0,0
L,301.6,310.7,1494,39.5,24,0,0,0,0,0,0,0,9.1,6.1794,Fresh(0-50),0,0,0,0,0,0
M,301.5,310.6,1424,47.0,26,0,0,0,0,0,0,1,9.1,7.0082,Fresh(0-50),0,1,0,0,0,0
M,301.5,310.7,1347,47.9,29,0,0,0,0,0,0,1,9.2,6.7562,Fresh(0-50),0,1,1,1,0,0
L,301.5,310.6,1374,46.7,32,0,0,0,0,0,0,0,9.1,6.7189,Fresh(0-50),0,0,1,0,0,0
M,301.5,310.6,1403,47.4,34,0,0,0,0,0,0,1,9.1,6.9636,Fresh(0-50),0,1,1,1,0,0
M,301.5,310.6,1573,37.4,37,0,0,0,0,0,0,1,9.1,6.1602,Fresh(0-50),0,0,0,0,0,0
M,301.6,310.6,1691,30.1,40,0,0,0,0,0,0,1,9.0,5.3297,Fresh(0-50),0,0,0,0,0,0
H,301.5,310.5,1538,44.3,43,0,0,0,0,0,0,2,9.0,7.1344,Fresh(0-50),0,0,0,0,0,0
L,301.5,310.5,1556,39.1,48,0,0,0,0,0,0,0,9.0,6.3706,Fresh(0-50),0,0,0,0,0,0
M,301.5,310.4,1593,36.8,50,0,0,0,0,0,0,1,8.9,6.1385,Fresh(0-50),0,0,0,0,0,0
L,301.5,310.4,1474,39.9,53,0,0,0,0,0,0,0,8.9,6.1584,Low(51-100),0,0,0,0,0,0
L,301.5,310.4,1543,34.0,55,0,0,0,0,0,0,0,8.9,5.4934,Low(51-100),0,0,0,0,0,0
H,301.5,310.5,1587,33.8,57,0,0,0,0,0,0,2,9.0,5.6168,Low(51-100),0,0,0,0,0,0
L,301.6,310.6,1222,70.0,62,0,0,0,0,0,0,0,9.0,8.9571,Low(51-100),0,1,1,1,0,0
L,301.7,310.6,1513,41.1,64,0,0,0,0,0,0,0,8.9,6.5114,Low(51-100),0,0,0,0,0,0
L,301.7,310.6,1660,28.7,66,0,0,0,0,0,0,0,8.9,4.9887,Low(51-100),0,0,0,0,0,0
L,301.7,310.6,1545,42.1,68,0,0,0,0,0,0,0,8.9,6.8109,Low(51-100),0,0,0,0,0,0
M,301.7,310.6,1380,45.8,70,0,0,0,0,0,0,1,8.9,6.6182,Low(51-100),0,0,1,0,0,0
L,301.6,310.6,1321,60.8,73,0,0,0,0,0,0,0,9.0,8.4101,Low(51-100),0,1,1,1,0,0
M,301.6,310.6,1309,65.8,75,1,0,0,1,0,0,1,9.0,9.0191,Low(51-100),0,1,1,1,0,1
M,301.7,310.7,1627,31.3,78,0,0,0,0,0,0,1,9.0,5.3325,Low(51-100),0,0,0,0,0,0
M,301.6,310.7,1791,23.8,81,0,0,0,0,0,0,1,9.1,4.4634,Low(51-100),0,0,0,0,0,0
M,301.7,310.7,1861,21.8,84,0,0,0,0,0,0,1,9.0,4.2481,Low(51-100),0,0,0,0,0,0
L,301.7,310.7,1493,51.1,87,0,0,0,0,0,0,0,9.0,7.9887,Low(51-100),0,1,0,0,0,0
M,301.7,310.7,1442,41.1,89,0,0,0,0,0,0,1,9.0,6.2059,Low(51-100),0,0,0,0,0,0
L,301.7,310.7,1532,39.8,92,0,0,0,0,0,0,0,9.0,6.3847,Low(51-100),0,0,0,0,0,0
M,301.6,310.7,1421,44.4,94,0,0,0,0,0,0,1,9.1,6.6065,Low(51-100),0,0,1,0,0,0
L,301.6,310.6,1613,42.5,97,0,0,0,0,0,0,0,9.0,7.1783,Low(51-100),0,0,0,0,0,0
M,301.7,310.6,1876,22.1,99,0,0,0,0,0,0,1,8.9,4.3413,Low(51-100),0,0,0,0,0,0
L,301.6,310.5,1593,34.5,102,0,0,0,0,0,0,0,8.9,5.7548,Medium(101-150),0,0,0,0,0,0
L,301.6,310.5,1397,49.4,104,0,0,0,0,0,0,0,8.9,7.2264,Medium(101-150),0,1,1,1,0,0
M,301.6,310.5,1414,49.3,106,0,0,0,0,0,0,1,8.9,7.2995,Medium(101-150),0,1,1,1,0,0
M,301.5,310.4,1378,55.3,109,0,0,0,0,0,0,1,8.9,7.9794,Medium(101-150),0,1,1,1,0,0
L,301.4,310.4,1301,51.2,112,0,0,0,0,0,0,0,9.0,6.975,Medium(101-150),0,1,1,1,0,0
M,301.5,310.5,1737,29.3,114,0,0,0,0,0,0,1,9.0,5.3292,Medium(101-150),0,0,0,0,0,0
L,301.5,310.5,1396,44.5,117,0,0,0,0,0,0,0,9.0,6.5049,Medium(101-150),0,0,1,0,0,0
L,301.5,310.5,1534,39.3,119,0,0,0,0,0,0,0,9.0,6.3127,Medium(101-150),0,0,0,0,0,0
M,301.5,310.5,1774,25.5,121,0,0,0,0,0,0,1,9.0,4.7369,Medium(101-150),0,0,0,0,0,0
H,301.5,310.5,1453,48.0,124,0,0,0,0,0,0,2,9.0,7.303,Medium(101-150),0,1,0,0,0,0
L,301.5,310.5,1453,44.2,129,0,0,0,0,0,0,0,9.0,6.7249,Medium(101-150),0,0,0,0,0,0
L,301.4,310.5,1380,48.4,131,0,0,0,0,0,0,0,9.1,6.9939,Medium(101-150),0,1,1,1,0,0
L,301.4,310.4,1334,43.2,133,0,0,0,0,0,0,0,9.0,6.0344,Medium(101-150),0,0,1,0,0,0
L,301.5,310.5,1702,28.7,135,0,0,0,0,0,0,0,9.0,5.1149,Medium(101-150),0,0,0,0,0,0
L,301.6,310.6,1431,37.5,137,0,0,0,0,0,0,0,9.0,5.6191,Medium(101-150),0,0,0,0,0,0
M,301.5,310.5,1308,60.5,139,0,0,0,0,0,0,1,9.0,8.2863,Medium(101-150),0,1,1,1,0,0
L,301.5,310.6,1565,43.9,142,0,0,0,0,0,0,0,9.1,7.1941,Medium(101-150),0,0,0,0,0,0
M,301.5,310.4,1486,39.6,144,0,0,0,0,0,0,1,8.9,6.1618,Medium(101-150),0,0,0,0,0,0
L,301.5,310.5,1479,34.2,147,0,0,0,0,0,0,0,9.0,5.2965,Medium(101-150),0,0,0,0,0,0
L,301.5,310.5,1927,22.4,149,0,0,0,0,0,0,0,9.0,4.5199,Medium(101-150),0,0,0,0,0,0
L,301.5,310.4,1488,41.1,151,0,0,0,0,0,0,0,8.9,6.4039,High(151-200),0,0,0,0,0,0
M,301.5,310.4,1350,54.9,153,0,0,0,0,0,0,1,8.9,7.7607,High(151-200),0,1,1,1,0,0
L,301.6,310.4,1561,35.3,156,0,0,0,0,0,0,0,8.8,5.77,High(151-200),0,0,0,0,0,0
M,301.5,310.4,1276,55.6,158,0,0,0,0,0,0,1,8.9,7.4289,High(151-200),0,1,1,1,0,0
H,301.5,310.4,1580,35.7,161,0,0,0,0,0,0,2,8.9,5.9064,High(151-200),0,0,0,0,0,0
M,301.4,310.3,1610,29.1,166,0,0,0,0,0,0,1,8.9,4.9059,High(151-200),0,0,0,0,0,0
L,301.4,310.3,2203,16.6,169,0,0,0,0,0,0,0,8.9,3.8293,High(151-200),0,0,0,0,0,0
L,301.4,310.3,1639,32.7,171,0,0,0,0,0,0,0,8.9,5.6121,High(151-200),0,0,0,0,0,0
M,301.4,310.4,1553,44.7,173,0,0,0,0,0,0,1,9.0,7.269,High(151-200),0,0,0,0,0,0
L,301.4,310.3,1374,47.6,176,0,0,0,0,0,0,0,8.9,6.8484,High(151-200),0,1,1,1,0,0
L,301.4,310.4,1430,50.9,178,0,0,0,0,0,0,0,9.0,7.6217,High(151-200),0,1,0,0,0,0
L,301.3,310.3,1626,31.3,180,0,0,0,0,0,0,0,9.0,5.3292,High(151-200),0,0,0,0,0,0
H,301.4,310.5,1421,43.8,182,0,0,0,0,0,0,2,9.1,6.5173,High(151-200),0,0,1,0,0,0
M,301.3,310.4,1501,39.8,187,0,0,0,0,0,0,1,9.1,6.2555,High(151-200),0,0,0,0,0,0
M,301.3,310.4,2093,18.7,190,0,0,0,0,0,0,1,9.1,4.0983,High(151-200),0,0,0,0,0,0
L,301.3,310.4,1504,47.2,193,0,0,0,0,0,0,0,9.1,7.4334,High(151-200),0,1,0,0,0,0
L,301.3,310.4,1538,38.4,195,0,0,0,0,0,0,0,9.1,6.1842,High(151-200),0,0,0,0,0,0
L,301.3,310.4,1440,41.5,197,0,0,0,0,0,0,0,9.1,6.2576,High(151-200),0,0,0,0,0,0
L,301.3,310.4,1414,51.4,199,0,0,0,0,0,0,0,9.1,7.6104,High(151-200),0,1,1,1,0,0
H,301.4,310.5,1536,39.9,201,0,0,0,0,0,0,2,9.1,6.4174,Critical(>200),1,0,0,0,0,0
L,301.4,310.5,1476,39.2,206,0,0,0,0,0,0,0,9.1,6.0586,Critical(>200),1,0,0,0,0,0
L,301.4,310.5,1571,33.9,208,0,0,0,0,0,0,0,9.1,5.5766,Critical(>200),1,0,0,0,0,0
L,301.5,310.6,1998,20.2,210,0,0,0,0,0,0,0,9.1,4.2261,Critical(>200),1,0,0,0,0,0
L,301.5,310.6,1357,42.1,212,0,0,0,0,0,0,0,9.1,5.9822,Critical(>200),1,0,1,0,0,0
L,301.6,310.7,1424,50.5,214,0,0,0,0,0,0,0,9.1,7.5301,Critical(>200),1,1,0,0,0,0
L,301.6,310.7,1380,51.8,216,1,0,0,0,1,0,0,9.1,7.4852,Critical(>200),1,1,1,1,0,1
L,301.5,310.7,1618,35.5,218,0,0,0,0,0,0,0,9.2,6.0146,Critical(>200),1,0,0,0,0,0
L,301.5,310.6,1579,28.0,220,0,0,0,0,0,0,0,9.1,4.6295,Critical(>200),1,0,0,0,0,0
L,301.5,310.7,1423,44.0,222,0,0,0,0,0,0,0,9.2,6.5562,Critical(>200),1,0,0,0,0,0
L,301.5,310.7,1435,38.5,224,0,0,0,0,0,0,0,9.2,5.7851,Critical(>200),1,0,0,0,0,0
M,301.5,310.7,1336,65.6,0,1,0,0,1,0,0,1,9.2,9.1771,Fresh(0-50),0,1,1,1,0,1
L,301.6,310.8,1392,42.4,3,0,0,0,0,0,0,0,9.2,6.1802,Fresh(0-50),0,0,1,0,0,0
L,301.5,310.8,1417,49.7,5,0,0,0,0,0,0,0,9.3,7.3743,Fresh(0-50),0,1,1,1,0,0
L,301.4,310.7,1425,45.1,7,0,0,0,0,0,0,0,9.3,6.7296,Fresh(0-50),0,0,0,0,0,0
L,301.5,310.8,1512,38.9,9,0,0,0,0,0,0,0,9.3,6.1588,Fresh(0-50),0,0,0,0,0,0
L,301.5,310.9,1318,50.6,11,0,0,0,0,0,0,0,9.4,6.9833,Fresh(0-50),0,1,1,1,0,0
L,301.6,310.9,1538,40.4,13,0,0,0,0,0,0,0,9.3,6.5063,Fresh(0-50),0,0,0,0,0,0
L,301.6,310.9,1532,43.6,15,0,0,0,0,0,0,0,9.3,6.9943,Fresh(0-50),0,0,0,0,0,0
L,301.7,311.0,1715,24.8,17,0,0,0,0,0,0,0,9.3,4.4536,Fresh(0-50),0,0,0,0,0,0
L,301.7,311.0,1700,28.7,19,0,0,0,0,0,0,0,9.3,5.1089,Fresh(0-50),0,0,0,0,0,0
L,301.7,311.0,1548,40.3,21,0,0,0,0,0,0,0,9.3,6.5324,Fresh(0-50),0,0,0,0,0,0
L,301.7,311.0,1546,43.0,23,0,0,0,0,0,0,0,9.3,6.961,Fresh(0-50),0,0,0,0,0,0
L,301.7,311.0,1343,49.2,25,0,0,0,0,0,0,0,9.3,6.9189,Fresh(0-50),0,1,1,1,0,0
M,301.7,311.0,1510,47.8,27,0,0,0,0,0,0,1,9.3,7.5579,Fresh(0-50),0,1,0,0,0,0
M,301.8,311.0,1839,23.6,30,0,0,0,0,0,0,1,9.2,4.5445,Fresh(0-50),0,0,0,0,0,0
M,301.8,311.0,1756,26.7,33,0,0,0,0,0,0,1,9.2,4.9094,Fresh(0-50),0,0,0,0,0,0
M,301.7,310.9,1300,62.7,36,0,0,0,0,0,0,1,9.2,8.5351,Fresh(0-50),0,1,1,1,0,0
M,301.7,311.0,1311,55.8,39,0,0,0,0,0,0,1,9.3,7.6601,Fresh(0-50),0,1,1,1,0,0
L,301.7,310.9,1636,31.3,42,0,0,0,0,0,0,0,9.2,5.362,Fresh(0-50),0,0,0,0,0,0
L,301.6,310.9,1643,34.1,44,0,0,0,0,0,0,0,9.3,5.8666,Fresh(0-50),0,0,0,0,0,0
L,301.6,310.8,1418,44.7,46,0,0,0,0,0,0,0,9.2,6.6371,Fresh(0-50),0,0,1,0,0,0
M,301.7,310.8,1516,40.4,48,0,0,0,0,0,0,1,9.1,6.4132,Fresh(0-50),0,0,0,0,0,0
H,301.6,310.9,1419,50.2,51,0,0,0,0,0,0,2,9.3,7.459,Low(51-100),0,1,1,1,0,0
L,301.6,310.9,1623,34.1,56,0,0,0,0,0,0,0,9.3,5.7952,Low(51-100),0,0,0,0,0,0
M,301.6,310.8,1664,32.0,58,0,0,0,0,0,0,1,9.2,5.5757,Low(51-100),0,0,0,0,0,0
M,301.5,310.7,1744,28.2,61,0,0,0,0,0,0,1,9.2,5.1498,Low(51-100),0,0,0,0,0,0
M,301.5,310.7,1510,36.0,64,0,0,0,0,0,0,1,9.2,5.6921,Low(51-100),0,0,0,0,0,0
M,301.5,310.6,1382,58.1,67,0,0,0,0,0,0,1,9.1,8.4078,Low(51-100),0,1,1,1,0,0
L,301.4,310.6,1381,46.1,70,0,0,0,0,0,0,0,9.2,6.6664,Low(51-100),0,0,1,0,0,0
L,301.3,310.6,1556,39.0,72,0,0,0,0,0,0,0,9.3,6.3543,Low(51-100),0,0,0,0,0,0
M,301.4,310.6,1464,37.4,74,0,0,0,0,0,0,1,9.2,5.7334,Low(51-100),0,0,0,0,0,0
L,301.4,310.6,1481,37.6,77,0,0,0,0,0,0,0,9.2,5.831,Low(51-100),0,0,0,0,0,0
L,301.5,310.7,1323,49.7,79,0,0,0,0,0,0,0,9.2,6.8851,Low(51-100),0,1,1,1,0,0
L,301.5,310.7,1426,46.1,81,0,0,0,0,0,0,0,9.2,6.8836,Low(51-100),0,0,0,0,0,0
H,301.4,310.7,1516,36.4,83,0,0,0,0,0,0,2,9.3,5.7783,Low(51-100),0,0,0,0,0,0
L,301.3,310.6,1416,45.2,88,0,0,0,0,0,0,0,9.3,6.7019,Low(51-100),0,0,1,0,0,0
L,301.3,310.6,1440,53.8,90,0,0,0,0,0,0,0,9.3,8.1123,Low(51-100),0,1,0,0,0,0
L,301.3,310.6,1576,30.4,92,0,0,0,0,0,0,0,9.3,5.0168,Low(51-100),0,0,0,0,0,0
L,301.3,310.6,1387,53.6,94,0,0,0,0,0,0,0,9.3,7.7846,Low(51-100),0,1,1,1,0,0
M,301.4,310.6,1464,48.6,96,0,0,0,0,0,0,1,9.2,7.4503,Low(51-100),0,1,0,0,0,0
L,301.4,310.6,2137,18.0,99,0,0,0,0,0,0,0,9.2,4.0279,Low(51-100),0,0,0,0,0,0
M,301.4,310.6,1431,40.6,101,0,0,0,0,0,0,1,9.2,6.0836,Medium(101-150),0,0,0,0,0,0
L,301.3,310.6,1458,48.0,104,0,0,0,0,0,0,0,9.3,7.3282,Medium(101-150),0,1,0,0,0,0
L,301.4,310.7,1280,61.0,106,0,0,0,0,0,0,0,9.3,8.1759,Medium(101-150),0,1,1,1,0,0
L,301.4,310.7,1657,28.7,108,0,0,0,0,0,0,0,9.3,4.9797,Medium(101-150),0,0,0,0,0,0
M,301.4,310.6,1565,36.1,110,0,0,0,0,0,0,1,9.2,5.9159,Medium(101-150),0,0,0,0,0,0
L,301.3,310.6,1560,36.8,113,0,0,0,0,0,0,0,9.3,6.0113,Medium(101-150),0,0,0,0,0,0
M,301.5,310.7,1359,47.1,115,0,0,0,0,0,0,1,9.2,6.7025,Medium(101-150),0,1,1,1,0,0
L,301.5,310.8,1500,41.0,118,0,0,0,0,0,0,0,9.3,6.4398,Medium(101-150),0,0,0,0,0,0
L,301.5,310.8,1785,25.5,120,0,0,0,0,0,0,0,9.3,4.7662,Medium(101-150),0,0,0,0,0,0
L,301.5,310.9,1891,23.2,122,0,0,0,0,0,0,0,9.4,4.5938,Medium(101-150),0,0,0,0,0,0
H,301.5,310.9,1524,40.4,124,0,0,0,0,0,0,2,9.4,6.4471,Medium(101-150),0,0,0,0,0,0
M,301.6,311.0,1431,42.3,129,0,0,0,0,0,0,1,9.4,6.3384,Medium(101-150),0,0,0,0,0,0
L,301.6,310.9,1385,51.2,132,0,0,0,0,0,0,0,9.3,7.4253,Medium(101-150),0,1,1,1,0,0
L,301.7,311.0,1503,44.8,134,0,0,0,0,0,0,0,9.3,7.0507,Medium(101-150),0,0,0,0,0,0
M,301.7,311.0,1311,46.8,136,0,0,0,0,0,0,1,9.3,6.4246,Medium(101-150),0,0,1,0,0,0
M,301.6,310.9,1575,40.1,139,0,0,0,0,0,0,1,9.3,6.6134,Medium(101-150),0,0,0,0,0,0
L,301.6,311.0,1485,40.1,142,0,0,0,0,0,0,0,9.4,6.2354,Medium(101-150),0,0,0,0,0,0
L,301.7,311.0,1527,42.2,144,0,0,0,0,0,0,0,9.3,6.7476,Medium(101-150),0,0,0,0,0,0
M,301.7,311.0,1537,33.5,146,0,0,0,0,0,0,1,9.3,5.3916,Medium(101-150),0,0,0,0,0,0
H,301.8,311.1,1463,50.1,149,0,0,0,0,0,0,2,9.3,7.675,Medium(101-150),0,1,0,0,0,0
L,301.7,311.2,1482,43.6,154,0,0,0,0,0,0,0,9.5,6.766,High(151-200),0,0,0,0,0,0
L,301.8,311.2,1417,55.9,156,0,0,0,0,0,0,0,9.4,8.2943,High(151-200),0,1,1,1,0,0
M,301.7,311.1,1506,39.5,158,0,0,0,0,0,0,1,9.4,6.229,High(151-200),0,0,0,0,0,0
H,301.7,311.2,1639,30.0,161,0,0,0,0,0,0,2,9.5,5.1487,High(151-200),0,0,0,0,0,0
L,301.7,311.2,1418,38.0,166,0,0,0,0,0,0,0,9.5,5.6423,High(151-200),0,0,1,0,0,0
M,301.7,311.0,1298,58.1,168,0,0,0,0,0,0,1,9.3,7.8967,High(151-200),0,1,1,1,0,0
M,301.8,311.1,1395,44.6,171,0,0,0,0,0,0,1,9.3,6.5149,High(151-200),0,0,1,0,0,0
M,301.7,311.1,1578,40.5,174,0,0,0,0,0,0,1,9.4,6.692,High(151-200),0,0,0,0,0,0
M,301.8,311.1,1597,29.8,177,0,0,0,0,0,0,1,9.3,4.9833,High(151-200),0,0,0,0,0,0
H,301.7,311.0,2016,19.3,180,0,0,0,0,0,0,2,9.3,4.0742,High(151-200),0,0,0,0,0,0
L,301.7,311.0,1585,35.9,185,0,0,0,0,0,0,0,9.3,5.9583,High(151-200),0,0,0,0,0,0
M,301.7,311.0,1505,44.0,187,0,0,0,0,0,0,1,9.3,6.934,High(151-200),0,0,0,0,0,0
M,301.7,311.0,1505,37.1,190,0,0,0,0,0,0,1,9.3,5.8466,High(151-200),0,0,0,0,0,0
L,301.6,310.9,1706,29.5,193,0,0,0,0,0,0,0,9.3,5.2698,High(151-200),0,0,0,0,0,0
L,301.6,310.9,1385,50.7,195,0,0,0,0,0,0,0,9.3,7.3528,High(151-200),0,1,1,1,0,0
L,301.8,311.1,1495,36.9,197,0,0,0,0,0,0,0,9.3,5.7765,High(151-200),0,0,0,0,0,0
M,301.8,311.1,1663,31.6,199,0,0,0,0,0,0,1,9.3,5.5027,High(151-200),0,0,0,0,0,0
L,301.8,311.2,1840,26.6,202,0,0,0,0,0,0,0,9.4,5.125,Critical(>200),1,0,0,0,0,0
L,301.8,311.2,1822,26.2,204,0,0,0,0,0,0,0,9.4,4.9986,Critical(>200),1,0,0,0,0,0
L,301.7,311.1,1644,32.8,206,0,0,0,0,0,0,0,9.4,5.6464,Critical(>200),1,0,0,0,0,0
L,301.7,311.0,1441,44.3,208,1,1,0,0,0,0,0,9.3,6.6844,Critical(>200),1,0,0,0,0,1
L,301.5,310.9,1451,40.6,0,0,0,0,0,0,0,0,9.4,6.1686,Fresh(0-50),0,0,0,0,0,0
L,301.5,310.9,1400,50.8,2,0,0,0,0,0,0,0,9.4,7.4471,Fresh(0-50),0,1,1,1,0,0
L,301.4,310.8,1362,53.2,4,0,0,0,0,0,0,0,9.4,7.5873,Fresh(0-50),0,1,1,1,0,0
M,301.4,310.8,1782,26.5,6,0,0,0,0,0,0,1,9.4,4.9448,Fresh(0-50),0,0,0,0,0,0
L,301.4,310.9,1536,38.3,9,0,0,0,0,0,0,0,9.5,6.1601,Fresh(0-50),0,0,0,0,0,0
L,301.5,310.9,1580,32.3,11,0,0,0,0,0,0,0,9.4,5.3439,Fresh(0-50),0,0,0,0,0,0
M,301.4,311.0,1427,43.2,13,0,0,0,0,0,0,1,9.6,6.4551,Fresh(0-50),0,0,0,0,0,0
L,301.3,310.9,1509,41.7,16,0,0,0,0,0,0,0,9.6,6.589,Fresh(0-50),0,0,0,0,0,0
H,301.3,310.8,1434,39.5,18,0,0,0,0,0,0,2,9.5,5.9312,Fresh(0-50),0,0,0,0,0,0
L,301.2,310.8,1392,52.6,23,0,0,0,0,0,0,0,9.6,7.6669,Fresh(0-50),0,1,1,1,0,0
M,301.3,310.8,1509,40.1,25,0,0,0,0,0,0,1,9.5,6.3362,Fresh(0-50),0,0,0,0,0,0
M,301.2,310.7,1962,22.5,28,0,0,0,0,0,0,1,9.5,4.6225,Fresh(0-50),0,0,0,0,0,0
L,301.3,310.7,1536,39.3,31,0,0,0,0,0,0,0,9.4,6.3209,Fresh(0-50),0,0,0,0,0,0
L,301.3,310.8,1381,47.9,33,0,0,0,0,0,0,0,9.5,6.9267,Fresh(0-50),0,1,1,1,0,0
H,301.2,310.7,1747,27.3,35,0,0,0,0,0,0,2,9.5,4.994,Fresh(0-50),0,0,0,0,0,0
L,301.2,310.6,1670,30.0,40,0,0,0,0,0,0,0,9.4,5.2461,Fresh(0-50),0,0,0,0,0,0
L,301.3,310.6,1451,47.5,42,0,0,0,0,0,0,0,9.3,7.217,Fresh(0-50),0,1,0,0,0,0
L,301.2,310.7,1951,21.3,44,0,0,0,0,0,0,0,9.5,4.3514,Fresh(0-50),0,0,0,0,0,0
M,301.3,310.7,1819,25.5,46,0,0,0,0,0,0,1,9.4,4.857,Fresh(0-50),0,0,0,0,0,0
M,301.3,310.8,1372,54.2,49,0,0,0,0,0,0,1,9.5,7.7866,Fresh(0-50),0,1,1,1,0,0
L,301.3,310.8,1560,38.5,52,0,0,0,0,0,0,0,9.5,6.289,Low(51-100),0,0,0,0,0,0
M,301.3,310.8,1494,35.3,54,0,0,0,0,0,0,1,9.5,5.5223,Low(51-100),0,0,0,0,0,0
L,301.3,310.8,1531,53.4,57,0,0,0,0,0,0,0,9.5,8.5608,Low(51-100),0,1,0,0,0,0
L,301.3,310.8,1450,46.9,59,0,0,0,0,0,0,0,9.5,7.1209,Low(51-100),0,1,0,0,0,0
M,301.3,310.7,1391,52.5,61,0,0,0,0,0,0,1,9.4,7.6469,Low(51-100),0,1,1,1,0,0
L,301.2,310.6,1389,45.3,64,0,0,0,0,0,0,0,9.4,6.5887,Low(51-100),0,0,1,0,0,0
L,301.2,310.6,1409,50.9,66,0,0,0,0,0,0,0,9.4,7.5097,Low(51-100),0,1,1,1,0,0
H,301.1,310.6,1388,58.5,68,0,0,0,0,0,0,2,9.5,8.5024,Low(51-100),0,1,1,1,0,0
M,301.1,310.6,1410,43.9,73,0,0,0,0,0,0,1,9.5,6.4816,Low(51-100),0,0,1,0,0,0
M,301.1,310.5,1646,30.7,76,0,0,0,0,0,0,1,9.4,5.2913,Low(51-100),0,0,0,0,0,0
M,301.1,310.7,2219,16.7,79,0,0,0,0,0,0,1,9.6,3.8803,Low(51-100),0,0,0,0,0,0
L,301.2,310.7,1551,41.2,82,0,0,0,0,0,0,0,9.5,6.6912,Low(51-100),0,0,0,0,0,0
L,301.2,310.6,1811,24.0,84,0,0,0,0,0,0,0,9.4,4.5512,Low(51-100),0,0,0,0,0,0
L,301.3,310.7,1608,31.4,86,0,0,0,0,0,0,0,9.4,5.287,Low(51-100),0,0,0,0,0,0
L,301.3,310.8,1428,55.2,88,0,0,0,0,0,0,0,9.5,8.254,Low(51-100),0,1,0,0,0,0
L,301.4,310.8,1477,50.4,90,0,0,0,0,0,0,0,9.4,7.7948,Low(51-100),0,1,0,0,0,0
M,301.3,310.7,1300,58.3,92,0,0,0,0,0,0,1,9.4,7.9361,Low(51-100),0,1,1,1,0,0
M,301.2,310.7,1615,34.9,95,0,0,0,0,0,0,1,9.5,5.9019,Low(51-100),0,0,0,0,0,0
L,301.2,310.7,1676,32.4,98,0,0,0,0,0,0,0,9.5,5.6861,Low(51-100),0,0,0,0,0,0
M,301.1,310.7,2636,12.2,100,1,0,0,1,0,0,1,9.6,3.3675,Low(51-100),0,0,0,0,0,1
M,301.1,310.6,1310,48.8,103,0,0,0,0,0,0,1,9.5,6.694,Medium(101-150),0,1,1,1,0,0
L,301.1,310.7,1334,48.2,106,0,0,0,0,0,0,0,9.6,6.7329,Medium(101-150),0,1,1,1,0,0
M,301.1,310.7,1621,31.0,108,0,0,0,0,0,0,1,9.6,5.2619,Medium(101-150),0,0,0,0,0,0
M,301.1,310.7,1367,43.4,111,0,0,0,0,0,0,1,9.6,6.2123,Medium(101-150),0,0,1,0,0,0
L,301.0,310.6,1588,33.7,114,0,0,0,0,0,0,0,9.6,5.6037,Medium(101-150),0,0,0,0,0,0
M,301.0,310.7,1497,37.6,116,0,0,0,0,0,0,1,9.7,5.8939,Medium(101-150),0,0,0,0,0,0
L,301.1,310.8,1608,32.9,119,0,0,0,0,0,0,0,9.7,5.5396,Medium(101-150),0,0,0,0,0,0
L,301.0,310.8,1549,41.4,121,0,0,0,0,0,0,0,9.8,6.715,Medium(101-150),0,0,0,0,0,0
L,301.0,310.7,1391,45.0,123,0,0,0,0,0,0,0,9.7,6.5545,Medium(101-150),0,0,1,0,0,0
L,300.9,310.8,1490,38.1,125,0,0,0,0,0,0,0,9.9,5.9444,Medium(101-150),0,0,0,0,0,0
L,301.0,310.7,1727,34.5,127,0,0,0,0,0,0,0,9.7,6.2389,Medium(101-150),0,0,0,0,0,0
L,300.9,310.6,1504,46.4,129,0,0,0,0,0,0,0,9.7,7.3074,Medium(101-150),0,0,0,0,0,0
L,300.9,310.6,1350,53.8,131,0,0,0,0,0,0,0,9.7,7.6052,Medium(101-150),0,1,1,1,0,0
M,300.9,310.7,1420,43.0,133,0,0,0,0,0,0,1,9.8,6.3937,Medium(101-150),0,0,1,0,0,0
H,300.8,310.6,1465,44.1,136,0,0,0,0,0,0,2,9.8,6.7651,Medium(101-150),0,0,0,0,0,0
L,300.9,310.7,1427,44.1,141,0,0,0,0,0,0,0,9.8,6.5896,Medium(101-150),0,0,0,0,0,0
L,300.9,310.7,1477,43.2,143,0,0,0,0,0,0,0,9.8,6.6813,Medium(101-150),0,0,0,0,0,0
M,301.0,310.7,1493,48.1,145,0,0,0,0,0,0,1,9.7,7.5197,Medium(101-150),0,1,0,0,0,0
M,301.0,310.7,1657,29.9,148,0,0,0,0,0,0,1,9.7,5.1879,Medium(101-150),0,0,0,0,0,0
L,300.9,310.7,1359,46.0,151,0,0,0,0,0,0,0,9.8,6.546,High(151-200),0,0,1,0,0,0
L,300.8,310.6,1551,34.5,153,0,0,0,0,0,0,0,9.8,5.6031,High(151-200),0,0,0,0,0,0
M,300.8,310.6,1545,37.5,155,0,0,0,0,0,0,1,9.8,6.0668,High(151-200),0,0,0,0,0,0
M,300.9,310.6,1709,29.2,158,0,0,0,0,0,0,1,9.7,5.2254,High(151-200),0,0,0,0,0,0
M,300.9,310.7,1268,56.3,161,0,0,0,0,0,0,1,9.8,7.4752,High(151-200),0,1,1,1,0,0
L,300.9,310.7,1740,25.3,164,0,0,0,0,0,0,0,9.8,4.6096,High(151-200),0,0,0,0,0,0
L,301.0,310.9,1828,25.1,166,0,0,0,0,0,0,0,9.9,4.8045,High(151-200),0,0,0,0,0,0
L,301.0,310.9,1822,21.6,168,0,0,0,0,0,0,0,9.9,4.121,High(151-200),0,0,0,0,0,0
M,301.0,310.9,1515,41.8,170,0,0,0,0,0,0,1,9.9,6.6311,High(151-200),0,0,0,0,0,0
L,301.0,310.9,1392,52.9,173,0,0,0,0,0,0,0,9.9,7.7107,High(151-200),0,1,1,1,0,0
H,300.9,310.9,1474,35.7,175,0,0,0,0,0,0,2,10.0,5.5101,High(151-200),0,0,0,0,0,0
M,301.0,310.9,1359,53.4,180,0,0,0,0,0,0,1,9.9,7.599,High(151-200),0,1,1,1,0,0
L,301.1,311.0,1565,52.3,183,0,0,0,0,0,0,0,9.9,8.5706,High(151-200),0,1,0,0,0,0
M,301.1,311.1,1384,42.5,185,0,0,0,0,0,0,1,10.0,6.1592,High(151-200),0,0,1,0,0,0
L,301.1,311.1,1387,53.1,188,0,0,0,0,0,0,0,10.0,7.712,High(151-200),0,1,1,1,0,0
L,301.1,311.0,1378,51.1,190,0,0,0,0,0,0,0,9.9,7.3734,High(151-200),0,1,1,1,0,0
L,301.0,310.9,1809,25.7,192,0,0,0,0,0,0,0,9.9,4.8682,High(151-200),0,0,0,0,0,0
H,301.1,311.0,1339,52.8,194,0,0,0,0,0,0,2,9.9,7.4031,High(151-200),0,1,1,1,0,0
M,301.0,311.0,1423,38.6,199,0,0,0,0,0,0,1,10.0,5.7516,High(151-200),0,0,0,0,0,0
L,301.1,311.1,1570,41.6,202,0,0,0,0,0,0,0,10.0,6.839,Critical(>200),1,0,0,0,0,0
L,301.2,311.2,1558,34.1,204,0,0,0,0,0,0,0,10.0,5.5631,Critical(>200),1,0,0,0,0,0
L,301.1,311.1,1799,21.7,206,0,0,0,0,0,0,0,10.0,4.0878,Critical(>200),1,0,0,0,0,0
M,301.1,311.2,1591,35.0,208,0,0,0,0,0,0,1,10.1,5.8309,Critical(>200),1,0,0,0,0,0
L,301.2,311.2,1635,29.6,211,0,0,0,0,0,0,0,10.0,5.0676,Critical(>200),1,0,0,0,0,0
L,301.3,311.3,1509,42.5,213,0,0,0,0,0,0,0,10.0,6.7154,Critical(>200),1,0,0,0,0,0
M,301.3,311.4,1838,23.2,215,0,0,0,0,0,0,1,10.1,4.4651,Critical(>200),1,0,0,0,0,0
M,301.3,311.5,1648,32.4,0,0,0,0,0,0,0,1,10.2,5.5911,Fresh(0-50),0,0,0,0,0,0
M,301.2,311.5,1498,49.5,3,0,0,0,0,0,0,1,10.3,7.7645,Fresh(0-50),0,1,0,0,0,0
L,301.2,311.4,1757,28.0,6,0,0,0,0,0,0,0,10.2,5.1514,Fresh(0-50),0,0,0,0,0,0
M,301.1,311.3,1389,53.3,8,0,0,0,0,0,0,1,10.2,7.7522,Fresh(0-50),0,1,1,1,0,0
L,301.1,311.3,1498,37.6,11,0,0,0,0,0,0,0,10.2,5.8979,Fresh(0-50),0,0,0,0,0,0
M,301.0,311.2,1521,35.8,13,0,0,0,0,0,0,1,10.2,5.7018,Fresh(0-50),0,0,0,0,0,0
M,301.0,311.2,1394,41.3,16,0,0,0,0,0,0,1,10.2,6.0285,Fresh(0-50),0,0,1,0,0,0
H,301.0,311.2,1602,32.7,19,0,0,0,0,0,0,2,10.2,5.4854,Fresh(0-50),0,0,0,0,0,0
L,300.9,311.1,1417,40.7,24,0,0,0,0,0,0,0,10.2,6.0389,Fresh(0-50),0,0,1,0,0,0
L,301.0,311.2,1511,42.9,26,0,0,0,0,0,0,0,10.2,6.7876,Fresh(0-50),0,0,0,0,0,0
M,301.1,311.3,1654,30.7,28,0,0,0,0,0,0,1,10.2,5.317,Fresh(0-50),0,0,0,0,0,0
M,301.1,311.3,1836,22.8,31,0,0,0,0,0,0,1,10.2,4.3833,Fresh(0-50),0,0,0,0,0,0
L,301.1,311.3,1622,35.6,34,0,0,0,0,0,0,0,10.2,6.0464,Fresh(0-50),0,0,0,0,0,0
L,301.0,311.2,1467,45.4,36,0,0,0,0,0,0,0,10.2,6.974,Fresh(0-50),0,0,0,0,0,0
M,301.1,311.3,1909,22.7,38,0,0,0,0,0,0,1,10.2,4.5376,Fresh(0-50),0,0,0,0,0,0
L,301.1,311.2,1910,20.2,41,0,0,0,0,0,0,0,10.1,4.04,Fresh(0-50),0,0,0,0,0,0
H,301.1,311.3,2207,16.6,43,0,0,0,0,0,0,2,10.2,3.8363,Fresh(0-50),0,0,0,0,0,0
M,301.1,311.2,1384,49.4,48,0,0,0,0,0,0,1,10.1,7.1591,Fresh(0-50),0,1,1,1,0,0
L,301.1,311.3,1630,29.5,51,0,0,0,0,0,0,0,10.2,5.0351,Low(51-100),0,0,0,0,0,0
L,301.1,311.3,1268,60.0,53,0,0,0,0,0,0,0,10.2,7.9665,Low(51-100),0,1,1,1,0,0
L,301.1,311.4,1531,38.7,55,0,0,0,0,0,0,0,10.3,6.2042,Low(51-100),0,0,0,0,0,0
M,301.0,311.3,1454,41.5,57,0,0,0,0,0,0,1,10.3,6.3184,Low(51-100),0,0,0,0,0,0
L,301.0,311.3,1342,50.9,60,0,0,0,0,0,0,0,10.3,7.1526,Low(51-100),0,1,1,1,0,0
L,301.0,311.2,1363,46.3,62,0,0,0,0,0,0,0,10.2,6.6081,Low(51-100),0,0,1,0,0,0
L,301.0,311.2,1412,42.1,64,0,0,0,0,0,0,0,10.2,6.2246,Low(51-100),0,0,1,0,0,0
H,301.0,311.3,1597,39.2,66,0,0,0,0,0,0,2,10.3,6.5552,Low(51-100),0,0,0,0,0,0
L,301.0,311.3,1349,47.0,71,0,0,0,0,0,0,0,10.3,6.6391,Low(51-100),0,1,1,1,0,0
L,301.0,311.3,1472,35.3,73,0,0,0,0,0,0,0,10.3,5.441,Low(51-100),0,0,0,0,0,0
L,301.0,311.4,1478,39.5,75,0,0,0,0,0,0,0,10.4,6.1132,Low(51-100),0,0,0,0,0,0
H,300.9,311.3,1295,58.9,77,0,0,0,0,0,0,2,10.4,7.987,Low(51-100),0,1,1,1,0,0
M,300.8,311.2,1592,32.9,82,0,0,0,0,0,0,1,10.4,5.4845,Low(51-100),0,0,0,0,0,0
L,300.8,311.2,1430,54.4,85,0,0,0,0,0,0,0,10.4,8.1458,Low(51-100),0,1,0,0,0,0
M,300.8,311.2,1488,40.1,87,0,0,0,0,0,0,1,10.4,6.248,Low(51-100),0,0,0,0,0,0
H,300.9,311.2,1518,35.0,90,0,0,0,0,0,0,2,10.3,5.5634,Low(51-100),0,0,0,0,0,0
H,300.8,311.2,2237,17.0,95,0,0,0,0,0,0,2,10.4,3.9821,Low(51-100),0,0,0,0,0,0
M,300.9,311.3,1801,24.6,100,0,0,0,0,0,0,1,10.4,4.6392,Low(51-100),0,0,0,0,0,0
L,301.0,311.4,1573,37.6,103,0,0,0,0,0,0,0,10.4,6.1932,Medium(101-150),0,0,0,0,0,0
L,300.9,311.4,2073,21.4,105,0,0,0,0,0,0,0,10.5,4.6453,Medium(101-150),0,0,0,0,0,0
L,300.9,311.3,1953,19.4,107,0,0,0,0,0,0,0,10.4,3.9674,Medium(101-150),0,0,0,0,0,0
L,300.8,311.2,1492,39.0,109,0,0,0,0,0,0,0,10.4,6.093,Medium(101-150),0,0,0,0,0,0
L,300.8,311.2,1397,48.7,111,0,0,0,0,0,0,0,10.4,7.124,Medium(101-150),0,1,1,1,0,0
M,300.8,311.3,1465,43.2,113,0,0,0,0,0,0,1,10.5,6.627,Medium(101-150),0,0,0,0,0,0
L,300.8,311.3,1782,26.9,116,0,0,0,0,0,0,0,10.5,5.0195,Medium(101-150),0,0,0,0,0,0
M,300.9,311.4,1434,45.4,118,0,0,0,0,0,0,1,10.5,6.8171,Medium(101-150),0,0,0,0,0,0
H,300.9,311.4,1387,42.7,121,0,0,0,0,0,0,2,10.5,6.2016,Medium(101-150),0,0,1,0,0,0
M,300.9,311.4,1532,41.5,126,0,0,0,0,0,0,1,10.5,6.6574,Medium(101-150),0,0,0,0,0,0
L,300.9,311.5,1505,41.1,129,0,0,0,0,0,0,0,10.6,6.477,Medium(101-150),0,0,0,0,0,0
L,301.0,311.6,1440,43.3,131,0,0,0,0,0,0,0,10.6,6.529,Medium(101-150),0,0,0,0,0,0
L,301.0,311.6,1470,43.4,133,0,0,0,0,0,0,0,10.6,6.6804,Medium(101-150),0,0,0,0,0,0
L,301.1,311.7,1408,46.3,135,0,0,0,0,0,0,0,10.6,6.8262,Medium(101-150),0,0,1,0,0,0
M,301.0,311.6,1357,45.6,137,0,0,0,0,0,0,1,10.6,6.4795,Medium(101-150),0,0,1,0,0,0
M,301.0,311.6,1454,40.0,140,0,0,0,0,0,0,1,10.6,6.0901,Medium(101-150),0,0,0,0,0,0
L,301.0,311.6,1352,63.5,143,0,0,0,0,0,0,0,10.6,8.9897,Medium(101-150),0,1,1,1,0,0
M,301.0,311.6,1448,43.9,145,0,0,0,0,0,0,1,10.6,6.6563,Medium(101-150),0,0,0,0,0,0
L,300.9,311.6,1671,33.5,148,0,0,0,0,0,0,0,10.7,5.8616,Medium(101-150),0,0,0,0,0,0
L,301.0,311.7,1670,31.3,150,0,0,0,0,0,0,0,10.7,5.4734,Medium(101-150),0,0,0,0,0,0
L,301.0,311.7,1547,34.5,152,0,0,0,0,0,0,0,10.7,5.5886,High(151-200),0,0,0,0,0,0
L,301.0,311.6,1461,40.6,154,0,0,0,0,0,0,0,10.6,6.2112,High(151-200),0,0,0,0,0,0
M,301.0,311.6,1609,35.8,156,0,0,0,0,0,0,1,10.6,6.0316,High(151-200),0,0,0,0,0,0
M,300.9,311.5,1704,31.3,159,0,0,0,0,0,0,1,10.6,5.5848,High(151-200),0,0,0,0,0,0
M,301.0,311.5,1550,34.9,162,0,0,0,0,0,0,1,10.5,5.6644,High(151-200),0,0,0,0,0,0
M,301.0,311.5,1530,43.9,165,0,0,0,0,0,0,1,10.5,7.0332,High(151-200),0,0,0,0,0,0
L,300.9,311.3,1449,40.2,168,0,0,0,0,0,0,0,10.4,6.0995,High(151-200),0,0,0,0,0,0
L,300.9,311.3,1613,32.7,170,0,0,0,0,0,0,0,10.4,5.523,High(151-200),0,0,0,0,0,0
L,300.8,311.2,1376,48.1,172,0,0,0,0,0,0,0,10.4,6.9304,High(151-200),0,1,1,1,0,0
L,300.8,311.2,1434,45.6,174,0,0,0,0,0,0,0,10.4,6.8472,High(151-200),0,0,0,0,0,0
L,300.8,311.1,1480,41.1,176,0,0,0,0,0,0,0,10.3,6.3694,High(151-200),0,0,0,0,0,0
M,300.8,311.2,1634,31.9,178,0,0,0,0,0,0,1,10.4,5.4581,High(151-200),0,0,0,0,0,0
L,300.8,311.2,1481,38.5,181,0,0,0,0,0,1,0,10.4,5.9705,High(151-200),0,0,0,0,0,1
H,300.9,311.3,1668,28.9,183,0,0,0,0,0,0,2,10.4,5.0477,High(151-200),0,0,0,0,0,0
L,301.0,311.4,1484,36.2,188,0,0,0,0,0,0,0,10.4,5.6252,High(151-200),0,0,0,0,0,0
M,300.9,311.3,1603,31.8,190,0,0,0,0,0,0,1,10.4,5.3377,High(151-200),0,0,0,0,0,0
L,301.0,311.4,1481,37.5,193,0,0,0,0,0,0,0,10.4,5.8154,High(151-200),0,0,0,0,0,0
L,301.0,311.5,1559,31.8,195,0,0,0,0,0,0,0,10.5,5.1912,High(151-200),0,0,0,0,0,0
L,301.0,311.5,1444,39.8,197,0,0,0,0,0,0,0,10.5,6.0179,High(151-200),0,0,0,0,0,0
M,301.2,311.6,1423,48.0,199,0,0,0,0,0,0,1,10.4,7.1523,High(151-200),0,1,0,0,0,0
L,301.1,311.6,1432,48.1,202,0,0,0,0,0,0,0,10.5,7.2125,Critical(>200),1,1,0,0,0,0
L,301.2,311.7,1463,48.3,204,0,0,0,0,0,0,0,10.5,7.3993,Critical(>200),1,1,0,0,0,0
L,301.2,311.7,1433,49.3,206,0,0,0,0,0,0,0,10.5,7.3976,Critical(>200),1,1,0,0,0,0
L,301.2,311.6,1461,52.9,208,1,0,0,0,1,0,0,10.4,8.0929,Critical(>200),1,1,0,0,0,1
M,301.1,311.6,1266,55.5,210,0,0,0,0,0,0,1,10.5,7.3574,Critical(>200),1,1,1,1,0,0
H,301.1,311.6,1417,53.4,0,0,0,0,0,0,0,2,10.5,7.9233,Fresh(0-50),0,1,1,1,0,0
L,301.1,311.6,1488,43.4,5,0,0,0,0,0,0,0,10.5,6.7622,Fresh(0-50),0,0,0,0,0,0
L,301.1,311.7,1816,24.5,7,0,0,0,0,0,0,0,10.6,4.6588,Fresh(0-50),0,0,0,0,0,0
M,301.0,311.6,1301,55.0,9,0,0,0,0,0,0,1,10.6,7.4927,Fresh(0-50),0,1,1,1,0,0
M,300.9,311.5,1836,21.8,12,0,0,0,0,0,0,1,10.6,4.1911,Fresh(0-50),0,0,0,0,0,0
M,300.8,311.4,1521,39.9,15,0,0,0,0,0,0,1,10.6,6.3548,Fresh(0-50),0,0,0,0,0,0
L,300.8,311.4,1322,67.2,18,1,0,0,1,0,0,0,10.6,9.3025,Fresh(0-50),0,1,1,1,0,1
L,300.8,311.4,1492,40.6,20,0,0,0,0,0,0,0,10.6,6.343,Fresh(0-50),0,0,0,0,0,0
L,300.8,311.4,1536,40.9,22,0,0,0,0,0,0,0,10.6,6.5783,Fresh(0-50),0,0,0,0,0,0
L,300.7,311.2,1878,24.3,24,0,0,0,0,0,0,0,10.5,4.7786,Fresh(0-50),0,0,0,0,0,0
L,300.6,311.1,1471,40.7,26,0,0,0,0,0,0,0,10.5,6.2691,Fresh(0-50),0,0,0,0,0,0
H,300.6,311.1,1452,40.2,28,0,0,0,0,0,0,2,10.5,6.1121,Fresh(0-50),0,0,0,0,0,0
L,300.7,311.2,1452,44.4,33,0,0,0,0,0,0,0,10.5,6.7507,Fresh(0-50),0,0,0,0,0,0
M,300.7,311.3,1348,53.0,35,0,0,0,0,0,0,1,10.6,7.481,Fresh(0-50),0,1,1,1,0,0
H,300.8,311.4,1453,44.6,38,0,0,0,0,0,0,2,10.6,6.7857,Fresh(0-50),0,0,0,0,0,0
L,300.8,311.4,1316,57.6,43,0,0,0,0,0,0,0,10.6,7.9373,Fresh(0-50),0,1,1,1,0,0
M,300.8,311.4,1732,26.9,45,0,0,0,0,0,0,1,10.6,4.8786,Fresh(0-50),0,0,0,0,0,0
L,300.7,311.3,1522,35.2,48,0,0,0,0,0,0,0,10.6,5.6099,Fresh(0-50),0,0,0,0,0,0
M,300.7,311.3,1487,39.8,50,0,0,0,0,0,0,1,10.6,6.1971,Fresh(0-50),0,0,0,0,0,0
M,300.8,311.4,1852,22.2,53,0,0,0,0,0,0,1,10.6,4.3052,Low(51-100),0,0,0,0,0,0
L,300.7,311.2,1486,46.8,56,0,0,0,0,0,0,0,10.5,7.2822,Low(51-100),0,0,0,0,0,0
M,300.7,311.3,1562,37.1,58,0,0,0,0,0,0,1,10.6,6.0681,Low(51-100),0,0,0,0,0,0
L,300.7,311.2,1457,51.4,61,0,0,0,0,0,0,0,10.5,7.8419,Low(51-100),0,1,0,0,0,0
M,300.7,311.2,1769,26.5,63,0,0,0,0,0,0,1,10.5,4.9087,Low(51-100),0,0,0,0,0,0
H,300.7,311.3,1374,53.1,66,0,0,0,0,0,0,2,10.6,7.6397,Low(51-100),0,1,1,1,0,0
L,300.8,311.3,1524,43.5,71,0,0,0,0,0,0,0,10.5,6.9418,Low(51-100),0,0,0,0,0,0
L,300.8,311.3,1498,40.2,73,0,0,0,0,0,0,0,10.5,6.3057,Low(51-100),0,0,0,0,0,0
L,300.8,311.3,1462,41.4,75,0,0,0,0,0,0,0,10.5,6.3379,Low(51-100),0,0,0,0,0,0
M,300.8,311.2,1429,52.3,77,0,0,0,0,0,0,1,10.4,7.8258,Low(51-100),0,1,0,0,0,0
L,300.7,311.2,1399,47.9,80,0,0,0,0,0,0,0,10.5,7.017,Low(51-100),0,1,1,1,0,0
M,300.8,311.2,1434,39.1,82,0,0,0,0,0,0,1,10.4,5.8711,Low(51-100),0,0,0,0,0,0
L,300.7,311.1,1324,52.2,85,0,0,0,0,0,0,0,10.4,7.2369,Low(51-100),0,1,1,1,0,0
L,300.6,311.0,1563,40.7,87,0,0,0,0,0,0,0,10.4,6.6612,Low(51-100),0,0,0,0,0,0
L,300.6,311.0,1543,34.7,89,0,0,0,0,0,0,0,10.4,5.6065,Low(51-100),0,0,0,0,0,0
L,300.7,311.0,1413,52.0,91,0,0,0,0,0,1,0,10.3,7.6938,Low(51-100),0,1,1,1,0,1
M,300.7,311.0,1378,41.2,93,0,0,0,0,0,0,1,10.3,5.9449,Low(51-100),0,0,1,0,0,0
M,300.7,311.1,1373,49.9,96,0,0,0,0,0,0,1,10.4,7.1741,Low(51-100),0,1,1,1,0,0
H,300.7,311.0,1981,19.9,99,0,0,0,0,0,0,2,10.3,4.1279,Low(51-100),0,0,0,0,0,0
M,300.7,311.0,1263,52.3,104,0,0,0,0,0,0,1,10.3,6.9167,Medium(101-150),0,1,1,1,0,0
L,300.7,311.0,1312,52.1,107,0,0,0,0,0,0,0,10.3,7.1576,Medium(101-150),0,1,1,1,0,0
L,300.7,311.0,1969,20.7,109,0,0,0,0,0,0,0,10.3,4.2679,Medium(101-150),0,0,0,0,0,0
M,300.8,311.2,1365,51.7,111,0,0,0,0,0,0,1,10.4,7.3896,Medium(101-150),0,1,1,1,0,0
L,300.9,311.2,1789,25.5,114,0,0,0,0,0,0,0,10.3,4.7769,Medium(101-150),0,0,0,0,0,0
M,300.8,311.1,1583,32.1,116,0,0,0,0,0,0,1,10.3,5.3209,Medium(101-150),0,0,0,0,0,0
L,300.7,311.0,1436,44.9,119,0,0,0,0,0,0,0,10.3,6.7515,Medium(101-150),0,0,0,0,0,0
M,300.7,311.0,1559,42.8,121,0,0,0,0,0,0,1,10.3,6.9869,Medium(101-150),0,0,0,0,0,0
L,300.7,311.0,1377,49.9,124,0,0,0,0,0,0,0,10.3,7.195,Medium(101-150),0,1,1,1,0,0
L,300.7,311.0,1462,41.9,126,0,0,0,0,0,0,0,10.3,6.4144,Medium(101-150),0,0,0,0,0,0
L,300.7,311.0,1318,48.2,128,0,0,0,0,0,0,0,10.3,6.6521,Medium(101-150),0,1,1,1,0,0
M,300.7,311.0,1378,51.6,130,0,0,0,0,0,0,1,10.3,7.4455,Medium(101-150),0,1,1,1,0,0
L,300.6,310.9,1344,46.7,133,0,0,0,0,0,0,0,10.3,6.5722,Medium(101-150),0,0,1,0,0,0
L,300.7,311.1,2377,14.3,135,0,0,0,0,0,0,0,10.4,3.5593,Medium(101-150),0,0,0,0,0,0
L,300.7,311.1,1427,50.3,137,0,0,0,0,0,0,0,10.4,7.516,Medium(101-150),0,1,0,0,0,0
L,300.9,311.2,1353,60.4,139,0,0,0,0,0,0,0,10.3,8.5572,Medium(101-150),0,1,1,1,0,0
L,300.8,311.3,1505,45.5,141,0,0,0,0,0,0,0,10.5,7.1704,Medium(101-150),0,0,0,0,0,0
H,300.8,311.2,1612,32.5,143,0,0,0,0,0,0,2,10.4,5.4859,Medium(101-150),0,0,0,0,0,0
L,300.7,311.1,1440,43.0,148,0,0,0,0,0,0,0,10.4,6.4838,Medium(101-150),0,0,0,0,0,0
M,300.7,311.0,1334,53.9,150,0,0,0,0,0,0,1,10.3,7.5291,Medium(101-150),0,1,1,1,0,0
M,300.7,311.0,1706,25.0,153,0,0,0,0,0,0,1,10.3,4.466,High(151-200),0,0,0,0,0,0
H,300.8,311.1,1698,24.8,156,0,0,0,0,0,0,2,10.3,4.4095,High(151-200),0,0,0,0,0,0
L,300.7,311.1,1688,30.7,161,0,0,0,0,0,0,0,10.4,5.4263,High(151-200),0,0,0,0,0,0
L,300.7,311.1,2437,13.8,163,0,0,0,0,0,0,0,10.4,3.5215,High(151-200),0,0,0,0,0,0
L,300.7,311.1,1478,46.8,165,0,0,0,0,0,0,0,10.4,7.243,High(151-200),0,0,0,0,0,0
M,300.7,311.1,1608,35.3,167,0,0,0,0,0,0,1,10.4,5.9437,High(151-200),0,0,0,0,0,0
L,300.7,311.1,2478,13.4,170,1,0,0,1,0,0,0,10.4,3.477,High(151-200),0,0,0,0,0,1
L,300.8,311.1,1509,33.4,172,0,0,0,0,0,0,0,10.3,5.2775,High(151-200),0,0,0,0,0,0
L,300.7,311.0,1596,36.9,174,0,0,0,0,0,0,0,10.3,6.1667,High(151-200),0,0,0,0,0,0
M,300.7,311.0,1740,25.6,176,0,0,0,0,0,0,1,10.3,4.6643,High(151-200),0,0,0,0,0,0
L,300.6,310.8,1375,53.2,179,0,0,0,0,0,0,0,10.2,7.6597,High(151-200),0,1,1,1,0,0
M,300.6,310.7,1705,31.2,181,0,0,0,0,0,0,1,10.1,5.5703,High(151-200),0,0,0,0,0,0
M,300.5,310.6,1621,32.0,184,0,0,0,0,0,0,1,10.1,5.4316,High(151-200),0,0,0,0,0,0
M,300.6,310.7,1566,38.2,187,0,0,0,0,0,0,1,10.1,6.264,High(151-200),0,0,0,0,0,0
M,300.6,310.7,1388,42.9,190,0,0,0,0,0,0,1,10.1,6.2351,High(151-200),0,0,1,0,0,0
M,300.6,310.7,1457,36.7,193,0,0,0,0,0,0,1,10.1,5.5992,High(151-200),0,0,0,0,0,0
M,300.6,310.6,1463,45.5,196,0,0,0,0,0,0,1,10.0,6.9703,High(151-200),0,0,0,0,0,0
L,300.5,310.5,1564,38.2,199,0,0,0,0,0,0,0,10.0,6.256,High(151-200),0,0,0,0,0,0
H,300.5,310.6,1411,47.2,201,0,0,0,0,0,0,2,10.1,6.9737,Critical(>200),1,1,1,1,0,0
L,300.5,310.6,1540,46.7,206,0,0,0,0,0,0,0,10.1,7.5307,Critical(>200),1,0,0,0,0,0
L,300.5,310.6,1950,20.3,208,0,0,0,0,0,0,0,10.1,4.145,Critical(>200),1,0,0,0,0,0
M,300.6,310.7,1339,52.9,0,0,0,0,0,0,0,1,10.1,7.4171,Fresh(0-50),0,1,1,1,0,0
H,300.6,310.6,1419,39.6,3,0,0,0,0,0,0,2,10.0,5.884,Fresh(0-50),0,0,1,0,0,0
L,300.5,310.6,1499,45.2,8,0,0,0,0,0,0,0,10.1,7.0947,Fresh(0-50),0,0,0,0,0,0
L,300.5,310.6,1368,49.6,10,0,0,0,0,0,0,0,10.1,7.105,Fresh(0-50),0,1,1,1,0,0
L,300.5,310.5,1536,36.2,12,0,0,0,0,0,0,0,10.0,5.8223,Fresh(0-50),0,0,0,0,0,0
M,300.5,310.5,1469,42.9,14,0,0,0,0,0,0,1,10.0,6.599,Fresh(0-50),0,0,0,0,0,0
L,300.5,310.5,2633,12.2,17,1,0,0,1,0,0,0,10.0,3.3636,Fresh(0-50),0,0,0,0,0,1
L,300.4,310.4,1298,61.4,19,0,0,0,0,0,0,0,10.0,8.3453,Fresh(0-50),0,1,1,1,0,0
M,300.4,310.4,1544,36.3,21,0,0,0,0,0,0,1,10.0,5.8688,Fresh(0-50),0,0,0,0,0,0
H,300.5,310.5,1403,47.7,24,0,0,0,0,0,0,2,10.0,7.0077,Fresh(0-50),0,1,1,1,0,0
L,300.5,310.5,1452,42.9,29,0,0,0,0,0,0,0,10.0,6.5226,Fresh(0-50),0,0,0,0,0,0
L,300.6,310.5,1509,43.1,31,0,0,0,0,0,0,0,9.9,6.8103,Fresh(0-50),0,0,0,0,0,0
M,300.7,310.6,1474,37.0,33,0,0,0,0,0,0,1,9.9,5.7108,Fresh(0-50),0,0,0,0,0,0
M,300.7,310.7,1377,46.7,36,0,0,0,0,0,0,1,10.0,6.7336,Fresh(0-50),0,0,1,0,0,0
L,300.8,310.8,1741,27.1,39,0,0,0,0,0,0,0,10.0,4.9404,Fresh(0-50),0,0,0,0,0,0
L,300.8,310.8,1460,53.8,41,0,0,0,0,0,0,0,10.0,8.2249,Fresh(0-50),0,1,0,0,0,0
H,300.7,310.6,1631,32.6,43,0,0,0,0,0,0,2,9.9,5.5676,Fresh(0-50),0,0,0,0,0,0
L,300.7,310.5,1561,33.2,48,0,0,0,0,0,0,0,9.8,5.4267,Fresh(0-50),0,0,0,0,0,0
M,300.7,310.6,1572,38.5,50,0,0,0,0,0,0,1,9.9,6.3374,Fresh(0-50),0,0,0,0,0,0
L,300.6,310.6,2127,18.7,53,0,0,0,0,0,0,0,10.0,4.1649,Low(51-100),0,0,0,0,0,0
H,300.6,310.6,1448,44.7,55,0,0,0,0,0,0,2,10.0,6.7775,Low(51-100),0,0,0,0,0,0
L,300.6,310.7,1543,39.6,60,0,0,0,0,0,0,0,10.1,6.3982,Low(51-100),0,0,0,0,0,0
L,300.6,310.6,1508,34.8,62,0,0,0,0,0,0,0,10.0,5.4951,Low(51-100),0,0,0,0,0,0
M,300.6,310.6,1403,50.4,64,0,0,0,0,0,0,1,10.0,7.4043,Low(51-100),0,1,1,1,0,0
L,300.6,310.6,1454,39.7,67,0,0,0,0,0,0,0,10.0,6.0444,Low(51-100),0,0,0,0,0,0
L,300.7,310.8,1772,27.3,69,0,0,0,0,0,0,0,10.1,5.0655,Low(51-100),0,0,0,0,0,0
L,300.7,310.8,1479,49.1,71,0,0,0,0,0,0,0,10.1,7.6041,Low(51-100),0,1,0,0,0,0
L,300.7,310.9,1723,31.0,73,0,0,0,0,0,0,0,10.2,5.593,Low(51-100),0,0,0,0,0,0
M,300.7,310.8,1469,46.4,75,0,0,0,0,0,0,1,10.1,7.1373,Low(51-100),0,0,0,0,0,0
H,300.6,310.6,1830,26.2,78,0,0,0,0,0,0,2,10.0,5.0205,Low(51-100),0,0,0,0,0,0
L,300.6,310.6,1497,38.2,83,0,0,0,0,0,0,0,10.0,5.988,Low(51-100),0,0,0,0,0,0
L,300.7,310.6,1540,52.7,85,0,0,0,0,0,0,0,9.9,8.4982,Low(51-100),0,1,0,0,0,0
L,300.6,310.6,1514,39.5,87,0,0,0,0,0,0,0,10.0,6.2621,Low(51-100),0,0,0,0,0,0
L,300.7,310.6,1654,34.2,89,0,0,0,0,0,0,0,9.9,5.9232,Low(51-100),0,0,0,0,0,0
H,300.6,310.5,1519,37.0,91,0,0,0,0,0,0,2,9.9,5.8851,Low(51-100),0,0,0,0,0,0
L,300.7,310.6,1720,30.3,96,0,0,0,0,0,0,0,9.9,5.4572,Low(51-100),0,0,0,0,0,0
L,300.6,310.5,1470,37.7,98,0,0,0,0,0,0,0,9.9,5.803,Low(51-100),0,0,0,0,0,0
L,300.6,310.5,1642,29.9,100,0,0,0,0,0,0,0,9.9,5.1409,Low(51-100),0,0,0,0,0,0
M,300.7,310.6,2006,19.1,102,0,0,0,0,0,0,1,9.9,4.012,Medium(101-150),0,0,0,0,0,0
M,300.7,310.6,1505,35.6,105,0,0,0,0,0,0,1,9.9,5.6103,Medium(101-150),0,0,0,0,0,0
M,300.7,310.6,1609,27.6,108,0,0,0,0,0,0,1,9.9,4.6501,Medium(101-150),0,0,0,0,0,0
M,300.7,310.5,1863,22.2,111,0,0,0,0,0,0,1,9.8,4.3307,Medium(101-150),0,0,0,0,0,0
L,300.6,310.4,1401,42.6,114,0,0,0,0,0,0,0,9.8,6.2495,Medium(101-150),0,0,1,0,0,0
L,300.6,310.4,2007,19.8,116,0,0,0,0,0,0,0,9.8,4.1611,Medium(101-150),0,0,0,0,0,0
L,300.6,310.4,1494,47.3,118,0,0,0,0,0,0,0,9.8,7.3996,Medium(101-150),0,1,0,0,0,0
L,300.6,310.4,1457,47.7,120,0,0,0,0,0,0,0,9.8,7.2774,Medium(101-150),0,1,0,0,0,0
L,300.6,310.4,1556,37.7,122,0,0,0,0,0,0,0,9.8,6.1425,Medium(101-150),0,0,0,0,0,0
H,300.6,310.4,1510,42.8,124,0,0,0,0,0,0,2,9.8,6.7673,Medium(101-150),0,0,0,0,0,0
H,300.7,310.5,1567,38.7,129,0,0,0,0,0,0,2,9.8,6.35,Medium(101-150),0,0,0,0,0,0
H,300.7,310.5,1476,43.1,134,0,0,0,0,0,0,2,9.8,6.6613,Medium(101-150),0,0,0,0,0,0
L,300.8,310.6,1663,30.6,139,0,0,0,0,0,0,0,9.8,5.3286,Medium(101-150),0,0,0,0,0,0
M,300.8,310.5,1409,50.6,141,0,0,0,0,0,0,1,9.7,7.4655,Medium(101-150),0,1,1,1,0,0
L,300.8,310.6,1666,36.2,144,0,0,0,0,0,0,0,9.8,6.3151,Medium(101-150),0,0,0,0,0,0
L,300.7,310.6,1520,45.9,146,0,0,0,0,0,0,0,9.9,7.3055,Medium(101-150),0,0,0,0,0,0
L,300.6,310.5,1644,33.8,148,0,0,0,0,0,0,0,9.9,5.8186,Medium(101-150),0,0,0,0,0,0
H,300.6,310.4,1479,35.6,150,0,0,0,0,0,0,2,9.8,5.5133,Medium(101-150),0,0,0,0,0,0
L,300.6,310.4,1446,49.7,155,0,0,0,0,0,0,0,9.8,7.5253,High(151-200),0,1,0,0,0,0
M,300.6,310.4,1407,51.1,157,0,0,0,0,0,0,1,9.8,7.5286,High(151-200),0,1,1,1,0,0
L,300.7,310.4,1234,51.7,160,0,0,0,0,0,0,0,9.7,6.6804,High(151-200),0,1,1,1,0,0
M,300.8,310.5,1696,29.7,162,0,0,0,0,0,0,1,9.7,5.2745,High(151-200),0,0,0,0,0,0
L,300.8,310.6,1384,52.9,165,0,0,0,0,0,0,0,9.8,7.6663,High(151-200),0,1,1,1,0,0
M,300.8,310.7,1572,36.2,167,0,0,0,0,0,0,1,9.9,5.9588,High(151-200),0,0,0,0,0,0
M,300.8,310.7,1386,42.1,170,0,0,0,0,0,0,1,9.9,6.11,High(151-200),0,0,1,0,0,0
L,300.8,310.7,1461,42.8,173,0,0,0,0,0,0,0,9.9,6.5477,High(151-200),0,0,0,0,0,0
L,300.8,310.7,1525,39.4,175,0,0,0,0,0,0,0,9.9,6.2916,High(151-200),0,0,0,0,0,0
L,300.7,310.7,1333,61.0,177,0,0,0,0,0,0,0,10.0,8.5145,High(151-200),0,1,1,1,0,0
H,300.7,310.6,1505,40.6,179,0,0,0,0,0,0,2,9.9,6.3982,High(151-200),0,0,0,0,0,0
M,300.7,310.6,1439,41.7,184,0,0,0,0,0,0,1,9.9,6.2834,High(151-200),0,0,0,0,0,0
L,300.7,310.6,1491,43.2,187,0,0,0,0,0,0,0,9.9,6.7446,High(151-200),0,0,0,0,0,0
M,300.7,310.6,1488,39.2,189,0,0,0,0,0,0,1,9.9,6.1078,High(151-200),0,0,0,0,0,0
L,300.7,310.5,1536,47.4,192,0,0,0,0,0,0,0,9.8,7.6237,High(151-200),0,1,0,0,0,0
L,300.7,310.5,1960,21.0,194,0,0,0,0,0,0,0,9.8,4.3099,High(151-200),0,0,0,0,0,0
M,300.7,310.5,1594,31.0,196,0,0,0,0,0,0,1,9.8,5.1742,High(151-200),0,0,0,0,0,0
L,300.7,310.5,1357,52.6,199,0,0,0,0,0,0,0,9.8,7.4742,High(151-200),0,1,1,1,0,0
L,300.7,310.5,1445,41.1,201,0,0,0,0,0,0,0,9.8,6.2188,Critical(>200),1,0,0,0,0,0
L,300.7,310.4,1543,47.3,203,0,0,0,0,0,0,0,9.7,7.6423,Critical(>200),1,1,0,0,0,0
L,300.7,310.4,1366,52.6,205,0,0,0,0,0,0,0,9.7,7.5237,Critical(>200),1,1,1,1,0,0
L,300.7,310.3,1458,40.0,207,0,0,0,0,0,0,0,9.6,6.1068,Critical(>200),1,0,0,0,0,0
L,300.7,310.4,1416,61.8,209,1,0,0,1,1,0,0,9.7,9.1632,Critical(>200),1,1,1,1,0,2
L,300.6,310.3,1794,24.4,211,0,0,0,0,0,0,0,9.7,4.5836,Critical(>200),1,0,0,0,0,0
L,300.6,310.3,1484,41.0,213,0,0,0,0,0,0,0,9.7,6.3711,Critical(>200),1,0,0,0,0,0
L,300.6,310.4,2514,13.4,215,0,0,0,0,0,0,0,9.8,3.5275,Critical(>200),1,0,0,0,0,0
L,300.6,310.3,1648,30.5,217,1,1,0,0,0,0,0,9.7,5.2632,Critical(>200),1,0,0,0,0,1
M,300.6,310.3,1614,32.7,0,0,0,0,0,0,0,1,9.7,5.5265,Fresh(0-50),0,0,0,0,0,0
L,300.6,310.2,1622,34.1,3,0,0,0,0,0,0,0,9.6,5.7916,Fresh(0-50),0,0,0,0,0,0
M,300.6,310.2,1478,40.1,5,0,0,0,0,0,0,1,9.6,6.2061,Fresh(0-50),0,0,0,0,0,0
L,300.6,310.2,1318,51.0,8,0,0,0,0,0,0,0,9.6,7.0385,Fresh(0-50),0,1,1,1,0,0
L,300.7,310.2,1493,35.9,10,0,0,0,0,0,0,0,9.5,5.6124,Fresh(0-50),0,0,0,0,0,0
H,300.7,310.3,1369,50.7,12,0,0,0,0,0,0,2,9.6,7.2679,Fresh(0-50),0,1,1,1,0,0
L,300.6,310.2,1447,45.9,17,0,0,0,0,0,0,0,9.6,6.9547,Fresh(0-50),0,0,0,0,0,0
L,300.6,310.1,1485,49.9,19,0,0,0,0,0,0,0,9.5,7.7593,Fresh(0-50),0,1,0,0,0,0
L,300.6,310.2,1489,47.8,21,0,0,0,0,0,0,0,9.6,7.4528,Fresh(0-50),0,1,0,0,0,0
M,300.6,310.2,1233,52.3,23,0,0,0,0,0,0,1,9.6,6.7525,Fresh(0-50),0,1,1,1,0,0
L,300.7,310.2,1642,32.6,26,0,0,0,0,0,0,0,9.5,5.6052,Fresh(0-50),0,0,0,0,0,0
M,300.7,310.2,1373,44.1,28,0,0,0,0,0,0,1,9.5,6.3402,Fresh(0-50),0,0,1,0,0,0
L,300.7,310.2,1569,32.8,31,0,0,0,0,0,0,0,9.5,5.3888,Fresh(0-50),0,0,0,0,0,0
L,300.8,310.2,1850,22.8,33,0,0,0,0,0,0,0,9.4,4.4168,Fresh(0-50),0,0,0,0,0,0
M,300.8,310.3,1494,42.2,35,0,0,0,0,0,0,1,9.5,6.6018,Fresh(0-50),0,0,0,0,0,0
H,300.8,310.3,1777,30.1,38,0,0,0,0,0,0,2,9.5,5.6008,Fresh(0-50),0,0,0,0,0,0
L,300.9,310.4,1454,43.1,43,0,0,0,0,0,0,0,9.5,6.562,Fresh(0-50),0,0,0,0,0,0
L,300.9,310.4,1536,34.2,45,0,0,0,0,0,0,0,9.5,5.5006,Fresh(0-50),0,0,0,0,0,0
L,300.8,310.5,1482,39.0,47,0,0,0,0,0,0,0,9.7,6.0521,Fresh(0-50),0,0,0,0,0,0
H,300.9,310.5,1512,41.2,49,0,0,0,0,0,0,2,9.6,6.523,Fresh(0-50),0,0,0,0,0,0
M,300.8,310.5,1511,35.8,54,0,0,0,0,0,0,1,9.7,5.6643,Low(51-100),0,0,0,0,0,0
L,300.9,310.5,1599,40.5,57,0,0,0,0,0,0,0,9.6,6.7811,Low(51-100),0,0,0,0,0,0
M,300.8,310.4,1518,36.0,59,0,0,0,0,0,0,1,9.6,5.7223,Low(51-100),0,0,0,0,0,0
M,300.8,310.4,1450,39.4,62,0,0,0,0,0,0,1,9.6,5.9822,Low(51-100),0,0,0,0,0,0
L,300.9,310.4,1427,47.0,65,0,0,0,0,0,0,0,9.5,7.0229,Low(51-100),0,1,0,0,0,0
L,300.9,310.4,1561,32.7,67,0,0,0,0,0,0,0,9.5,5.345,Low(51-100),0,0,0,0,0,0
H,300.9,310.4,1457,43.8,69,0,0,0,0,0,0,2,9.5,6.6824,Low(51-100),0,0,0,0,0,0
M,301.0,310.6,1460,53.6,74,0,0,0,0,0,0,1,9.6,8.1943,Low(51-100),0,1,0,0,0,0
L,301.0,310.5,1601,33.2,77,0,0,0,0,0,0,0,9.5,5.5658,Low(51-100),0,0,0,0,0,0
L,300.9,310.5,1570,40.1,79,0,0,0,0,0,0,0,9.6,6.5924,Low(51-100),0,0,0,0,0,0
L,300.9,310.5,1565,35.9,81,0,0,0,0,0,0,0,9.6,5.8831,Low(51-100),0,0,0,0,0,0
L,301.0,310.5,1378,44.4,83,0,0,0,0,0,0,0,9.5,6.4066,Low(51-100),0,0,1,0,0,0
L,300.9,310.5,2288,16.1,85,0,0,0,0,0,0,0,9.6,3.8573,Low(51-100),0,0,0,0,0,0
M,300.9,310.4,1375,44.7,87,0,0,0,0,0,0,1,9.5,6.4359,Low(51-100),0,0,1,0,0,0
L,300.9,310.4,1788,27.8,90,0,0,0,0,0,0,0,9.5,5.2049,Low(51-100),0,0,0,0,0,0
M,300.9,310.4,1576,40.4,92,0,0,0,0,0,0,1,9.5,6.6671,Low(51-100),0,0,0,0,0,0
M,300.8,310.3,1868,24.5,95,0,0,0,0,0,0,1,9.5,4.7923,Low(51-100),0,0,0,0,0,0
L,300.7,310.1,1261,56.6,98,0,0,0,0,0,0,0,9.4,7.4736,Low(51-100),0,1,1,1,0,0
M,300.6,310.0,1542,33.9,100,0,0,0,0,0,0,1,9.4,5.4737,Low(51-100),0,0,0,0,0,0
L,300.6,310.0,1438,53.8,103,0,0,0,0,0,0,0,9.4,8.101,Medium(101-150),0,1,0,0,0,0
L,300.6,310.0,1511,36.9,105,0,0,0,0,0,0,0,9.4,5.8383,Medium(101-150),0,0,0,0,0,0
L,300.6,310.0,1635,31.0,107,0,0,0,0,0,0,0,9.4,5.3073,Medium(101-150),0,0,0,0,0,0
L,300.6,309.9,1428,48.8,109,0,0,0,0,0,0,0,9.3,7.297,Medium(101-150),0,1,0,0,0,0
M,300.5,309.8,1410,44.4,111,0,0,0,0,0,0,1,9.3,6.5554,Medium(101-150),0,0,1,0,0,0
L,300.5,309.9,1423,47.9,114,0,0,0,0,0,0,0,9.4,7.1374,Medium(101-150),0,1,0,0,0,0
M,300.5,309.9,1552,41.3,116,0,0,0,0,0,0,1,9.4,6.7118,Medium(101-150),0,0,0,0,0,0
M,300.5,310.0,1406,50.2,119,0,0,0,0,0,0,1,9.5,7.3907,Medium(101-150),0,1,1,1,0,0
L,300.5,309.9,1443,48.3,122,0,0,0,0,0,0,0,9.4,7.2981,Medium(101-150),0,1,0,0,0,0
M,300.5,309.9,1343,63.7,124,0,0,0,0,0,0,1,9.4,8.958,Medium(101-150),0,1,1,1,0,0
M,300.6,310.0,1486,41.2,127,0,0,0,0,0,0,1,9.4,6.4108,Medium(101-150),0,0,0,0,0,0
L,300.6,310.1,1297,50.0,130,0,0,0,0,0,0,0,9.5,6.7906,Medium(101-150),0,1,1,1,0,0
L,300.6,310.1,1495,42.3,132,0,0,0,0,0,0,0,9.5,6.6218,Medium(101-150),0,0,0,0,0,0
L,300.5,309.9,1382,46.5,134,0,0,0,0,0,0,0,9.4,6.7291,Medium(101-150),0,0,1,0,0,0
M,300.4,309.8,1356,44.4,136,0,0,0,0,0,0,1,9.4,6.3043,Medium(101-150),0,0,1,0,0,0
H,300.3,309.7,1452,41.5,139,0,0,0,0,0,0,2,9.4,6.3097,Medium(101-150),0,0,0,0,0,0
H,300.3,309.7,1582,30.8,144,0,0,0,0,0,0,2,9.4,5.1022,Medium(101-150),0,0,0,0,0,0
M,300.4,309.8,1517,40.3,149,0,0,0,0,0,0,1,9.4,6.4016,Medium(101-150),0,0,0,0,0,0
L,300.5,310.0,1413,44.5,152,0,0,0,0,0,0,0,9.5,6.5841,High(151-200),0,0,1,0,0,0
L,300.4,309.9,1496,31.8,154,0,0,0,0,0,0,0,9.5,4.9814,High(151-200),0,0,0,0,0,0
L,300.3,309.8,1466,41.2,156,0,0,0,0,0,0,0,9.5,6.3245,High(151-200),0,0,0,0,0,0
M,300.3,309.8,1617,40.8,158,0,0,0,0,0,0,1,9.5,6.9082,High(151-200),0,0,0,0,0,0
L,300.2,309.8,1506,41.8,161,0,0,0,0,0,0,0,9.6,6.5917,High(151-200),0,0,0,0,0,0
L,300.2,309.8,1401,49.3,163,0,0,0,0,0,0,0,9.6,7.2324,High(151-200),0,1,1,1,0,0
H,300.2,309.9,1906,22.9,165,0,0,0,0,0,0,2,9.7,4.5704,High(151-200),0,0,0,0,0,0
L,300.2,309.9,1566,36.4,170,0,0,0,0,0,0,0,9.7,5.9688,High(151-200),0,0,0,0,0,0
L,300.2,310.0,1493,47.3,172,0,0,0,0,0,0,0,9.8,7.3946,High(151-200),0,1,0,0,0,0
L,300.3,310.1,1483,39.9,174,0,0,0,0,0,0,0,9.8,6.196,High(151-200),0,0,0,0,0,0
M,300.2,309.9,1569,31.2,176,0,0,0,0,0,0,1,9.7,5.1259,High(151-200),0,0,0,0,0,0
M,300.2,310.0,1664,30.7,179,0,0,0,0,0,0,1,9.8,5.3492,High(151-200),0,0,0,0,0,0
L,300.2,310.0,1486,40.1,182,0,0,0,0,0,0,0,9.8,6.2396,High(151-200),0,0,0,0,0,0
L,300.2,310.0,1389,53.6,184,0,0,0,0,0,0,0,9.8,7.7959,High(151-200),0,1,1,1,0,0
L,300.1,310.0,1511,41.7,186,0,0,0,0,0,0,0,9.9,6.5978,High(151-200),0,0,0,0,0,0
M,300.2,310.1,1485,40.5,188,0,0,0,0,0,0,1,9.9,6.2976,High(151-200),0,0,0,0,0,0
L,300.2,310.2,1440,42.9,191,0,0,0,0,0,0,0,10.0,6.4687,High(151-200),0,0,0,0,0,0
L,300.2,310.2,1378,43.9,193,0,0,0,0,0,0,0,10.0,6.3345,High(151-200),0,0,1,0,0,0
M,300.1,310.1,1501,39.3,195,0,0,0,0,0,0,1,10.0,6.1769,High(151-200),0,0,0,0,0,0
M,300.2,310.1,1474,44.0,198,0,0,0,0,0,0,1,9.9,6.7912,High(151-200),0,0,0,0,0,0
L,300.2,310.1,1392,47.9,201,0,0,0,0,0,0,0,9.9,6.9819,Critical(>200),1,1,1,1,0,0
M,300.3,310.2,1429,44.7,203,0,0,0,0,0,0,1,9.9,6.6886,Critical(>200),1,0,0,0,0,0
L,300.3,310.3,1362,60.3,206,1,0,0,0,1,0,0,10.0,8.5999,Critical(>200),1,1,1,1,0,1
L,300.3,310.3,1704,29.5,0,0,0,0,0,0,0,0,10.0,5.2637,Fresh(0-50),0,0,0,0,0,0
L,300.3,310.2,1492,52.3,2,0,0,0,0,0,0,0,9.9,8.1708,Fresh(0-50),0,1,0,0,0,0
M,300.3,310.2,1442,39.5,4,0,0,0,0,0,0,1,9.9,5.9643,Fresh(0-50),0,0,0,0,0,0
M,300.2,310.2,1438,51.5,7,0,0,0,0,0,0,1,10.0,7.7547,Fresh(0-50),0,1,0,0,0,0
M,300.1,310.1,1402,46.6,10,0,0,0,0,0,0,1,10.0,6.8412,Fresh(0-50),0,0,1,0,0,0
L,300.1,310.1,1684,30.8,13,0,0,0,0,0,0,0,10.0,5.4311,Fresh(0-50),0,0,0,0,0,0
L,300.2,310.2,1530,48.5,15,0,0,0,0,0,0,0,10.0,7.7702,Fresh(0-50),0,1,0,0,0,0
L,300.1,310.1,1569,43.5,17,0,0,0,0,0,0,0,10.0,7.1468,Fresh(0-50),0,0,0,0,0,0
L,300.1,310.1,1650,31.6,19,0,0,0,0,0,0,0,10.0,5.4597,Fresh(0-50),0,0,0,0,0,0
L,300.2,310.2,1415,49.6,21,0,0,0,0,0,0,0,10.0,7.3491,Fresh(0-50),0,1,1,1,0,0
L,300.2,310.2,1600,31.5,23,0,0,0,0,0,0,0,10.0,5.2775,Fresh(0-50),0,0,0,0,0,0
L,300.2,310.1,1523,42.3,25,0,0,0,0,0,0,0,9.9,6.7459,Fresh(0-50),0,0,0,0,0,0
M,300.2,310.2,1628,30.3,27,0,0,0,0,0,0,1,10.0,5.1653,Fresh(0-50),0,0,0,0,0,0
L,300.2,310.3,1331,52.1,30,0,0,0,0,0,0,0,10.1,7.2613,Fresh(0-50),0,1,1,1,0,0
L,300.3,310.3,2158,16.8,32,0,0,0,0,0,0,0,10.0,3.7963,Fresh(0-50),0,0,0,0,0,0
L,300.2,310.3,1445,50.9,34,0,0,0,0,0,0,0,10.1,7.7016,Fresh(0-50),0,1,0,0,0,0
M,300.2,310.3,1593,36.1,36,0,0,0,0,0,0,1,10.1,6.0217,Fresh(0-50),0,0,0,0,0,0
L,300.3,310.4,1672,29.2,39,0,0,0,0,0,0,0,10.1,5.1123,Fresh(0-50),0,0,0,0,0,0
M,300.4,310.5,1644,31.4,41,0,0,0,0,0,0,1,10.1,5.4054,Fresh(0-50),0,0,0,0,0,0
L,300.4,310.5,1402,54.3,44,0,0,0,0,0,0,0,10.1,7.9716,Fresh(0-50),0,1,1,1,0,0
L,300.4,310.4,1286,56.8,46,0,0,0,0,0,0,0,10.0,7.6487,Fresh(0-50),0,1,1,1,0,0
L,300.4,310.4,1486,46.3,48,0,0,0,0,0,0,0,10.0,7.2044,Fresh(0-50),0,0,0,0,0,0
L,300.3,310.3,1345,46.3,50,0,0,0,0,0,0,0,10.0,6.5208,Fresh(0-50),0,0,1,0,0,0
L,300.3,310.3,1629,34.1,52,0,0,0,0,0,0,0,10.0,5.8166,Low(51-100),0,0,0,0,0,0
M,300.2,310.2,1429,43.8,54,0,0,0,0,0,0,1,10.0,6.5539,Low(51-100),0,0,0,0,0,0
L,300.1,310.1,1306,64.7,57,0,0,0,0,0,0,0,10.0,8.848,Low(51-100),0,1,1,1,0,0
L,300.1,310.1,1380,52.6,59,0,0,0,0,0,0,0,10.0,7.6008,Low(51-100),0,1,1,1,0,0
M,300.1,310.1,1443,49.3,61,0,0,0,0,0,0,1,10.0,7.4492,Low(51-100),0,1,0,0,0,0
H,300.1,310.1,1426,42.7,64,0,0,0,0,0,0,2,10.0,6.3759,Low(51-100),0,0,0,0,0,0
L,300.0,310.0,1486,41.8,69,0,0,0,0,0,0,0,10.0,6.5042,Low(51-100),0,0,0,0,0,0
M,300.0,309.9,1530,34.5,71,0,0,0,0,0,0,1,9.9,5.5272,Low(51-100),0,0,0,0,0,0
L,300.0,309.9,1507,41.4,74,0,0,0,0,0,0,0,9.9,6.533,Low(51-100),0,0,0,0,0,0
L,300.0,309.9,1608,33.4,76,0,0,0,0,0,0,0,9.9,5.6238,Low(51-100),0,0,0,0,0,0
L,300.0,309.8,1474,40.6,78,0,0,0,0,0,0,0,9.8,6.2664,Low(51-100),0,0,0,0,0,0
L,300.0,309.7,1326,61.9,80,0,0,0,0,0,0,0,9.7,8.5947,Low(51-100),0,1,1,1,0,0
M,299.8,309.6,1434,48.0,82,0,0,0,0,0,0,1,9.8,7.2075,Low(51-100),0,1,0,0,0,0
L,299.8,309.6,1526,41.7,85,0,0,0,0,0,0,0,9.8,6.6633,Low(51-100),0,0,0,0,0,0
L,299.8,309.7,1483,39.6,87,0,0,0,0,0,0,0,9.9,6.1494,Low(51-100),0,0,0,0,0,0
L,299.8,309.7,1457,51.9,89,0,0,0,0,0,0,0,9.9,7.9181,Low(51-100),0,1,0,0,0,0
M,299.7,309.6,1540,34.4,91,0,0,0,0,0,0,1,9.9,5.5472,Low(51-100),0,0,0,0,0,0
L,299.8,309.7,1707,29.1,94,0,0,0,0,0,0,0,9.9,5.2014,Low(51-100),0,0,0,0,0,0
L,299.8,309.7,1624,34.2,96,0,0,0,0,0,0,0,9.9,5.8158,Low(51-100),0,0,0,0,0,0
M,299.8,309.6,1331,50.2,98,0,0,0,0,0,0,1,9.8,6.9965,Low(51-100),0,1,1,1,0,0
L,299.8,309.7,1431,40.3,101,0,0,0,0,0,0,0,9.9,6.0387,Medium(101-150),0,0,0,0,0,0
M,299.8,309.7,1705,28.5,103,0,0,0,0,0,0,1,9.9,5.0882,Medium(101-150),0,0,0,0,0,0
M,299.8,309.8,1427,45.2,106,0,0,0,0,0,0,1,10.0,6.754,Medium(101-150),0,0,0,0,0,0
M,299.9,309.8,1625,41.2,109,0,0,0,0,0,0,1,9.9,7.0105,Medium(101-150),0,0,0,0,0,0
L,299.9,309.8,1477,47.7,112,0,0,0,0,0,0,0,9.9,7.3773,Medium(101-150),0,1,0,0,0,0
M,300.0,309.9,1651,28.1,114,0,0,0,0,0,0,1,9.9,4.8579,Medium(101-150),0,0,0,0,0,0
L,299.9,309.8,1716,28.2,117,0,0,0,0,0,0,0,9.9,5.0671,Medium(101-150),0,0,0,0,0,0
H,299.9,309.8,1400,48.7,119,0,0,0,0,0,0,2,9.9,7.1393,Medium(101-150),0,1,1,1,0,0
M,299.8,309.7,1556,37.7,124,0,0,0,0,0,0,1,9.9,6.1425,Medium(101-150),0,0,0,0,0,0
L,299.8,309.7,1429,42.6,127,0,0,0,0,0,0,0,9.9,6.3744,Medium(101-150),0,0,0,0,0,0
H,299.7,309.6,1433,49.6,129,0,0,0,0,0,0,2,9.9,7.4426,Medium(101-150),0,1,0,0,0,0
M,299.8,309.7,1320,61.7,134,0,0,0,0,0,0,1,9.9,8.5282,Medium(101-150),0,1,1,1,0,0
L,299.8,309.6,1374,51.6,137,0,0,0,0,0,0,0,9.8,7.4239,Medium(101-150),0,1,1,1,0,0
L,299.8,309.6,1598,31.0,139,0,0,0,0,0,0,0,9.8,5.1872,Medium(101-150),0,0,0,0,0,0
M,299.8,309.7,1910,21.8,141,0,0,0,0,0,0,1,9.9,4.36,Medium(101-150),0,0,0,0,0,0
L,299.7,309.6,1399,51.3,144,0,0,0,0,0,0,0,9.9,7.515,Medium(101-150),0,1,1,1,0,0
L,299.7,309.6,1720,27.1,146,0,0,0,0,0,0,0,9.9,4.8808,Medium(101-150),0,0,0,0,0,0
H,299.8,309.7,1368,47.4,148,0,0,0,0,0,0,2,9.9,6.7899,Medium(101-150),0,1,1,1,0,0
L,299.8,309.8,1749,33.4,153,0,0,0,0,0,0,0,10.0,6.1169,High(151-200),0,0,0,0,0,0
L,299.8,309.8,1542,39.4,155,0,0,0,0,0,0,0,10.0,6.3618,High(151-200),0,0,0,0,0,0
L,299.8,309.9,1553,36.6,157,0,0,0,0,0,0,0,10.1,5.9518,High(151-200),0,0,0,0,0,0
M,299.9,309.9,1639,42.1,159,0,0,0,0,0,0,1,10.0,7.2253,High(151-200),0,0,0,0,0,0
L,299.9,310.0,1447,45.9,162,0,0,0,0,0,0,0,10.1,6.9547,High(151-200),0,0,0,0,0,0
M,299.8,310.0,1397,48.1,164,0,0,0,0,0,0,1,10.2,7.0362,High(151-200),0,1,1,1,0,0
L,299.8,310.0,1361,53.8,167,0,0,0,0,0,0,0,10.2,7.6672,High(151-200),0,1,1,1,0,0
M,299.8,310.0,1460,37.1,169,0,0,0,0,0,0,1,10.2,5.6718,High(151-200),0,0,0,0,0,0
M,299.8,310.0,1632,33.7,172,0,0,0,0,0,0,1,10.2,5.759,High(151-200),0,0,0,0,0,0
L,299.8,310.0,1697,36.0,175,0,0,0,0,0,0,0,10.2,6.3971,High(151-200),0,0,0,0,0,0
L,299.8,310.1,1553,42.0,177,0,0,0,0,0,0,0,10.3,6.8299,High(151-200),0,0,0,0,0,0
M,299.9,310.1,1362,56.3,179,0,0,0,0,0,0,1,10.2,8.0294,High(151-200),0,1,1,1,0,0
M,299.9,310.0,1484,42.1,182,0,0,0,0,0,0,1,10.1,6.542,High(151-200),0,0,0,0,0,0
H,299.9,310.1,1447,51.4,185,0,0,0,0,0,0,2,10.2,7.788,High(151-200),0,1,0,0,0,0
M,300.0,310.2,1393,51.2,190,0,0,0,0,0,0,1,10.2,7.4682,High(151-200),0,1,1,1,0,0
L,300.0,310.2,1760,26.9,193,0,0,0,0,0,0,0,10.2,4.9575,High(151-200),0,0,0,0,0,0
L,300.0,310.1,1477,34.6,195,0,0,0,0,0,0,0,10.1,5.3512,High(151-200),0,0,0,0,0,0
L,299.9,310.1,1681,29.1,197,0,0,0,0,0,0,0,10.2,5.1222,High(151-200),0,0,0,0,0,0
M,300.0,310.1,1314,53.5,199,0,0,0,0,0,0,1,10.1,7.3612,High(151-200),0,1,1,1,0,0
L,300.0,310.1,1762,28.0,202,0,0,0,0,0,0,0,10.1,5.1661,Critical(>200),1,0,0,0,0,0
L,299.9,310.0,1402,44.7,204,0,0,0,0,0,0,0,10.1,6.5622,Critical(>200),1,0,1,0,0,0
M,300.1,310.2,1429,42.0,206,0,0,0,0,0,0,1,10.1,6.2846,Critical(>200),1,0,0,0,0,0
M,300.2,310.3,1448,40.1,209,0,0,0,0,0,0,1,10.1,6.0801,Critical(>200),1,0,0,0,0,0
H,300.2,310.4,1501,42.9,212,0,0,0,0,0,0,2,10.2,6.7427,Critical(>200),1,0,0,0,0,0
L,300.3,310.5,1522,39.1,217,0,0,0,0,0,0,0,10.2,6.2314,Critical(>200),1,0,0,0,0,0
L,300.3,310.4,1493,37.5,219,0,0,0,0,0,0,0,10.1,5.8626,Critical(>200),1,0,0,0,0,0
M,300.2,310.3,1704,29.4,221,0,0,0,0,0,0,1,10.1,5.2458,Critical(>200),1,0,0,0,0,0
H,300.2,310.3,1408,42.5,0,0,0,0,0,0,0,2,10.1,6.266,Fresh(0-50),0,0,1,0,0,0
L,300.2,310.4,1518,41.8,5,0,0,0,0,0,0,0,10.2,6.6442,Fresh(0-50),0,0,0,0,0,0
L,300.3,310.4,1742,25.9,7,0,0,0,0,0,0,0,10.1,4.7244,Fresh(0-50),0,0,0,0,0,0
M,300.4,310.5,1500,43.0,9,0,0,0,0,0,0,1,10.1,6.7539,Fresh(0-50),0,0,0,0,0,0
L,300.4,310.5,2424,14.5,12,0,0,0,0,0,0,0,10.1,3.6804,Fresh(0-50),0,0,0,0,0,0
L,300.4,310.5,1818,25.1,14,0,0,0,0,0,0,0,10.1,4.7782,Fresh(0-50),0,0,0,0,0,0
M,300.4,310.6,1545,35.6,16,0,0,0,0,0,0,1,10.2,5.7594,Fresh(0-50),0,0,0,0,0,0
L,300.4,310.6,1429,46.9,19,0,0,0,0,0,0,0,10.2,7.0178,Fresh(0-50),0,1,0,0,0,0
M,300.4,310.6,1448,44.9,21,0,0,0,0,0,0,1,10.2,6.8079,Fresh(0-50),0,0,0,0,0,0
L,300.4,310.6,1384,48.7,24,0,0,0,0,0,0,0,10.2,7.0577,Fresh(0-50),0,1,1,1,0,0
L,300.4,310.5,1578,32.8,26,0,0,0,0,0,0,0,10.1,5.4197,Fresh(0-50),0,0,0,0,0,0
L,300.5,310.5,1695,26.7,28,0,0,0,0,0,0,0,10.0,4.7389,Fresh(0-50),0,0,0,0,0,0
L,300.5,310.6,1543,36.2,30,0,0,0,0,0,0,0,10.1,5.8489,Fresh(0-50),0,0,0,0,0,0
M,300.4,310.5,1540,33.4,32,0,0,0,0,0,0,1,10.1,5.386,Fresh(0-50),0,0,0,0,0,0
L,300.2,310.4,1808,25.8,35,0,0,0,0,0,0,0,10.2,4.8844,Fresh(0-50),0,0,0,0,0,0
M,300.3,310.4,1293,49.7,37,0,0,0,0,0,0,1,10.1,6.729,Fresh(0-50),0,1,1,1,0,0
L,300.2,310.3,1202,59.5,40,0,0,0,0,0,0,0,10.1,7.4889,Fresh(0-50),0,1,1,1,0,0
M,300.2,310.3,1704,29.2,42,0,0,0,0,0,0,1,10.1,5.2101,Fresh(0-50),0,0,0,0,0,0
M,300.2,310.3,1478,38.1,45,0,0,0,0,0,0,1,10.1,5.8965,Fresh(0-50),0,0,0,0,0,0
L,300.2,310.3,1514,38.7,48,0,0,0,0,0,0,0,10.1,6.1353,Fresh(0-50),0,0,0,0,0,0
M,300.1,310.3,1350,48.8,50,0,0,0,0,0,0,1,10.2,6.8984,Fresh(0-50),0,1,1,1,0,0
L,300.1,310.2,1475,54.2,53,0,0,0,0,0,0,0,10.1,8.3712,Low(51-100),0,1,0,0,0,0
H,300.0,310.1,1714,28.7,55,0,0,0,0,0,0,2,10.1,5.151,Low(51-100),0,0,0,0,0,0
L,300.0,310.1,1465,40.9,60,0,0,0,0,0,0,0,10.1,6.2742,Low(51-100),0,0,0,0,0,0
L,299.9,310.2,1288,69.6,62,1,0,0,1,0,0,0,10.3,9.3869,Low(51-100),0,1,1,1,0,1
L,300.0,310.2,1675,29.7,64,0,0,0,0,0,0,0,10.2,5.2092,Low(51-100),0,0,0,0,0,0
L,300.0,310.2,1486,36.4,66,0,0,0,0,0,0,0,10.2,5.6639,Low(51-100),0,0,0,0,0,0
M,300.0,310.2,1443,58.7,68,0,0,0,0,0,0,1,10.2,8.8695,Low(51-100),0,1,0,0,0,0
M,300.1,310.3,1345,57.1,71,0,0,0,0,0,0,1,10.2,8.0418,Low(51-100),0,1,1,1,0,0
M,300.2,310.4,1202,61.7,74,0,0,0,0,0,0,1,10.2,7.7658,Low(51-100),0,1,1,1,0,0
M,300.1,310.4,1480,37.1,77,0,0,0,0,0,0,1,10.3,5.7495,Low(51-100),0,0,0,0,0,0
M,300.2,310.4,1530,35.7,80,0,0,0,0,0,0,1,10.2,5.7195,Low(51-100),0,0,0,0,0,0
M,300.2,310.6,1983,20.8,83,0,0,0,0,0,0,1,10.4,4.319,Low(51-100),0,0,0,0,0,0
L,300.3,310.6,1433,53.8,86,0,0,0,0,0,0,0,10.3,8.0728,Low(51-100),0,1,0,0,0,0
L,300.3,310.6,1806,24.4,88,0,0,0,0,0,0,0,10.3,4.6143,Low(51-100),0,0,0,0,0,0
L,300.2,310.5,1416,46.7,90,0,0,0,0,0,0,0,10.3,6.9243,Low(51-100),0,0,1,0,0,0
M,300.1,310.4,1556,38.1,92,0,0,0,0,0,0,1,10.3,6.2077,Low(51-100),0,0,0,0,0,0
L,300.1,310.5,1627,29.2,95,0,0,0,0,0,0,0,10.4,4.9747,Low(51-100),0,0,0,0,0,0
L,300.1,310.6,1809,24.3,97,0,0,0,0,0,0,0,10.5,4.603,Low(51-100),0,0,0,0,0,0
M,300.1,310.5,1329,57.4,99,0,0,0,0,0,0,1,10.4,7.9879,Low(51-100),0,1,1,1,0,0
H,300.0,310.4,1881,21.9,102,0,0,0,0,0,0,2,10.4,4.3135,Medium(101-150),0,0,0,0,0,0
L,300.1,310.5,1500,39.8,107,0,0,0,0,0,0,0,10.4,6.2513,Medium(101-150),0,0,0,0,0,0
L,300.1,310.5,1532,36.0,109,0,0,0,0,0,0,0,10.4,5.7751,Medium(101-150),0,0,0,0,0,0
L,300.1,310.5,1492,50.9,111,0,0,0,0,0,0,0,10.4,7.9521,Medium(101-150),0,1,0,0,0,0
L,300.2,310.6,1431,42.3,113,0,0,0,0,0,0,0,10.4,6.3384,Medium(101-150),0,0,0,0,0,0
L,300.1,310.4,1554,39.4,115,0,0,0,0,0,0,0,10.3,6.4113,Medium(101-150),0,0,0,0,0,0
L,300.1,310.5,1494,44.2,117,0,0,0,0,0,0,0,10.4,6.9146,Medium(101-150),0,0,0,0,0,0
L,300.1,310.6,1374,45.4,119,0,0,0,0,0,0,0,10.5,6.5319,Medium(101-150),0,0,1,0,0,0
L,300.1,310.5,1394,44.3,121,0,0,0,0,0,0,0,10.4,6.4664,Medium(101-150),0,0,1,0,0,0
M,300.0,310.5,1790,25.7,123,0,0,0,0,0,0,1,10.5,4.8171,Medium(101-150),0,0,0,0,0,0
L,300.1,310.5,1356,45.8,126,0,0,0,0,0,0,0,10.4,6.5031,Medium(101-150),0,0,1,0,0,0
M,300.0,310.4,1385,52.1,128,0,0,0,0,0,0,1,10.4,7.5559,Medium(101-150),0,1,1,1,0,0
L,300.0,310.4,1333,49.1,131,0,0,0,0,0,0,0,10.4,6.8534,Medium(101-150),0,1,1,1,0,0
L,300.0,310.4,1505,44.9,133,0,0,0,0,0,0,0,10.4,7.0759,Medium(101-150),0,0,0,0,0,0
L,300.0,310.5,1606,33.5,135,0,0,0,0,0,0,0,10.5,5.6336,Medium(101-150),0,0,0,0,0,0
H,300.0,310.5,1558,36.7,137,0,0,0,0,0,0,2,10.5,5.9873,Medium(101-150),0,0,0,0,0,0
L,300.0,310.5,1412,52.4,142,0,0,0,0,0,0,0,10.5,7.7475,Medium(101-150),0,1,1,1,0,0
L,299.9,310.4,1408,38.4,144,0,0,0,0,0,0,0,10.5,5.6615,Medium(101-150),0,0,1,0,0,0
L,299.9,310.3,1268,53.3,146,0,0,0,0,0,0,0,10.4,7.0769,Medium(101-150),0,1,1,1,0,0
L,299.9,310.4,1470,50.0,148,0,0,0,0,0,0,0,10.5,7.6963,Medium(101-150),0,1,0,0,0,0
L,299.9,310.4,1497,47.0,150,0,0,0,0,0,0,0,10.5,7.3674,Medium(101-150),0,1,0,0,0,0
L,299.9,310.3,1638,29.1,152,0,0,0,0,0,0,0,10.4,4.9912,High(151-200),0,0,0,0,0,0
H,299.9,310.3,1535,43.9,154,0,0,0,0,0,0,2,10.4,7.0562,High(151-200),0,0,0,0,0,0
L,299.8,310.2,1654,32.7,159,0,0,0,0,0,0,0,10.4,5.6634,High(151-200),0,0,0,0,0,0
H,299.8,310.2,1411,49.7,161,0,0,0,0,0,0,2,10.4,7.3431,High(151-200),0,1,1,1,0,0
L,299.8,310.2,1911,23.5,166,0,0,0,0,0,0,0,10.4,4.7025,High(151-200),0,0,0,0,0,0
H,299.8,310.2,1573,33.3,168,0,0,0,0,0,0,2,10.4,5.4849,High(151-200),0,0,0,0,0,0
L,299.9,310.2,1479,46.3,173,0,0,0,0,0,0,0,10.3,7.1704,High(151-200),0,0,0,0,0,0
M,299.9,310.4,1820,26.6,175,0,0,0,0,0,0,1,10.5,5.0693,High(151-200),0,0,0,0,0,0
L,299.9,310.4,1419,45.7,178,0,0,0,0,0,0,0,10.5,6.7904,High(151-200),0,0,1,0,0,0
M,299.9,310.5,1335,52.9,180,0,0,0,0,0,0,1,10.6,7.3949,High(151-200),0,1,1,1,0,0
M,299.9,310.5,1576,39.4,183,0,0,0,0,0,0,1,10.6,6.502,High(151-200),0,0,0,0,0,0
L,300.0,310.5,1517,42.2,186,0,0,0,0,0,0,0,10.5,6.7034,High(151-200),0,0,0,0,0,0
M,299.9,310.4,1576,34.3,188,0,0,0,0,0,0,1,10.5,5.6604,High(151-200),0,0,0,0,0,0
H,299.8,310.2,1537,36.6,191,0,0,0,0,0,0,2,10.4,5.8905,High(151-200),0,0,0,0,0,0
L,299.8,310.3,1524,34.2,196,0,0,0,0,0,0,0,10.5,5.4577,High(151-200),0,0,0,0,0,0
M,299.8,310.3,1805,23.7,198,0,0,0,0,0,0,1,10.5,4.4794,High(151-200),0,0,0,0,0,0
M,299.9,310.4,1367,53.3,201,0,0,0,0,0,0,1,10.5,7.6294,Critical(>200),1,1,1,1,0,0
L,299.8,310.4,1694,30.3,204,0,0,0,0,0,0,0,10.6,5.3747,Critical(>200),1,0,0,0,0,0
L,299.9,310.4,1328,49.9,206,0,0,0,0,0,0,0,10.5,6.939,Critical(>200),1,1,1,1,0,0
H,299.9,310.5,1549,42.8,208,0,0,0,0,0,0,2,10.6,6.9421,Critical(>200),1,0,0,0,0,0
L,299.9,310.5,1539,32.8,213,0,0,0,0,0,0,0,10.6,5.2858,Critical(>200),1,0,0,0,0,0
L,299.8,310.5,1496,38.8,215,0,0,0,0,0,0,0,10.7,6.078,Critical(>200),1,0,0,0,0,0
L,299.8,310.4,1579,36.4,0,0,0,0,0,0,0,0,10.6,6.0184,Fresh(0-50),0,0,0,0,0,0
L,299.7,310.3,1386,46.6,2,0,0,0,0,0,0,0,10.6,6.7631,Fresh(0-50),0,0,1,0,0,0
L,299.7,310.3,1505,37.7,4,0,0,0,0,0,0,0,10.6,5.9412,Fresh(0-50),0,0,0,0,0,0
M,299.7,310.3,1661,34.5,6,0,0,0,0,0,0,1,10.6,6.0005,Fresh(0-50),0,0,0,0,0,0
L,299.6,310.2,1468,48.0,9,0,0,0,0,0,0,0,10.6,7.3784,Fresh(0-50),0,1,0,0,0,0
L,299.6,310.1,1384,49.8,11,0,0,0,0,0,0,0,10.5,7.2171,Fresh(0-50),0,1,1,1,0,0
L,299.6,310.2,1381,60.5,13,0,0,0,0,0,0,0,10.6,8.7487,Fresh(0-50),0,1,1,1,0,0
L,299.6,310.2,1469,47.0,15,0,0,0,0,0,0,0,10.6,7.2296,Fresh(0-50),0,1,0,0,0,0
L,299.6,310.2,1627,36.6,17,0,0,0,0,0,0,0,10.6,6.2354,Fresh(0-50),0,0,0,0,0,0
H,299.7,310.3,1462,40.4,19,0,0,0,0,0,0,2,10.6,6.1848,Fresh(0-50),0,0,0,0,0,0
L,299.7,310.2,1633,36.5,24,0,0,0,0,0,0,0,10.5,6.2413,Fresh(0-50),0,0,0,0,0,0
L,299.7,310.2,1469,39.5,26,0,0,0,0,0,0,0,10.5,6.076,Fresh(0-50),0,0,0,0,0,0
L,299.7,310.2,1458,43.4,28,0,0,0,0,0,0,0,10.5,6.6259,Fresh(0-50),0,0,0,0,0,0
M,299.7,310.2,1440,42.8,30,0,0,0,0,0,0,1,10.5,6.4536,Fresh(0-50),0,0,0,0,0,0
L,299.8,310.3,1687,30.4,33,0,0,0,0,0,0,0,10.5,5.3701,Fresh(0-50),0,0,0,0,0,0
M,299.7,310.3,1429,47.7,35,0,0,0,0,0,0,1,10.6,7.1375,Fresh(0-50),0,1,0,0,0,0
L,299.6,310.2,1588,34.1,38,0,0,0,0,0,0,0,10.6,5.6702,Fresh(0-50),0,0,0,0,0,0
L,299.6,310.2,1333,51.2,40,0,0,0,0,0,0,0,10.6,7.1466,Fresh(0-50),0,1,1,1,0,0
L,299.6,310.1,1487,42.9,42,0,0,0,0,0,0,0,10.5,6.6798,Fresh(0-50),0,0,0,0,0,0
M,299.5,310.1,1659,31.5,44,0,0,0,0,0,0,1,10.6,5.4721,Fresh(0-50),0,0,0,0,0,0
M,299.4,310.0,1512,43.2,47,0,0,0,0,0,0,1,10.6,6.8396,Fresh(0-50),0,0,0,0,0,0
L,299.5,310.1,1585,35.2,50,0,0,0,0,0,0,0,10.6,5.8421,Fresh(0-50),0,0,0,0,0,0
L,299.5,310.0,1502,38.5,52,0,0,0,0,0,0,0,10.5,6.0552,Low(51-100),0,0,0,0,0,0
L,299.5,310.0,1594,35.1,54,0,0,0,0,0,0,0,10.5,5.8586,Low(51-100),0,0,0,0,0,0
L,299.5,310.0,1412,48.9,56,0,0,0,0,0,0,0,10.5,7.23,Low(51-100),0,1,1,1,0,0
L,299.5,309.9,1402,51.7,58,0,0,0,0,0,0,0,10.4,7.5899,Low(51-100),0,1,1,1,0,0
L,299.6,310.1,2057,20.4,60,0,0,0,0,0,0,0,10.5,4.394,Low(51-100),0,0,0,0,0,0
H,299.6,310.1,1531,36.8,62,0,0,0,0,0,0,2,10.5,5.8996,Low(51-100),0,0,0,0,0,0
M,299.5,310.1,1359,61.1,67,0,0,0,0,0,0,1,10.6,8.6948,Low(51-100),0,1,1,1,0,0
M,299.6,310.2,1620,30.0,70,0,0,0,0,0,0,1,10.6,5.089,Low(51-100),0,0,0,0,0,0
M,299.6,310.1,1646,29.6,73,0,0,0,0,0,0,1,10.5,5.1017,Low(51-100),0,0,0,0,0,0
M,299.6,310.1,1455,46.1,76,0,0,0,0,0,0,1,10.5,7.0236,Low(51-100),0,0,0,0,0,0
L,299.6,310.2,1512,44.0,79,0,0,0,0,0,0,0,10.6,6.9663,Low(51-100),0,0,0,0,0,0
L,299.6,310.2,1473,42.7,81,0,0,0,0,0,0,0,10.6,6.5861,Low(51-100),0,0,0,0,0,0
L,299.6,310.1,1553,38.0,83,0,0,0,0,0,0,0,10.5,6.1795,Low(51-100),0,0,0,0,0,0
L,299.5,310.0,1379,50.4,85,0,0,0,0,0,0,0,10.5,7.2777,Low(51-100),0,1,1,1,0,0
M,299.4,309.9,1567,40.6,87,0,0,0,0,0,0,1,10.5,6.6618,Low(51-100),0,0,0,0,0,0
L,299.5,310.0,1481,43.1,90,0,0,0,0,0,0,0,10.5,6.6839,Low(51-100),0,0,0,0,0,0
L,299.5,310.0,1349,52.7,92,0,0,0,0,0,0,0,10.5,7.4442,Low(51-100),0,1,1,1,0,0
L,299.5,310.0,1388,52.4,94,0,0,0,0,0,0,0,10.5,7.6158,Low(51-100),0,1,1,1,0,0
M,299.6,310.1,1357,48.7,96,0,0,0,0,0,0,1,10.5,6.92,Low(51-100),0,1,1,1,0,0
L,299.6,310.2,1743,24.8,99,0,0,0,0,0,0,0,10.6,4.5263,Low(51-100),0,0,0,0,0,0
L,299.7,310.3,1495,43.1,101,0,0,0,0,0,0,0,10.6,6.7471,Medium(101-150),0,0,0,0,0,0
L,299.8,310.4,1698,28.3,103,0,0,0,0,0,0,0,10.6,5.0318,Medium(101-150),0,0,0,0,0,0
M,299.7,310.4,1410,44.5,105,0,0,0,0,0,0,1,10.7,6.5702,Medium(101-150),0,0,1,0,0,0
L,299.7,310.4,1614,36.2,108,0,0,0,0,0,0,0,10.7,6.118,Medium(101-150),0,0,0,0,0,0
M,299.8,310.5,1375,53.9,110,0,0,0,0,0,0,1,10.7,7.7605,Medium(101-150),0,1,1,1,0,0
M,299.8,310.6,1574,31.8,113,0,0,0,0,0,0,1,10.8,5.2412,Medium(101-150),0,0,0,0,0,0
H,299.8,310.6,1423,44.6,116,0,0,0,0,0,0,2,10.8,6.6456,Medium(101-150),0,0,0,0,0,0
M,299.8,310.6,1694,31.3,121,0,0,0,0,0,0,1,10.8,5.5521,Medium(101-150),0,0,0,0,0,0
L,299.8,310.6,1707,32.5,124,0,0,0,0,0,0,0,10.8,5.8092,Medium(101-150),0,0,0,0,0,0
M,299.7,310.5,1490,41.2,126,0,0,0,0,0,0,1,10.8,6.4281,Medium(101-150),0,0,0,0,0,0
L,299.7,310.6,1675,31.3,129,0,0,0,0,0,0,0,10.9,5.4898,Medium(101-150),0,0,0,0,0,0
M,299.7,310.5,1492,39.3,131,0,0,0,0,0,0,1,10.8,6.1399,Medium(101-150),0,0,0,0,0,0
M,299.7,310.5,1594,35.4,134,0,0,0,0,0,0,1,10.8,5.9086,Medium(101-150),0,0,0,0,0,0
L,299.7,310.6,1479,38.0,137,0,0,0,0,0,0,0,10.9,5.885,Medium(101-150),0,0,0,0,0,0
M,299.7,310.6,1572,38.0,139,0,0,0,0,0,0,1,10.9,6.2551,Medium(101-150),0,0,0,0,0,0
L,299.7,310.6,1616,35.1,142,0,0,0,0,0,0,0,10.9,5.9394,Medium(101-150),0,0,0,0,0,0
L,299.7,310.6,1737,26.1,144,0,0,0,0,0,0,0,10.9,4.7472,Medium(101-150),0,0,0,0,0,0
M,299.7,310.7,1498,37.8,146,0,0,0,0,0,0,1,11.0,5.9293,Medium(101-150),0,0,0,0,0,0
L,299.6,310.6,1642,35.1,149,0,0,0,0,0,0,0,11.0,6.035,Medium(101-150),0,0,0,0,0,0
M,299.6,310.6,1633,34.2,151,0,0,0,0,0,0,1,11.0,5.848,High(151-200),0,0,0,0,0,0
L,299.8,310.8,1409,51.9,154,0,0,0,0,0,0,0,11.0,7.6573,High(151-200),0,1,1,1,0,0
M,299.8,310.8,1463,43.5,156,0,0,0,0,0,0,1,11.0,6.6639,High(151-200),0,0,0,0,0,0
L,299.8,310.8,1376,48.6,159,0,0,0,0,0,0,0,11.0,7.0025,High(151-200),0,1,1,1,0,0
L,299.8,310.8,1553,32.2,161,0,0,0,0,0,0,0,11.0,5.2363,High(151-200),0,0,0,0,0,0
M,299.8,310.8,1530,35.2,163,0,0,0,0,0,0,1,11.0,5.6394,High(151-200),0,0,0,0,0,0
L,299.8,310.9,1545,40.7,166,0,0,0,0,0,0,0,11.1,6.5845,High(151-200),0,0,0,0,0,0
H,299.8,310.9,1427,47.2,168,0,0,0,0,0,0,2,11.1,7.0528,High(151-200),0,1,0,0,0,0
L,299.9,310.9,1292,51.1,173,0,0,0,0,0,0,0,11.0,6.9132,High(151-200),0,1,1,1,0,0
L,299.8,310.9,2084,17.6,175,0,0,0,0,0,0,0,11.1,3.8407,High(151-200),0,0,0,0,0,0
L,299.9,311.0,1747,27.6,177,0,0,0,0,0,0,0,11.1,5.0489,High(151-200),0,0,0,0,0,0
L,300.0,311.1,1425,47.8,179,0,0,0,0,0,0,0,11.1,7.1325,High(151-200),0,1,0,0,0,0
L,300.0,311.0,1637,33.6,181,0,0,0,0,0,0,0,11.0,5.7595,High(151-200),0,0,0,0,0,0
M,300.1,311.1,1616,35.2,183,0,0,0,0,0,0,1,11.0,5.9564,High(151-200),0,0,0,0,0,0
L,300.1,311.1,1619,33.4,186,0,0,0,0,0,0,0,11.0,5.6623,High(151-200),0,0,0,0,0,0
L,300.1,311.2,1489,39.1,188,0,0,0,0,0,0,0,11.1,6.0963,High(151-200),0,0,0,0,0,0
M,300.1,311.2,1452,42.4,190,0,0,0,0,0,0,1,11.1,6.4466,High(151-200),0,0,0,0,0,0
M,300.1,311.3,1495,41.0,193,0,0,0,0,0,0,1,11.2,6.4183,High(151-200),0,0,0,0,0,0
M,300.2,311.4,1427,39.7,196,0,0,0,0,0,0,1,11.2,5.9321,High(151-200),0,0,0,0,0,0
L,300.1,311.4,1572,36.2,199,0,0,0,0,0,0,0,11.3,5.9588,High(151-200),0,0,0,0,0,0
L,300.1,311.3,1547,40.0,201,0,0,0,0,0,0,0,11.2,6.4796,Critical(>200),1,0,0,0,0,0
M,300.1,311.4,1342,48.5,203,0,0,0,0,0,0,1,11.3,6.8154,Critical(>200),1,1,1,1,0,0
L,300.0,311.2,1351,44.1,206,0,0,0,0,0,0,0,11.2,6.2386,Critical(>200),1,0,1,0,0,0
L,300.0,311.3,1407,47.3,208,0,0,0,0,0,0,0,11.3,6.9687,Critical(>200),1,1,1,1,0,0
M,300.1,311.4,1575,29.8,210,0,0,0,0,0,0,1,11.3,4.9147,Critical(>200),1,0,0,0,0,0
M,300.0,311.4,1791,24.1,213,0,0,0,0,0,0,1,11.4,4.5197,Critical(>200),1,0,0,0,0,0
M,300.0,311.4,1692,29.0,216,1,1,0,0,0,0,1,11.4,5.138,Critical(>200),1,0,0,0,0,1
L,300.0,311.4,1634,31.9,0,0,0,0,0,0,0,0,11.4,5.4581,Fresh(0-50),0,0,0,0,0,0
M,300.0,311.4,1864,23.3,2,0,0,0,0,0,0,1,11.4,4.5478,Fresh(0-50),0,0,0,0,0,0
L,300.0,311.4,1590,33.6,5,0,0,0,0,0,0,0,11.4,5.5941,Fresh(0-50),0,0,0,0,0,0
M,300.0,311.4,1384,46.1,7,0,0,0,0,0,0,1,11.4,6.6809,Fresh(0-50),0,0,1,0,0,0
M,300.0,311.4,1352,61.8,10,0,0,0,0,0,0,1,11.4,8.7491,Fresh(0-50),0,1,1,1,0,0
L,300.1,311.4,1484,43.1,13,0,0,0,0,0,0,0,11.3,6.6974,Fresh(0-50),0,0,0,0,0,0
M,300.1,311.4,1913,21.9,15,0,0,0,0,0,0,1,11.3,4.3869,Fresh(0-50),0,0,0,0,0,0
L,300.0,311.4,1508,38.2,18,0,0,0,0,0,0,0,11.4,6.032,Fresh(0-50),0,0,0,0,0,0
L,299.9,311.3,1504,40.7,20,0,0,0,0,0,0,0,11.4,6.4097,Fresh(0-50),0,0,0,0,0,0
L,300.0,311.4,1487,41.2,22,0,0,0,0,0,0,0,11.4,6.4151,Fresh(0-50),0,0,0,0,0,0
L,299.8,311.3,1727,30.0,24,0,0,0,0,0,0,0,11.5,5.4251,Fresh(0-50),0,0,0,0,0,0
L,299.9,311.3,1647,27.5,26,0,0,0,0,0,0,0,11.4,4.7427,Fresh(0-50),0,0,0,0,0,0
L,300.0,311.3,1493,41.4,28,0,0,0,0,0,0,0,11.3,6.4723,Fresh(0-50),0,0,0,0,0,0
L,300.0,311.4,1655,29.6,30,0,0,0,0,0,0,0,11.4,5.1296,Fresh(0-50),0,0,0,0,0,0
M,299.9,311.4,1337,54.8,32,0,0,0,0,0,0,1,11.5,7.672,Fresh(0-50),0,1,1,1,0,0
L,300.0,311.5,1601,36.9,35,0,0,0,0,0,0,0,11.5,6.1861,Fresh(0-50),0,0,0,0,0,0
H,300.1,311.6,1589,37.9,37,0,0,0,0,0,0,2,11.5,6.3061,Fresh(0-50),0,0,0,0,0,0
L,300.2,311.7,1286,55.1,42,0,0,0,0,0,0,0,11.5,7.4197,Fresh(0-50),0,1,1,1,0,0
L,300.2,311.7,1553,41.3,44,0,0,0,0,0,0,0,11.5,6.7161,Fresh(0-50),0,0,0,0,0,0
L,300.2,311.8,1379,51.0,46,0,0,0,0,0,0,0,11.6,7.3643,Fresh(0-50),0,1,1,1,0,0
M,300.3,311.9,1677,30.8,48,0,0,0,0,0,0,1,11.6,5.4085,Fresh(0-50),0,0,0,0,0,0
L,300.3,311.8,1488,38.4,51,0,0,0,0,0,0,0,11.5,5.9832,Low(51-100),0,0,0,0,0,0
L,300.3,311.8,1418,45.9,53,0,0,0,0,0,0,0,11.5,6.8153,Low(51-100),0,0,1,0,0,0
L,300.3,311.8,1451,41.0,55,0,0,0,0,0,0,0,11.5,6.2294,Low(51-100),0,0,0,0,0,0
L,300.3,311.8,1508,43.1,57,0,0,0,0,0,0,0,11.5,6.8057,Low(51-100),0,0,0,0,0,0
L,300.3,311.7,1579,33.6,59,0,0,0,0,0,0,0,11.4,5.5554,Low(51-100),0,0,0,0,0,0
H,300.3,311.7,1432,47.7,61,0,0,0,0,0,0,2,11.4,7.1525,Low(51-100),0,1,0,0,0,0
L,300.2,311.6,1446,47.3,66,0,0,0,0,0,0,0,11.4,7.1619,Low(51-100),0,1,0,0,0,0
M,300.2,311.7,1597,39.5,68,0,0,0,0,0,0,1,11.5,6.6054,Low(51-100),0,0,0,0,0,0
M,300.2,311.7,1397,50.2,71,0,0,0,0,0,0,1,11.5,7.3434,Low(51-100),0,1,1,1,0,0
L,300.1,311.6,1530,36.6,74,0,0,0,0,0,0,0,11.5,5.8637,Low(51-100),0,0,0,0,0,0
M,300.1,311.6,1433,51.4,76,0,0,0,0,0,0,1,11.5,7.7127,Low(51-100),0,1,0,0,0,0
L,300.0,311.5,1591,32.0,79,0,0,0,0,0,0,0,11.5,5.3311,Low(51-100),0,0,0,0,0,0
L,300.0,311.5,1445,41.6,81,0,0,0,0,0,0,0,11.5,6.2945,Low(51-100),0,0,0,0,0,0
L,300.0,311.5,1749,28.3,83,0,0,0,0,0,0,0,11.5,5.1829,Low(51-100),0,0,0,0,0,0
L,300.0,311.3,1703,30.4,85,0,0,0,0,0,0,0,11.3,5.4211,Low(51-100),0,0,0,0,0,0
H,300.1,311.4,1518,46.9,87,0,0,0,0,0,0,2,11.3,7.4549,Low(51-100),0,1,0,0,0,0
L,300.1,311.3,1535,42.3,92,0,0,0,0,0,0,0,11.2,6.799,Low(51-100),0,0,0,0,0,0
M,300.1,311.4,1390,52.1,94,0,0,0,0,0,0,1,11.3,7.5831,Low(51-100),0,1,1,1,0,0
H,300.3,311.6,1801,23.6,97,0,0,0,0,0,0,2,11.3,4.4506,Low(51-100),0,0,0,0,0,0
H,300.3,311.6,1463,41.6,102,0,0,0,0,0,0,2,11.3,6.3729,Medium(101-150),0,0,0,0,0,0
L,300.3,311.6,1560,37.7,107,0,0,0,0,0,0,0,11.3,6.1583,Medium(101-150),0,0,0,0,0,0
L,300.3,311.6,1607,33.5,109,0,0,0,0,0,0,0,11.3,5.6371,Medium(101-150),0,0,0,0,0,0
L,300.4,311.6,1332,54.6,111,0,0,0,0,0,0,0,11.2,7.6154,Medium(101-150),0,1,1,1,0,0
L,300.3,311.7,1365,53.3,113,0,0,0,0,0,0,0,11.4,7.6183,Medium(101-150),0,1,1,1,0,0
M,300.3,311.6,1617,32.5,115,0,0,0,0,0,0,1,11.3,5.5029,Medium(101-150),0,0,0,0,0,0
M,300.3,311.6,1304,62.8,118,0,0,0,0,0,0,1,11.3,8.575,Medium(101-150),0,1,1,1,0,0
L,300.3,311.7,1989,22.3,121,0,0,0,0,0,0,0,11.4,4.6445,Medium(101-150),0,0,0,0,0,0
H,300.3,311.6,1339,53.4,123,0,0,0,0,0,0,2,11.3,7.4872,Medium(101-150),0,1,1,1,0,0
L,300.2,311.5,1492,41.8,128,0,0,0,0,0,0,0,11.3,6.5304,Medium(101-150),0,0,0,0,0,0
M,300.1,311.3,1518,40.2,130,0,0,0,0,0,0,1,11.2,6.3899,Medium(101-150),0,0,0,0,0,0
L,300.1,311.3,1479,39.5,133,0,0,0,0,0,0,0,11.2,6.1173,Medium(101-150),0,0,0,0,0,0
M,300.1,311.3,1523,34.1,135,0,0,0,0,0,0,1,11.2,5.4381,Medium(101-150),0,0,0,0,0,0
M,300.2,311.4,1570,35.3,138,0,0,0,0,0,0,1,11.2,5.8032,Medium(101-150),0,0,0,0,0,0
H,300.2,311.4,1506,36.1,141,0,0,0,0,0,0,2,11.2,5.6928,Medium(101-150),0,0,0,0,0,0
M,300.2,311.6,1510,47.5,146,0,0,0,0,0,0,1,11.4,7.5105,Medium(101-150),0,1,0,0,0,0
L,300.2,311.6,1671,28.8,149,0,0,0,0,0,0,0,11.4,5.0392,Medium(101-150),0,0,0,0,0,0
M,300.3,311.6,1312,53.4,151,0,0,0,0,0,0,1,11.3,7.3362,High(151-200),0,1,1,1,0,0
L,300.3,311.6,1595,38.8,154,0,0,0,0,0,0,0,11.3,6.4802,High(151-200),0,0,0,0,0,0
L,300.3,311.7,1635,31.8,156,0,0,0,0,0,0,0,11.4,5.4443,High(151-200),0,0,0,0,0,0
L,300.3,311.7,1707,33.6,158,0,0,0,0,0,0,0,11.4,6.0058,High(151-200),0,0,0,0,0,0
L,300.3,311.7,1545,43.5,160,0,0,0,0,0,1,0,11.4,7.0374,High(151-200),0,0,0,0,0,1
M,300.2,311.6,1751,28.0,162,0,0,0,0,0,0,1,11.4,5.1338,High(151-200),0,0,0,0,0,0
M,300.4,311.8,1707,30.0,165,0,0,0,0,0,0,1,11.4,5.3623,High(151-200),0,0,0,0,0,0
L,300.4,311.8,1320,57.9,168,0,0,0,0,0,0,0,11.4,8.0029,High(151-200),0,1,1,1,0,0
M,300.3,311.7,1319,51.4,170,0,0,0,0,0,0,1,11.4,7.0991,High(151-200),0,1,1,1,0,0
L,300.2,311.7,1448,54.2,173,0,0,0,0,0,0,0,11.5,8.218,High(151-200),0,1,0,0,0,0
L,300.2,311.8,1436,48.2,175,0,0,0,0,0,0,0,11.6,7.2477,High(151-200),0,1,0,0,0,0
L,300.3,311.9,1609,34.0,177,0,0,0,0,0,0,0,11.6,5.7284,High(151-200),0,0,0,0,0,0
L,300.2,311.8,1464,44.5,179,0,0,0,0,0,0,0,11.6,6.8218,High(151-200),0,0,0,0,0,0
M,300.3,311.8,1483,45.1,181,0,0,0,0,0,0,1,11.5,7.0035,High(151-200),0,0,0,0,0,0
M,300.2,311.8,1748,28.5,184,0,0,0,0,0,0,1,11.6,5.2165,High(151-200),0,0,0,0,0,0
L,300.3,311.8,1746,26.3,187,0,0,0,0,0,0,0,11.5,4.8084,High(151-200),0,0,0,0,0,0
L,300.2,311.8,1410,51.4,189,0,0,0,0,0,0,0,11.6,7.5889,High(151-200),0,1,1,1,0,0
L,300.2,311.7,1640,30.8,191,0,0,0,0,0,0,0,11.5,5.2892,High(151-200),0,0,0,0,0,0
H,300.3,311.7,1655,29.9,193,0,0,0,0,0,0,2,11.4,5.1816,High(151-200),0,0,0,0,0,0
M,300.3,311.7,1646,28.9,198,0,0,0,0,0,0,1,11.4,4.9811,High(151-200),0,0,0,0,0,0
L,300.4,311.8,1589,42.0,201,0,0,0,0,0,0,0,11.4,6.9883,Critical(>200),1,0,0,0,0,0
L,300.5,311.9,1546,39.4,203,0,0,0,0,0,0,0,11.4,6.3783,Critical(>200),1,0,0,0,0,0
L,300.5,311.9,1511,41.8,205,0,0,0,0,0,0,0,11.4,6.6136,Critical(>200),1,0,0,0,0,0
L,300.5,311.9,1750,28.3,207,0,0,0,0,0,0,0,11.4,5.1859,Critical(>200),1,0,0,0,0,0
M,300.5,311.9,1730,27.5,209,0,0,0,0,0,0,1,11.4,4.9817,Critical(>200),1,0,0,0,0,0
L,300.6,311.9,1372,60.1,212,1,0,0,0,1,0,0,11.3,8.6343,Critical(>200),1,1,1,1,0,1
L,300.5,311.8,1524,38.9,214,1,1,0,0,0,0,0,11.3,6.2077,Critical(>200),1,0,0,0,0,1
L,300.4,311.8,1601,36.1,0,0,0,0,0,0,0,0,11.4,6.0519,Fresh(0-50),0,0,0,0,0,0
M,300.5,311.8,1636,34.4,2,0,0,0,0,0,0,1,11.3,5.893,Fresh(0-50),0,0,0,0,0,0
L,300.4,311.8,2261,14.9,5,0,0,0,0,0,0,0,11.4,3.5276,Fresh(0-50),0,0,0,0,0,0
L,300.4,311.8,1636,32.3,7,0,0,0,0,0,0,0,11.4,5.5333,Fresh(0-50),0,0,0,0,0,0
M,300.4,311.9,1335,58.3,9,0,0,0,0,0,0,1,11.5,8.1498,Fresh(0-50),0,1,1,1,0,0
M,300.3,311.7,1236,57.5,12,0,0,0,0,0,0,1,11.4,7.4419,Fresh(0-50),0,1,1,1,0,0
L,300.3,311.7,1445,47.3,15,0,0,0,0,0,0,0,11.4,7.1569,Fresh(0-50),0,1,0,0,0,0
L,300.2,311.5,1500,40.8,17,0,0,0,0,0,0,0,11.3,6.4084,Fresh(0-50),0,0,0,0,0,0
L,300.2,311.6,1999,21.0,19,0,0,0,0,0,0,0,11.4,4.3957,Fresh(0-50),0,0,0,0,0,0
L,300.2,311.6,1529,35.5,21,0,0,0,0,0,0,0,11.4,5.6837,Fresh(0-50),0,0,0,0,0,0
M,300.2,311.6,1467,40.7,23,0,0,0,0,0,0,1,11.4,6.252,Fresh(0-50),0,0,0,0,0,0
L,300.1,311.5,1334,54.0,26,0,0,0,0,0,0,0,11.4,7.543,Fresh(0-50),0,1,1,1,0,0
M,300.1,311.5,1343,46.2,28,0,0,0,0,0,0,1,11.4,6.497,Fresh(0-50),0,0,1,0,0,0
L,300.2,311.5,1639,31.1,31,0,0,0,0,0,0,0,11.3,5.3375,Fresh(0-50),0,0,0,0,0,0
H,300.1,311.5,1383,49.1,33,0,0,0,0,0,0,2,11.4,7.1105,Fresh(0-50),0,1,1,1,0,0
L,300.1,311.4,1660,31.4,38,0,0,0,0,0,0,0,11.3,5.458,Fresh(0-50),0,0,0,0,0,0
L,300.1,311.3,1470,45.2,40,0,0,0,0,0,0,0,11.2,6.9575,Fresh(0-50),0,0,0,0,0,0
M,300.1,311.3,1748,26.6,42,0,0,0,0,0,0,1,11.2,4.8688,Fresh(0-50),0,0,0,0,0,0
L,300.1,311.4,1467,35.7,45,0,0,0,0,0,0,0,11.3,5.484,Fresh(0-50),0,0,0,0,0,0
M,300.1,311.4,1617,39.3,47,0,0,0,0,0,0,1,11.3,6.6543,Fresh(0-50),0,0,0,0,0,0
H,300.1,311.4,1377,56.7,50,0,0,0,0,0,0,2,11.3,8.1755,Fresh(0-50),0,1,1,1,0,0
M,300.0,311.3,1629,32.1,55,0,0,0,0,0,0,1,11.3,5.4755,Low(51-100),0,0,0,0,0,0
L,300.0,311.2,1504,37.9,58,0,0,0,0,0,0,0,11.2,5.9688,Low(51-100),0,0,0,0,0,0
L,300.0,311.2,1418,47.3,60,0,0,0,0,0,0,0,11.2,7.0232,Low(51-100),0,1,1,1,0,0
L,300.0,311.2,1629,31.7,62,0,0,0,0,0,0,0,11.2,5.4073,Low(51-100),0,0,0,0,0,0
L,300.1,311.3,2579,12.5,64,1,0,0,1,0,0,0,11.2,3.3757,Low(51-100),0,0,0,0,0,1
L,300.1,311.3,1305,64.7,66,0,0,0,0,0,0,0,11.2,8.8412,Low(51-100),0,1,1,1,0,0
M,300.2,311.4,1450,38.5,68,0,0,0,0,0,0,1,11.2,5.8455,Low(51-100),0,0,0,0,0,0
L,300.2,311.3,1487,36.9,71,0,0,0,0,0,0,0,11.1,5.7456,Low(51-100),0,0,0,0,0,0
M,300.2,311.3,1587,31.2,73,0,0,0,0,0,0,1,11.1,5.1848,Low(51-100),0,0,0,0,0,0
M,300.3,311.5,1528,40.9,76,0,0,0,0,0,0,1,11.2,6.544,Low(51-100),0,0,0,0,0,0
M,300.4,311.6,1401,49.9,79,0,0,0,0,0,0,1,11.2,7.3204,Low(51-100),0,1,1,1,0,0
L,300.3,311.5,1446,45.0,82,0,0,0,0,0,0,0,11.2,6.8136,Low(51-100),0,0,0,0,0,0
L,300.2,311.4,1425,44.2,84,0,0,0,0,0,0,0,11.2,6.5953,Low(51-100),0,0,0,0,0,0
L,300.2,311.4,1891,22.6,86,0,0,0,0,0,0,0,11.2,4.475,Low(51-100),0,0,0,0,0,0
H,300.2,311.5,1454,42.8,88,0,0,0,0,0,0,2,11.3,6.5164,Low(51-100),0,0,0,0,0,0
L,300.1,311.4,1430,40.9,93,0,0,0,0,0,0,0,11.3,6.1243,Low(51-100),0,0,0,0,0,0
L,300.2,311.4,1495,43.6,95,0,0,0,0,0,0,0,11.2,6.8253,Low(51-100),0,0,0,0,0,0
L,300.3,311.4,1544,41.6,97,0,0,0,0,0,0,0,11.1,6.7257,Low(51-100),0,0,0,0,0,0
M,300.3,311.4,1554,34.3,99,0,0,0,0,0,0,1,11.1,5.5814,Low(51-100),0,0,0,0,0,0
M,300.2,311.3,1491,37.3,102,0,0,0,0,0,0,1,11.1,5.8235,Medium(101-150),0,0,0,0,0,0
L,300.3,311.3,1525,40.7,105,0,0,0,0,0,0,0,11.0,6.4992,Medium(101-150),0,0,0,0,0,0
L,300.3,311.3,1505,39.6,107,0,0,0,0,0,0,0,11.0,6.2406,Medium(101-150),0,0,0,0,0,0
M,300.3,311.4,1371,50.2,109,0,0,0,0,0,0,1,11.1,7.2067,Medium(101-150),0,1,1,1,0,0
L,300.3,311.3,1332,60.5,112,0,0,0,0,0,0,0,11.0,8.4383,Medium(101-150),0,1,1,1,0,0
L,300.3,311.4,1471,37.0,114,0,0,0,0,0,0,0,11.1,5.6992,Medium(101-150),0,0,0,0,0,0
M,300.4,311.5,1750,27.3,116,0,0,0,0,0,0,1,11.1,5.0026,Medium(101-150),0,0,0,0,0,0
M,300.3,311.4,1386,48.1,119,0,0,0,0,0,0,1,11.1,6.9808,Medium(101-150),0,1,1,1,0,0
M,300.4,311.4,1355,56.2,122,0,0,0,0,0,0,1,11.0,7.9739,Medium(101-150),0,1,1,1,0,0
M,300.3,311.3,1377,53.8,125,0,0,0,0,0,0,1,11.0,7.7573,Medium(101-150),0,1,1,1,0,0
L,300.3,311.1,1388,49.4,128,0,0,0,0,0,0,0,10.8,7.1798,Medium(101-150),0,1,1,1,0,0
M,300.3,311.1,1350,58.7,130,0,0,0,0,0,0,1,10.8,8.2979,Medium(101-150),0,1,1,1,0,0
M,300.4,311.2,1831,23.4,133,0,0,0,0,0,0,1,10.8,4.4864,Medium(101-150),0,0,0,0,0,0
M,300.3,311.2,1381,65.2,136,1,0,0,1,0,0,1,10.9,9.4284,Medium(101-150),0,1,1,1,0,1
M,300.3,311.2,1783,25.6,139,0,0,0,0,0,0,1,10.9,4.7796,Medium(101-150),0,0,0,0,0,0
L,300.3,311.0,1613,34.7,142,0,0,0,0,0,0,0,10.7,5.8608,Medium(101-150),0,0,0,0,0,0
M,300.2,311.0,2370,14.7,144,0,0,0,0,0,0,1,10.8,3.6481,Medium(101-150),0,0,0,0,0,0
L,300.2,311.0,1627,33.7,147,0,0,0,0,0,0,0,10.8,5.7414,Medium(101-150),0,0,0,0,0,0
L,300.2,311.0,1255,71.8,149,1,0,0,1,0,0,0,10.8,9.4355,Medium(101-150),0,1,1,1,0,1
H,300.2,311.0,1777,27.5,151,0,0,0,0,0,0,2,10.8,5.117,High(151-200),0,0,0,0,0,0
L,300.3,311.1,1606,30.9,156,0,0,0,0,0,0,0,10.8,5.1964,High(151-200),0,0,0,0,0,0
L,300.3,311.1,1676,28.6,158,0,0,0,0,0,0,0,10.8,5.0192,High(151-200),0,0,0,0,0,0
L,300.3,311.1,1605,37.1,160,0,0,0,0,0,0,0,10.8,6.2351,High(151-200),0,0,0,0,0,0
L,300.4,311.1,1487,37.4,162,0,0,0,0,0,0,0,10.7,5.8234,High(151-200),0,0,0,0,0,0
L,300.4,311.2,1471,46.5,164,0,0,0,0,0,0,0,10.8,7.1625,High(151-200),0,0,0,0,0,0
M,300.3,311.1,1477,44.2,166,0,0,0,0,0,0,1,10.8,6.836,High(151-200),0,0,0,0,0,0
L,300.4,311.2,1530,32.0,169,0,0,0,0,0,0,0,10.8,5.1267,High(151-200),0,0,0,0,0,0
L,300.4,311.2,1673,28.9,171,0,0,0,0,0,0,0,10.8,5.0628,High(151-200),0,0,0,0,0,0
L,300.4,311.2,1436,56.8,173,0,0,0,0,0,0,0,10.8,8.5408,High(151-200),0,1,0,0,0,0
L,300.4,311.3,1495,51.2,175,0,0,0,0,0,0,0,10.9,8.0151,High(151-200),0,1,0,0,0,0
M,300.4,311.2,1366,56.1,177,0,0,0,0,0,0,1,10.8,8.0244,High(151-200),0,1,1,1,0,0
H,300.4,311.2,1489,45.3,180,0,0,0,0,0,0,2,10.8,7.063,High(151-200),0,0,0,0,0,0
L,300.3,311.1,1480,46.6,185,0,0,0,0,0,0,0,10.8,7.2218,High(151-200),0,0,0,0,0,0
L,300.4,311.2,1472,37.3,187,0,0,0,0,0,0,0,10.8,5.7493,High(151-200),0,0,0,0,0,0
L,300.4,311.1,1397,50.8,189,0,0,0,0,0,0,0,10.7,7.4312,High(151-200),0,1,1,1,0,0
L,300.4,311.1,1589,35.5,191,0,0,0,0,0,0,0,10.7,5.9068,High(151-200),0,0,0,0,0,0
L,300.4,311.1,1405,54.1,193,0,0,0,0,0,0,0,10.7,7.9592,High(151-200),0,1,1,1,0,0
L,300.4,311.1,2013,20.1,195,0,0,0,0,0,0,0,10.7,4.2368,High(151-200),0,0,0,0,0,0
L,300.4,311.0,1802,26.0,197,0,0,0,0,0,0,0,10.6,4.906,High(151-200),0,0,0,0,0,0
M,300.4,311.0,1433,46.1,199,0,0,0,0,0,0,1,10.6,6.9174,High(151-200),0,0,0,0,0,0
M,300.5,311.1,1296,61.3,202,1,0,0,0,1,0,1,10.6,8.3188,Critical(>200),1,1,1,1,0,1
M,300.5,311.2,1551,36.6,205,0,0,0,0,0,0,1,10.7,5.9441,Critical(>200),1,0,0,0,0,0
L,300.5,311.2,1270,67.5,208,1,0,0,0,1,0,0,10.7,8.9764,Critical(>200),1,1,1,1,0,1
L,300.6,311.3,1531,38.5,0,0,0,0,0,0,0,0,10.7,6.1721,Fresh(0-50),0,0,0,0,0,0
H,300.5,311.2,1397,45.2,2,0,0,0,0,0,0,2,10.7,6.612,Fresh(0-50),0,0,1,0,0,0
L,300.5,311.1,1547,37.2,7,0,0,0,0,0,0,0,10.6,6.026,Fresh(0-50),0,0,0,0,0,0
L,300.5,311.0,2074,18.9,9,0,0,0,0,0,0,0,10.5,4.1046,Fresh(0-50),0,0,0,0,0,0
L,300.5,311.1,1491,42.6,11,0,0,0,0,0,0,0,10.6,6.651,Fresh(0-50),0,0,0,0,0,0
L,300.5,311.0,1759,28.3,13,0,0,0,0,0,0,0,10.5,5.2125,Fresh(0-50),0,0,0,0,0,0
M,300.4,311.0,1595,35.4,15,0,0,0,0,0,0,1,10.6,5.9124,Fresh(0-50),0,0,0,0,0,0
L,300.4,311.2,1351,62.0,18,0,0,0,0,0,0,0,10.8,8.7709,Fresh(0-50),0,1,1,1,0,0
L,300.4,311.2,1705,28.7,20,0,0,0,0,0,0,0,10.8,5.1239,Fresh(0-50),0,0,0,0,0,0
L,300.4,311.2,1406,43.6,22,0,0,0,0,0,0,0,10.8,6.419,Fresh(0-50),0,0,1,0,0,0
L,300.4,311.3,1639,34.6,24,0,0,0,0,0,0,0,10.9,5.9382,Fresh(0-50),0,0,0,0,0,0
H,300.4,311.3,2026,20.3,26,0,0,0,0,0,0,2,10.9,4.3066,Fresh(0-50),0,0,0,0,0,0
M,300.4,311.3,1350,56.5,31,0,0,0,0,0,0,1,10.9,7.9869,Fresh(0-50),0,1,1,1,0,0
M,300.5,311.3,1468,41.1,34,0,0,0,0,0,0,1,10.8,6.3178,Fresh(0-50),0,0,0,0,0,0
L,300.5,311.4,1642,27.1,37,0,0,0,0,0,0,0,10.9,4.6595,Fresh(0-50),0,0,0,0,0,0
L,300.5,311.3,1490,41.8,39,0,0,0,0,0,0,0,10.8,6.5217,Fresh(0-50),0,0,0,0,0,0
M,300.5,311.3,1507,43.4,41,0,0,0,0,0,0,1,10.8,6.8486,Fresh(0-50),0,0,0,0,0,0
L,300.5,311.4,1611,32.7,44,0,0,0,0,0,0,0,10.9,5.5162,Fresh(0-50),0,0,0,0,0,0
M,300.5,311.4,1743,27.6,46,0,0,0,0,0,0,1,10.9,5.0374,Fresh(0-50),0,0,0,0,0,0
L,300.5,311.3,1475,46.3,49,0,0,0,0,0,0,0,10.8,7.151,Fresh(0-50),0,0,0,0,0,0
L,300.5,311.4,1432,47.5,51,0,0,0,0,0,0,0,10.9,7.1225,Low(51-100),0,1,0,0,0,0
L,300.5,311.4,1442,47.0,53,0,0,0,0,0,0,0,10.9,7.0968,Low(51-100),0,1,0,0,0,0
M,300.6,311.4,1468,40.4,55,0,0,0,0,0,0,1,10.8,6.2102,Low(51-100),0,0,0,0,0,0
L,300.5,311.4,1556,45.3,58,0,0,0,0,0,0,0,10.9,7.3808,Low(51-100),0,0,0,0,0,0
M,300.5,311.4,1312,51.4,60,0,0,0,0,0,0,1,10.9,7.0614,Low(51-100),0,1,1,1,0,0
L,300.6,311.5,1459,47.0,63,0,0,0,0,0,0,0,10.9,7.1804,Low(51-100),0,1,0,0,0,0
L,300.5,311.5,1651,36.9,65,0,0,0,0,0,0,0,11.0,6.3793,Low(51-100),0,0,0,0,0,0
L,300.5,311.5,1490,38.4,67,0,0,0,0,0,0,0,11.0,5.9912,Low(51-100),0,0,0,0,0,0
M,300.6,311.6,1473,31.5,69,0,0,0,0,0,0,1,11.0,4.8586,Low(51-100),0,0,0,0,0,0
L,300.6,311.7,1734,29.9,72,0,0,0,0,0,0,0,11.1,5.429,Low(51-100),0,0,0,0,0,0
L,300.6,311.7,1507,45.5,74,0,0,0,0,0,0,0,11.1,7.1799,Low(51-100),0,0,0,0,0,0
L,300.6,311.7,1556,34.9,76,0,0,0,0,0,0,0,11.1,5.6863,Low(51-100),0,0,0,0,0,0
H,300.5,311.6,1351,53.5,78,0,0,0,0,0,0,2,11.1,7.5684,Low(51-100),0,1,1,1,0,0
L,300.5,311.7,1445,44.8,83,0,0,0,0,0,0,0,11.2,6.7786,Low(51-100),0,0,0,0,0,0
L,300.5,311.7,1619,32.7,85,0,0,0,0,0,0,0,11.2,5.5436,Low(51-100),0,0,0,0,0,0
M,300.5,311.7,1269,64.0,87,0,0,0,0,0,0,1,11.2,8.5043,Low(51-100),0,1,1,1,0,0
L,300.5,311.6,1534,37.7,90,0,0,0,0,0,0,0,11.1,6.0557,Low(51-100),0,0,0,0,0,0
L,300.5,311.6,1444,49.3,92,0,0,0,0,0,0,0,11.1,7.4544,Low(51-100),0,1,0,0,0,0
L,300.5,311.6,1744,26.8,94,0,0,0,0,0,0,0,11.1,4.8942,Low(51-100),0,0,0,0,0,0
L,300.4,311.5,1441,44.6,96,0,0,0,0,0,0,0,11.1,6.7297,Low(51-100),0,0,0,0,0,0
M,300.3,311.3,1506,40.7,98,0,0,0,0,0,0,1,11.0,6.4182,Low(51-100),0,0,0,0,0,0
L,300.3,311.4,1526,38.5,101,0,0,0,0,0,0,0,11.1,6.1519,Medium(101-150),0,0,0,0,0,0
L,300.4,311.5,1704,29.7,103,0,0,0,0,0,0,0,11.1,5.2994,Medium(101-150),0,0,0,0,0,0
H,300.4,311.4,1445,52.4,105,0,0,0,0,0,0,2,11.0,7.9286,Medium(101-150),0,1,0,0,0,0
L,300.5,311.5,1661,35.9,110,0,0,0,0,0,0,0,11.0,6.244,Medium(101-150),0,0,0,0,0,0
L,300.5,311.4,1466,41.8,112,0,0,0,0,0,0,0,10.9,6.4166,Medium(101-150),0,0,0,0,0,0
L,300.4,311.3,1608,35.1,114,0,0,0,0,0,0,0,10.9,5.91,Medium(101-150),0,0,0,0,0,0
M,300.4,311.4,1352,57.3,116,0,0,0,0,0,0,1,11.0,8.112,Medium(101-150),0,1,1,1,0,0
M,300.4,311.4,1604,31.7,119,0,0,0,0,0,0,1,11.0,5.3243,Medium(101-150),0,0,0,0,0,0
H,300.4,311.4,1427,50.7,122,0,0,0,0,0,0,2,11.0,7.5758,Medium(101-150),0,1,0,0,0,0
L,300.4,311.4,1424,44.6,127,0,0,0,0,0,0,0,11.0,6.6503,Medium(101-150),0,0,0,0,0,0
L,300.4,311.4,1662,29.3,129,0,0,0,0,0,0,0,11.0,5.0991,Medium(101-150),0,0,0,0,0,0
L,300.4,311.4,1936,23.9,131,0,0,0,0,0,0,0,11.0,4.8451,Medium(101-150),0,0,0,0,0,0
L,300.4,311.4,1728,31.7,133,0,0,0,0,0,0,0,11.0,5.7359,Medium(101-150),0,0,0,0,0,0
L,300.4,311.4,1552,28.8,135,0,0,0,0,0,0,0,11.0,4.6804,Medium(101-150),0,0,0,0,0,0
H,300.4,311.5,1662,29.0,137,0,0,0,0,0,0,2,11.1,5.0469,Medium(101-150),0,0,0,0,0,0
L,300.3,311.4,1343,57.7,142,0,0,0,0,0,0,0,11.1,8.1143,Medium(101-150),0,1,1,1,0,0
M,300.4,311.5,1476,32.6,144,0,0,0,0,0,0,1,11.1,5.0385,Medium(101-150),0,0,0,0,0,0
L,300.3,311.4,1346,51.1,147,0,0,0,0,0,0,0,11.1,7.2022,Medium(101-150),0,1,1,1,0,0
L,300.4,311.5,1492,44.6,149,0,0,0,0,0,0,0,11.1,6.9679,Medium(101-150),0,0,0,0,0,0
M,300.3,311.5,1540,41.5,151,0,0,0,0,0,0,1,11.2,6.6921,High(151-200),0,0,0,0,0,0
L,300.4,311.5,1596,32.5,154,0,0,0,0,0,0,0,11.1,5.4314,High(151-200),0,0,0,0,0,0
L,300.5,311.6,1541,47.8,156,0,0,0,0,0,0,0,11.1,7.7131,High(151-200),0,1,0,0,0,0
L,300.5,311.6,1661,30.0,158,0,0,0,0,0,0,0,11.1,5.2178,High(151-200),0,0,0,0,0,0
M,300.4,311.6,1359,55.4,160,0,0,0,0,0,0,1,11.2,7.8836,High(151-200),0,1,1,1,0,0
L,300.5,311.6,1528,42.4,163,0,0,0,0,0,0,0,11.1,6.784,High(151-200),0,0,0,0,0,0
M,300.5,311.6,1246,52.9,165,0,0,0,0,0,0,1,11.1,6.9019,High(151-200),0,1,1,1,0,0
L,300.5,311.6,1575,32.5,168,0,0,0,0,0,0,0,11.1,5.3599,High(151-200),0,0,0,0,0,0
M,300.5,311.6,1658,30.4,170,0,0,0,0,0,0,1,11.1,5.2778,High(151-200),0,0,0,0,0,0
L,300.5,311.6,1385,54.8,173,0,0,0,0,0,0,0,11.1,7.9474,High(151-200),0,1,1,1,0,0
H,300.5,311.7,1454,50.3,175,0,0,0,0,0,0,2,11.2,7.6582,High(151-200),0,1,0,0,0,0
L,300.5,311.6,1497,40.5,180,0,0,0,0,0,0,0,11.1,6.3485,High(151-200),0,0,0,0,0,0
M,300.6,311.7,1424,50.8,182,0,0,0,0,0,0,1,11.1,7.5748,High(151-200),0,1,0,0,0,0
L,300.6,311.7,1528,43.9,185,0,0,0,0,0,0,0,11.1,7.024,High(151-200),0,0,0,0,0,0
L,300.6,311.8,1539,37.0,187,0,0,0,0,0,0,0,11.2,5.9626,High(151-200),0,0,0,0,0,0
L,300.7,311.8,1336,58.4,189,1,0,0,0,1,0,0,11.1,8.1699,High(151-200),0,1,1,1,0,1
L,300.5,311.6,1525,37.6,191,0,0,0,0,0,0,0,11.1,6.0042,High(151-200),0,0,0,0,0,0
M,300.5,311.6,1456,51.1,193,0,0,0,0,0,0,1,11.1,7.7907,High(151-200),0,1,0,0,0,0
M,300.5,311.7,2141,17.2,196,0,0,0,0,0,0,1,11.2,3.856,High(151-200),0,0,0,0,0,0
M,300.5,311.6,1476,39.1,199,0,0,0,0,0,0,1,11.1,6.0431,High(151-200),0,0,0,0,0,0
L,300.5,311.6,1509,47.2,202,0,0,0,0,0,0,0,11.1,7.4581,Critical(>200),1,1,0,0,0,0
L,300.5,311.6,1447,45.4,204,0,0,0,0,0,0,0,11.1,6.8789,Critical(>200),1,0,0,0,0,0
L,300.6,311.7,1448,49.1,206,0,0,0,0,0,0,0,11.1,7.4447,Critical(>200),1,1,0,0,0,0
L,300.6,311.7,1428,52.6,208,0,0,0,0,0,0,0,11.1,7.8652,Critical(>200),1,1,0,0,0,0
M,300.6,311.7,1389,52.1,210,0,0,0,0,0,0,1,11.1,7.5777,Critical(>200),1,1,1,1,0,0
L,300.7,311.7,1635,32.4,213,0,0,0,0,0,0,0,11.0,5.547,Critical(>200),1,0,0,0,0,0
L,300.7,311.7,1395,43.7,215,0,0,0,0,0,0,0,11.0,6.3834,Critical(>200),1,0,1,0,0,0
L,300.7,311.8,1443,43.7,217,0,0,0,0,0,0,0,11.1,6.603,Critical(>200),1,0,0,0,0,0
M,300.7,311.7,1412,49.1,219,0,0,0,0,0,0,1,11.0,7.2596,Critical(>200),1,1,1,1,0,0
L,300.7,311.7,1524,43.5,222,0,0,0,0,0,0,0,11.0,6.9418,Critical(>200),1,0,0,0,0,0
M,300.7,311.8,1407,42.4,224,0,0,0,0,0,0,1,11.1,6.2468,Critical(>200),1,0,1,0,0,0
L,300.8,311.7,1397,43.5,227,0,0,0,0,0,0,0,10.9,6.3633,Critical(>200),1,0,1,0,0,0
M,300.7,311.7,1504,36.9,229,0,0,0,0,0,0,1,11.0,5.8113,Critical(>200),1,0,0,0,0,0
M,300.7,311.7,2097,18.9,232,1,1,0,0,0,0,1,11.0,4.1501,Critical(>200),1,0,0,0,0,1
L,300.6,311.7,1553,39.8,0,0,0,0,0,0,0,0,11.1,6.4722,Fresh(0-50),0,0,0,0,0,0
L,300.6,311.7,1432,39.2,2,0,0,0,0,0,0,0,11.1,5.8779,Fresh(0-50),0,0,0,0,0,0
M,300.5,311.6,1577,36.5,4,0,0,0,0,0,0,1,11.1,6.0273,Fresh(0-50),0,0,0,0,0,0
M,300.5,311.5,1370,56.1,7,0,0,0,0,0,0,1,11.0,8.0479,Fresh(0-50),0,1,1,1,0,0
H,300.5,311.6,1506,36.2,10,0,0,0,0,0,0,2,11.1,5.7086,Fresh(0-50),0,0,0,0,0,0
L,300.6,311.6,1964,21.4,15,0,0,0,0,0,0,0,11.0,4.401,Fresh(0-50),0,0,0,0,0,0
H,300.6,311.7,1500,36.7,17,0,0,0,0,0,0,2,11.1,5.7644,Fresh(0-50),0,0,0,0,0,0
L,300.6,311.7,1488,47.7,22,0,0,0,0,0,0,0,11.1,7.4322,Fresh(0-50),0,1,0,0,0,0
H,300.6,311.5,1282,60.2,24,0,0,0,0,0,0,2,10.9,8.0813,Fresh(0-50),0,1,1,1,0,0
L,300.5,311.4,1400,45.1,29,0,0,0,0,0,0,0,10.9,6.6115,Fresh(0-50),0,0,1,0,0,0
L,300.6,311.5,1419,38.6,31,0,0,0,0,0,0,0,10.9,5.7354,Fresh(0-50),0,0,1,0,0,0
M,300.7,311.5,1441,40.6,33,0,0,0,0,0,0,1,10.8,6.1261,Fresh(0-50),0,0,0,0,0,0
M,300.7,311.6,1348,62.5,36,0,0,0,0,0,0,1,10.9,8.822,Fresh(0-50),0,1,1,1,0,0
H,300.8,311.7,1468,38.7,39,0,0,0,0,0,0,2,10.9,5.9489,Fresh(0-50),0,0,0,0,0,0
M,300.7,311.7,1701,30.8,44,0,0,0,0,0,0,1,11.0,5.4859,Fresh(0-50),0,0,0,0,0,0
H,300.7,311.7,1864,23.6,47,0,0,0,0,0,0,2,11.0,4.6063,Fresh(0-50),0,0,0,0,0,0
M,300.6,311.6,1630,31.8,52,0,0,0,0,0,0,1,11.0,5.4276,Low(51-100),0,0,0,0,0,0
L,300.5,311.5,1316,49.7,55,0,0,0,0,0,0,0,11.0,6.8487,Low(51-100),0,1,1,1,0,0
L,300.5,311.5,1708,31.2,57,0,0,0,0,0,0,0,11.0,5.5801,Low(51-100),0,0,0,0,0,0
H,300.5,311.4,1679,27.5,59,0,0,0,0,0,0,2,10.9,4.8348,Low(51-100),0,0,0,0,0,0
L,300.5,311.4,1709,32.3,64,0,0,0,0,0,0,0,10.9,5.7802,Low(51-100),0,0,0,0,0,0
L,300.5,311.4,1445,41.5,66,0,0,0,0,0,0,0,10.9,6.2793,Low(51-100),0,0,0,0,0,0
M,300.5,311.4,1390,51.9,68,0,0,0,0,0,0,1,10.9,7.554,Low(51-100),0,1,1,1,0,0
L,300.4,311.4,1309,55.5,71,0,0,0,0,0,0,0,11.0,7.6073,Low(51-100),0,1,1,1,0,0
L,300.5,311.5,1499,37.6,73,0,0,0,0,0,0,0,11.0,5.9018,Low(51-100),0,0,0,0,0,0
M,300.5,311.4,2072,18.8,75,0,0,0,0,0,0,1,10.9,4.0789,Low(51-100),0,0,0,0,0,0
L,300.5,311.5,1487,43.0,78,0,0,0,0,0,0,0,11.0,6.6954,Low(51-100),0,0,0,0,0,0
L,300.5,311.5,1302,49.6,80,0,0,0,0,0,0,0,11.0,6.7622,Low(51-100),0,1,1,1,0,0
M,300.5,311.5,1378,48.2,82,0,0,0,0,0,0,1,11.0,6.9549,Low(51-100),0,1,1,1,0,0
L,300.5,311.6,1365,53.0,85,0,0,0,0,0,0,0,11.1,7.5754,Low(51-100),0,1,1,1,0,0
H,300.6,311.7,1427,44.6,87,0,0,0,0,0,0,2,11.1,6.6643,Low(51-100),0,0,0,0,0,0
H,300.6,311.7,1535,33.3,92,0,0,0,0,0,0,2,11.1,5.3524,Low(51-100),0,0,0,0,0,0
H,300.5,311.6,1476,41.7,97,0,0,0,0,0,0,2,11.1,6.4449,Low(51-100),0,0,0,0,0,0
L,300.5,311.6,1425,42.4,102,0,0,0,0,0,0,0,11.1,6.3267,Medium(101-150),0,0,0,0,0,0
L,300.5,311.7,1409,54.7,104,0,0,0,0,0,0,0,11.2,8.0704,Medium(101-150),0,1,1,1,0,0
L,300.5,311.6,1730,30.2,106,0,0,0,0,0,0,0,11.1,5.4708,Medium(101-150),0,0,0,0,0,0
M,300.5,311.6,1454,41.4,108,0,0,0,0,0,0,1,11.1,6.3032,Medium(101-150),0,0,0,0,0,0
L,300.6,311.7,1744,26.9,111,0,0,0,0,0,0,0,11.1,4.9124,Medium(101-150),0,0,0,0,0,0
M,300.8,311.9,1761,29.0,113,0,0,0,0,0,0,1,11.1,5.3475,Medium(101-150),0,0,0,0,0,0
M,300.7,311.9,1657,30.9,116,0,0,0,0,0,0,1,11.2,5.3614,Medium(101-150),0,0,0,0,0,0
L,300.7,311.8,1420,47.0,119,0,0,0,0,0,0,0,11.1,6.9885,Medium(101-150),0,1,1,1,0,0
H,300.7,311.9,1329,59.2,121,0,0,0,0,0,0,2,11.2,8.2384,Medium(101-150),0,1,1,1,0,0
L,300.6,311.9,1472,44.2,126,0,0,0,0,0,0,0,11.3,6.8128,Medium(101-150),0,0,0,0,0,0
L,300.6,312.0,1566,30.1,128,0,0,0,0,0,0,0,11.4,4.9358,Medium(101-150),0,0,0,0,1,0
L,300.6,312.0,1430,42.7,130,0,0,0,0,0,0,0,11.4,6.3938,Medium(101-150),0,0,0,0,1,0
L,300.6,312.0,1481,40.9,132,0,0,0,0,0,0,0,11.4,6.3427,Medium(101-150),0,0,0,0,1,0
L,300.6,312.0,1670,29.4,134,0,0,0,0,0,0,0,11.4,5.1412,Medium(101-150),0,0,0,0,1,0
L,300.6,312.0,1406,55.1,136,0,0,0,0,0,0,0,11.4,8.1121,Medium(101-150),0,1,1,1,1,0
H,300.6,312.1,1354,46.9,138,0,0,0,0,0,0,2,11.5,6.6495,Medium(101-150),0,1,1,1,1,0
M,300.5,312.0,1985,19.3,143,0,0,0,0,0,0,1,11.5,4.0116,Medium(101-150),0,0,0,0,1,0
M,300.5,312.0,1263,60.8,146,0,0,0,0,0,0,1,11.5,8.0409,Medium(101-150),0,1,1,1,1,0
L,300.5,311.9,1576,31.1,149,0,0,0,0,0,0,0,11.4,5.1323,Medium(101-150),0,0,0,0,0,0
L,300.5,312.0,1453,45.1,151,0,0,0,0,0,0,0,11.5,6.8618,High(151-200),0,0,0,0,1,0
L,300.5,312.0,1478,39.0,153,0,0,0,0,0,0,0,11.5,6.0358,High(151-200),0,0,0,0,1,0
M,300.5,311.9,1323,57.9,155,0,0,0,0,0,0,1,11.4,8.0211,High(151-200),0,1,1,1,0,0
L,300.5,311.9,1710,28.4,158,0,0,0,0,0,0,0,11.4,5.0852,High(151-200),0,0,0,0,0,0
L,300.4,311.7,1314,59.5,160,0,0,0,0,0,0,0,11.3,8.1867,High(151-200),0,1,1,1,0,0
L,300.4,311.7,1460,39.6,162,0,0,0,0,0,0,0,11.3,6.054,High(151-200),0,0,0,0,0,0
M,300.4,311.7,1508,45.4,164,0,0,0,0,0,0,1,11.3,7.1689,High(151-200),0,0,0,0,0,0
M,300.5,311.8,1331,55.3,167,0,0,0,0,0,0,1,11.3,7.7073,High(151-200),0,1,1,1,0,0
L,300.4,311.7,1515,47.4,170,0,0,0,0,0,0,0,11.3,7.5195,High(151-200),0,1,0,0,0,0
L,300.4,311.6,1674,33.0,172,0,0,0,0,0,0,0,11.2,5.7845,High(151-200),0,0,0,0,0,0
L,300.4,311.7,1444,51.2,174,0,0,0,0,0,0,0,11.3,7.7417,High(151-200),0,1,0,0,0,0
M,300.4,311.7,1398,42.6,176,0,0,0,0,0,0,1,11.3,6.2361,High(151-200),0,0,1,0,0,0
M,300.4,311.7,1832,24.2,179,0,0,0,0,0,0,1,11.3,4.6423,High(151-200),0,0,0,0,0,0
M,300.5,311.8,1591,42.0,182,0,0,0,0,0,0,1,11.3,6.9971,High(151-200),0,0,0,0,0,0
M,300.4,311.7,1478,39.9,185,0,0,0,0,0,0,1,11.3,6.1751,High(151-200),0,0,0,0,0,0
M,300.4,311.8,1362,47.6,188,0,0,0,0,0,0,1,11.4,6.7886,High(151-200),0,1,1,1,0,0
L,300.5,311.8,1368,57.9,191,1,0,0,0,1,0,0,11.3,8.2939,High(151-200),0,1,1,1,0,1
M,300.3,311.7,1723,28.3,193,0,0,0,0,0,0,1,11.4,5.1059,High(151-200),0,0,0,0,0,0
L,300.4,311.8,1689,30.8,196,0,0,0,0,0,0,0,11.4,5.4472,High(151-200),0,0,0,0,0,0
L,300.4,311.8,1272,59.2,198,1,0,0,0,1,0,0,11.4,7.8851,High(151-200),0,1,1,1,0,1
M,300.4,311.7,1511,33.0,200,0,0,0,0,0,0,1,11.3,5.2213,High(151-200),0,0,0,0,0,0
H,300.4,311.6,1715,30.8,203,0,0,0,0,0,0,2,11.2,5.5311,Critical(>200),1,0,0,0,0,0
M,300.3,311.5,1400,43.8,0,0,0,0,0,0,0,1,11.2,6.4209,Fresh(0-50),0,0,1,0,0,0
L,300.4,311.6,1200,76.6,3,1,0,0,1,0,0,0,11.2,9.6251,Fresh(0-50),0,1,1,1,0,1
M,300.4,311.7,1555,38.7,5,0,0,0,0,0,0,1,11.3,6.3014,Fresh(0-50),0,0,0,0,0,0
H,300.3,311.6,1427,56.2,8,0,0,0,0,0,0,2,11.3,8.3976,Fresh(0-50),0,1,0,0,0,0
L,300.3,311.4,1318,52.7,13,0,0,0,0,0,0,0,11.1,7.2732,Fresh(0-50),0,1,1,1,0,0
H,300.2,311.4,1319,54.6,15,0,0,0,0,0,0,2,11.2,7.5411,Fresh(0-50),0,1,1,1,0,0
M,300.2,311.4,1960,20.9,20,0,0,0,0,0,0,1,11.2,4.2894,Fresh(0-50),0,0,0,0,0,0
L,300.3,311.5,1552,38.9,23,0,0,0,0,0,0,0,11.2,6.3218,Fresh(0-50),0,0,0,0,0,0
L,300.3,311.5,1548,32.2,25,0,0,0,0,0,0,0,11.2,5.2194,Fresh(0-50),0,0,0,0,0,0
L,300.3,311.6,1709,29.5,27,0,0,0,0,0,0,0,11.3,5.2791,Fresh(0-50),0,0,0,0,0,0
H,300.3,311.5,1464,41.0,29,0,0,0,0,0,0,2,11.2,6.2852,Fresh(0-50),0,0,0,0,0,0
L,300.3,311.4,1759,24.8,34,0,0,0,0,0,0,0,11.1,4.5679,Fresh(0-50),0,0,0,0,0,0
L,300.3,311.5,1634,31.9,36,0,0,0,0,0,0,0,11.2,5.4581,Fresh(0-50),0,0,0,0,0,0
L,300.3,311.5,1663,33.6,38,0,0,0,0,0,0,0,11.2,5.851,Fresh(0-50),0,0,0,0,0,0
M,300.3,311.5,1445,47.3,40,0,0,0,0,0,0,1,11.2,7.1569,Fresh(0-50),0,1,0,0,0,0
L,300.3,311.5,1695,25.6,43,0,0,0,0,0,0,0,11.2,4.5437,Fresh(0-50),0,0,0,0,0,0
L,300.4,311.6,1517,39.0,45,0,0,0,0,0,0,0,11.2,6.1951,Fresh(0-50),0,0,0,0,0,0
L,300.5,311.7,1811,26.8,47,0,0,0,0,0,0,0,11.2,5.0822,Fresh(0-50),0,0,0,0,0,0
L,300.4,311.6,1815,23.5,49,0,0,0,0,0,0,0,11.2,4.4662,Fresh(0-50),0,0,0,0,0,0
L,300.4,311.7,1513,40.0,51,0,0,0,0,0,0,0,11.3,6.3372,Low(51-100),0,0,0,0,0,0
M,300.4,311.6,1518,36.4,53,0,0,0,0,0,0,1,11.2,5.7859,Low(51-100),0,0,0,0,0,0
L,300.3,311.5,1667,28.8,56,0,0,0,0,0,0,0,11.2,5.0272,Low(51-100),0,0,0,0,0,0
L,300.3,311.5,1403,60.1,58,0,0,0,0,0,0,0,11.2,8.8294,Low(51-100),0,1,1,1,0,0
L,300.2,311.5,1383,42.1,60,0,0,0,0,0,0,0,11.3,6.0968,Low(51-100),0,0,1,0,0,0
L,300.3,311.5,1466,46.2,62,0,0,0,0,0,0,0,11.2,7.0921,Low(51-100),0,0,0,0,0,0
L,300.3,311.5,1378,47.5,64,0,0,0,0,0,0,0,11.2,6.8539,Low(51-100),0,1,1,1,0,0
M,300.2,311.5,1547,40.9,66,0,0,0,0,0,0,1,11.3,6.6254,Low(51-100),0,0,0,0,0,0
L,300.2,311.5,1495,38.5,69,0,0,0,0,0,0,0,11.3,6.027,Low(51-100),0,0,0,0,0,0
L,300.1,311.4,1729,29.3,71,0,0,0,0,0,0,0,11.3,5.3047,Low(51-100),0,0,0,0,0,0
L,300.1,311.4,1418,47.7,73,0,0,0,0,0,0,0,11.3,7.0826,Low(51-100),0,1,1,1,0,0
H,300.1,311.4,1485,40.4,75,0,0,0,0,0,0,2,11.3,6.2821,Low(51-100),0,0,0,0,0,0
L,300.1,311.5,1434,40.8,80,0,0,0,0,0,0,0,11.4,6.1264,Low(51-100),0,0,0,0,0,0
M,300.2,311.6,1415,55.8,82,0,0,0,0,0,0,1,11.4,8.2677,Low(51-100),0,1,1,1,0,0
H,300.1,311.6,1674,29.6,85,0,0,0,0,0,0,2,11.5,5.1885,Low(51-100),0,0,0,0,0,0
L,300.1,311.5,1454,52.4,90,0,0,0,0,0,0,0,11.4,7.978,Low(51-100),0,1,0,0,0,0
L,300.0,311.4,1476,39.0,92,0,0,0,0,0,0,0,11.4,6.0276,Low(51-100),0,0,0,0,0,0
L,300.0,311.5,1812,28.3,94,0,0,0,0,0,0,0,11.5,5.3696,Low(51-100),0,0,0,0,0,0
L,300.0,311.4,1374,41.9,96,0,0,0,0,0,0,0,11.4,6.0283,Low(51-100),0,0,1,0,0,0
M,300.1,311.4,1524,40.6,98,0,0,0,0,0,0,1,11.3,6.479,Low(51-100),0,0,0,0,0,0
L,300.0,311.4,1383,49.6,101,0,0,0,0,0,0,0,11.4,7.1829,Medium(101-150),0,1,1,1,0,0
L,299.9,311.3,1429,58.2,103,0,0,0,0,0,0,0,11.4,8.7087,Medium(101-150),0,1,0,0,0,0
M,299.8,311.3,1517,41.2,105,0,0,0,0,0,0,1,11.5,6.5445,Medium(101-150),0,0,0,0,0,0
M,299.9,311.4,1480,44.9,108,0,0,0,0,0,0,1,11.5,6.9583,Medium(101-150),0,0,0,0,0,0
L,299.9,311.4,1706,28.8,111,0,0,0,0,0,0,0,11.5,5.1448,Medium(101-150),0,0,0,0,0,0
L,300.0,311.5,1349,48.6,113,0,0,0,0,0,0,0,11.5,6.8651,Medium(101-150),0,1,1,1,0,0
M,300.0,311.5,1451,49.0,115,0,0,0,0,0,0,1,11.5,7.4449,Medium(101-150),0,1,0,0,0,0
L,299.9,311.4,1627,36.7,118,0,0,0,0,0,0,0,11.5,6.2525,Medium(101-150),0,0,0,0,0,0
M,300.0,311.4,1537,35.4,120,0,0,0,0,0,0,1,11.4,5.6974,Medium(101-150),0,0,0,0,0,0
L,300.1,311.5,2218,17.0,123,0,0,0,0,0,0,0,11.4,3.9483,Medium(101-150),0,0,0,0,0,0
M,300.0,311.4,1466,39.0,125,0,0,0,0,0,0,1,11.4,5.9868,Medium(101-150),0,0,0,0,0,0
L,300.0,311.5,1666,32.0,128,0,0,0,0,0,0,0,11.5,5.5824,Medium(101-150),0,0,0,0,0,0
L,300.0,311.5,1455,41.7,130,0,0,0,0,0,0,0,11.5,6.3532,Medium(101-150),0,0,0,0,0,0
L,300.0,311.4,1927,24.6,132,0,0,0,0,0,0,0,11.4,4.9638,Medium(101-150),0,0,0,0,0,0
M,299.9,311.3,1703,28.4,134,0,0,0,0,0,0,1,11.4,5.0644,Medium(101-150),0,0,0,0,0,0
L,299.8,311.2,1533,35.9,137,0,0,0,0,0,0,0,11.4,5.7628,Medium(101-150),0,0,0,0,0,0
H,299.8,311.3,1785,25.4,139,0,0,0,0,0,0,2,11.5,4.7475,Medium(101-150),0,0,0,0,0,0
L,299.8,311.2,2142,16.6,144,0,0,0,0,0,0,0,11.4,3.7233,Medium(101-150),0,0,0,0,0,0
L,299.8,311.2,1369,46.2,146,0,0,0,0,0,0,0,11.4,6.6228,Medium(101-150),0,0,1,0,0,0
M,299.8,311.2,1706,29.2,148,0,0,0,0,0,0,1,11.4,5.2163,Medium(101-150),0,0,0,0,0,0
L,299.9,311.3,1802,24.4,151,0,0,0,0,0,0,0,11.4,4.6041,High(151-200),0,0,0,0,0,0
H,299.9,311.3,1413,41.8,153,0,0,0,0,0,0,2,11.4,6.1846,High(151-200),0,0,1,0,0,0
L,300.0,311.3,1484,53.2,158,0,0,0,0,0,0,0,11.3,8.2669,High(151-200),0,1,0,0,0,0
L,299.9,311.3,1535,38.1,160,0,0,0,0,0,0,0,11.4,6.1239,High(151-200),0,0,0,0,0,0
M,299.9,311.2,1579,35.5,162,0,0,0,0,0,0,1,11.3,5.8696,High(151-200),0,0,0,0,0,0
L,299.8,311.1,1300,64.2,165,0,0,0,0,0,0,0,11.3,8.7393,High(151-200),0,1,1,1,0,0
M,299.8,311.1,1452,44.3,167,0,0,0,0,0,0,1,11.3,6.7355,High(151-200),0,0,0,0,0,0
M,299.8,311.1,1562,35.7,170,0,0,0,0,0,0,1,11.3,5.8391,High(151-200),0,0,0,0,0,0
L,299.8,311.2,1664,28.3,173,0,0,0,0,0,0,0,11.4,4.931,High(151-200),0,0,0,0,0,0
H,299.9,311.2,1495,35.8,175,0,0,0,0,0,0,2,11.3,5.6043,High(151-200),0,0,0,0,0,0
M,300.0,311.4,1533,42.6,180,0,0,0,0,0,0,1,11.4,6.8383,High(151-200),0,0,0,0,0,0
L,300.0,311.4,1484,37.0,183,0,0,0,0,0,0,0,11.4,5.7495,High(151-200),0,0,0,0,0,0
L,300.0,311.4,1604,38.7,185,0,0,0,0,0,0,0,11.4,6.5,High(151-200),0,0,0,0,0,0
L,300.0,311.4,1483,45.6,187,0,0,0,0,0,0,0,11.4,7.0811,High(151-200),0,0,0,0,0,0
L,300.1,311.5,1549,34.7,189,0,0,0,0,0,0,0,11.4,5.6283,High(151-200),0,0,0,0,0,0
L,300.1,311.4,1604,35.0,191,0,0,0,0,0,0,0,11.3,5.8785,High(151-200),0,0,0,0,0,0
L,300.2,311.5,1685,31.0,193,0,0,0,0,0,0,0,11.3,5.4696,High(151-200),0,0,0,0,0,0
L,300.2,311.6,1372,49.2,195,0,0,0,0,0,0,0,11.4,7.0683,High(151-200),0,1,1,1,0,0
L,300.3,311.6,1374,47.4,197,0,0,0,0,0,0,0,11.3,6.8196,High(151-200),0,1,1,1,0,0
L,300.2,311.6,1606,31.0,199,0,0,0,0,0,0,0,11.4,5.2132,High(151-200),0,0,0,0,0,0
L,300.1,311.5,1471,47.2,201,0,0,0,0,0,0,0,11.4,7.2703,Critical(>200),1,1,0,0,0,0
L,300.1,311.5,1659,31.1,203,0,0,0,0,0,0,0,11.4,5.4026,Critical(>200),1,0,0,0,0,0
M,300.1,311.7,1400,48.5,205,0,0,0,0,0,0,1,11.6,7.1099,Critical(>200),1,1,1,1,0,0
L,300.1,311.7,1503,42.6,208,0,0,0,0,0,0,0,11.6,6.7045,Critical(>200),1,0,0,0,0,0
L,300.2,311.8,1798,23.2,210,0,0,0,0,0,0,0,11.6,4.3679,Critical(>200),1,0,0,0,0,0
M,300.2,311.6,1608,35.0,212,0,0,0,0,0,0,1,11.4,5.8932,Critical(>200),1,0,0,0,0,0
L,300.2,311.6,1322,50.9,215,0,0,0,0,0,0,0,11.4,7.0461,Critical(>200),1,1,1,1,0,0
H,300.2,311.6,1547,37.7,217,0,0,0,0,0,0,2,11.4,6.107,Critical(>200),1,0,0,0,0,0
M,300.3,311.7,1374,47.9,222,1,1,0,0,0,0,1,11.4,6.8916,Critical(>200),1,1,1,1,0,1
M,300.3,311.7,1447,36.8,0,0,0,0,0,0,0,1,11.4,5.5759,Fresh(0-50),0,0,0,0,0,0
L,300.4,311.7,1373,47.2,3,0,0,0,0,0,0,0,11.3,6.7859,Fresh(0-50),0,1,1,1,0,0
L,300.3,311.7,1515,37.5,5,0,0,0,0,0,0,0,11.4,5.949,Fresh(0-50),0,0,0,0,0,0
L,300.3,311.7,1317,56.5,7,0,0,0,0,0,0,0,11.4,7.7917,Fresh(0-50),0,1,1,1,0,0
L,300.3,311.8,1551,37.2,9,0,0,0,0,0,0,0,11.5,6.0416,Fresh(0-50),0,0,0,0,0,0
M,300.3,311.8,1592,32.1,11,0,0,0,0,0,0,1,11.5,5.3511,Fresh(0-50),0,0,0,0,0,0
L,300.4,311.8,1433,42.2,14,0,0,0,0,0,0,0,11.4,6.3322,Fresh(0-50),0,0,0,0,0,0
L,300.5,311.9,1432,43.1,16,0,0,0,0,0,0,0,11.4,6.4627,Fresh(0-50),0,0,0,0,0,0
L,300.5,311.9,1350,51.7,18,0,0,0,0,0,0,0,11.4,7.3084,Fresh(0-50),0,1,1,1,0,0
M,300.5,311.9,1370,44.8,20,0,0,0,0,0,0,1,11.4,6.4268,Fresh(0-50),0,0,1,0,0,0
L,300.5,312.0,1415,44.6,23,0,0,0,0,0,0,0,11.5,6.6083,Fresh(0-50),0,0,1,0,1,0
L,300.5,312.0,1498,42.9,25,0,0,0,0,0,0,0,11.5,6.7292,Fresh(0-50),0,0,0,0,1,0
M,300.5,312.0,1382,54.1,27,0,0,0,0,0,0,1,11.5,7.8289,Fresh(0-50),0,1,1,1,1,0
M,300.5,311.9,1511,44.5,30,0,0,0,0,0,0,1,11.4,7.0408,Fresh(0-50),0,0,0,0,0,0
L,300.5,311.9,1330,59.5,33,0,0,0,0,0,0,0,11.4,8.2864,Fresh(0-50),0,1,1,1,0,0
L,300.5,311.9,1383,50.5,35,0,0,0,0,0,0,0,11.4,7.3132,Fresh(0-50),0,1,1,1,0,0
L,300.5,311.9,1431,49.4,37,0,0,0,0,0,0,0,11.4,7.4022,Fresh(0-50),0,1,0,0,0,0
L,300.5,312.0,1461,38.1,39,0,0,0,0,0,0,0,11.5,5.8287,Fresh(0-50),0,0,0,0,1,0
H,300.4,311.9,1438,46.7,41,0,0,0,0,0,1,2,11.5,7.0319,Fresh(0-50),0,0,0,0,0,1
M,300.5,312.0,1779,27.7,46,0,0,0,0,0,0,1,11.5,5.16,Fresh(0-50),0,0,0,0,1,0
M,300.6,312.1,1293,52.3,49,0,0,0,0,0,0,1,11.5,7.081,Fresh(0-50),0,1,1,1,1,0
L,300.6,312.2,1308,54.7,52,0,0,0,0,0,0,0,11.6,7.4919,Low(51-100),0,1,1,1,1,0
L,300.6,312.3,1532,37.2,54,0,0,0,0,0,0,0,11.7,5.9676,Low(51-100),0,0,0,0,1,0
L,300.7,312.4,1470,38.6,56,0,0,0,0,0,0,0,11.7,5.9416,Low(51-100),0,0,0,0,1,0
L,300.7,312.3,1548,37.9,58,0,0,0,0,0,0,0,11.6,6.1434,Low(51-100),0,0,0,0,1,0
L,300.7,312.3,1898,24.0,60,0,0,0,0,0,0,0,11.6,4.7698,Low(51-100),0,0,0,0,1,0
H,300.7,312.2,1335,49.0,62,0,0,0,0,0,0,2,11.5,6.8497,Low(51-100),0,1,1,1,1,0
L,300.7,312.3,1420,53.8,67,0,0,0,0,0,0,0,11.6,7.9996,Low(51-100),0,1,1,1,1,0
L,300.7,312.3,1418,49.0,69,0,0,0,0,0,0,0,11.6,7.2756,Low(51-100),0,1,1,1,1,0
M,300.8,312.3,1535,40.3,71,0,0,0,0,0,0,1,11.5,6.4775,Low(51-100),0,0,0,0,1,0
H,300.7,312.4,1457,47.2,74,0,0,0,0,0,0,2,11.7,7.2011,Low(51-100),0,1,0,0,1,0
L,300.8,312.4,1493,39.1,79,0,0,0,0,0,0,0,11.6,6.1127,Low(51-100),0,0,0,0,1,0
H,300.7,312.3,1670,27.3,81,0,0,0,0,0,0,2,11.6,4.7739,Low(51-100),0,0,0,0,1,0
H,300.7,312.3,1446,45.4,86,0,0,0,0,0,0,2,11.6,6.8742,Low(51-100),0,0,0,0,1,0
L,300.8,312.4,1465,59.1,91,1,0,0,1,0,0,0,11.6,9.0661,Low(51-100),0,1,0,0,1,1
L,300.7,312.3,1590,36.3,93,0,0,0,0,0,0,0,11.6,6.0437,Low(51-100),0,0,0,0,1,0
M,300.6,312.2,2174,18.5,95,0,0,0,0,0,0,1,11.6,4.2114,Low(51-100),0,0,0,0,1,0
L,300.7,312.4,1590,37.9,98,0,0,0,0,0,0,0,11.7,6.3101,Low(51-100),0,0,0,0,1,0
L,300.7,312.3,1577,33.2,100,0,0,0,0,0,0,0,11.6,5.4823,Low(51-100),0,0,0,0,1,0
M,300.7,312.4,1371,61.7,102,0,0,0,0,0,0,1,11.7,8.8577,Medium(101-150),0,1,1,1,1,0
L,300.8,312.4,1767,25.6,105,0,0,0,0,0,0,0,11.6,4.7367,Medium(101-150),0,0,0,0,1,0
L,300.8,312.5,1517,39.2,107,0,0,0,0,0,0,0,11.7,6.2268,Medium(101-150),0,0,0,0,1,0
M,300.9,312.6,1555,40.6,109,0,0,0,0,0,0,1,11.7,6.6108,Medium(101-150),0,0,0,0,1,0
L,300.9,312.7,1416,43.8,112,0,0,0,0,0,0,0,11.8,6.4943,Medium(101-150),0,0,1,0,1,0
M,300.8,312.6,1588,35.6,114,0,0,0,0,0,0,1,11.8,5.9197,Medium(101-150),0,0,0,0,1,0
L,300.8,312.6,1422,50.0,117,0,0,0,0,0,0,0,11.8,7.445,Medium(101-150),0,1,1,1,1,0
L,300.8,312.6,1376,53.6,119,0,0,0,0,0,0,0,11.8,7.7229,Medium(101-150),0,1,1,1,1,0
L,300.8,312.5,1434,50.7,121,0,0,0,0,0,0,0,11.7,7.613,Medium(101-150),0,1,0,0,1,0
L,300.8,312.5,1423,47.3,123,0,0,0,0,0,0,0,11.7,7.0479,Medium(101-150),0,1,0,0,1,0
L,300.9,312.4,1364,52.5,125,0,0,0,0,0,0,0,11.5,7.4984,Medium(101-150),0,1,1,1,1,0
L,300.8,312.4,1825,23.8,127,0,0,0,0,0,0,0,11.6,4.5482,Medium(101-150),0,0,0,0,1,0
L,300.8,312.4,1365,44.5,129,0,0,0,0,0,0,0,11.6,6.3605,Medium(101-150),0,0,1,0,1,0
M,300.7,312.3,1430,47.2,131,0,0,0,0,0,0,1,11.6,7.0676,Medium(101-150),0,1,0,0,1,0
L,300.8,312.3,1435,44.8,134,0,0,0,0,0,0,0,11.5,6.7317,Medium(101-150),0,0,0,0,1,0
M,300.8,312.4,1811,25.1,136,0,0,0,0,0,0,1,11.6,4.7598,Medium(101-150),0,0,0,0,1,0
M,300.8,312.4,1465,43.7,139,0,0,0,0,0,0,1,11.6,6.7037,Medium(101-150),0,0,0,0,1,0
L,300.9,312.4,1372,51.0,142,0,0,0,0,0,0,0,11.5,7.3269,Medium(101-150),0,1,1,1,1,0
L,300.8,312.3,1858,26.3,144,0,0,0,0,0,0,0,11.5,5.1168,Medium(101-150),0,0,0,0,1,0
L,300.7,312.3,1715,26.8,146,0,0,0,0,0,0,0,11.6,4.8128,Medium(101-150),0,0,0,0,1,0
L,300.7,312.2,1590,38.5,148,0,0,0,0,0,0,0,11.5,6.4099,Medium(101-150),0,0,0,0,1,0
M,300.8,312.2,1664,25.7,150,0,0,0,0,0,0,1,11.4,4.478,Medium(101-150),0,0,0,0,1,0
L,300.7,312.1,1512,36.9,153,0,0,0,0,0,0,0,11.4,5.8422,High(151-200),0,0,0,0,1,0
L,300.7,312.1,1498,44.0,155,0,0,0,0,0,0,0,11.4,6.9018,High(151-200),0,0,0,0,1,0
L,300.7,312.1,1395,41.9,157,0,0,0,0,0,0,0,11.4,6.1205,High(151-200),0,0,1,0,1,0
H,300.7,312.1,1490,43.1,159,0,0,0,0,0,0,2,11.4,6.7245,High(151-200),0,0,0,0,1,0
H,300.8,312.1,1527,35.1,164,0,0,0,0,0,0,2,11.3,5.6123,High(151-200),0,0,0,0,1,0
L,300.8,312.1,1512,37.1,169,0,0,0,0,0,0,0,11.3,5.8738,High(151-200),0,0,0,0,1,0
L,300.9,312.1,1474,42.4,171,0,0,0,0,0,0,0,11.2,6.5443,High(151-200),0,0,0,0,1,0
L,300.8,312.1,1505,41.3,173,0,0,0,0,0,0,0,11.3,6.5085,High(151-200),0,0,0,0,1,0
L,300.8,312.0,1496,40.0,175,0,0,0,0,0,0,0,11.2,6.266,High(151-200),0,0,0,0,1,0
L,300.8,312.0,1382,49.3,177,0,0,0,0,0,0,0,11.2,7.1343,High(151-200),0,1,1,1,1,0
L,300.7,311.9,1419,47.7,179,0,0,0,0,0,0,0,11.2,7.0876,High(151-200),0,1,1,1,0,0
L,300.7,311.9,1462,39.7,181,0,0,0,0,0,0,0,11.2,6.0776,High(151-200),0,0,0,0,0,0
M,300.8,312.0,1450,45.0,183,0,0,0,0,0,0,1,11.2,6.8325,High(151-200),0,0,0,0,1,0
H,300.7,311.9,1389,46.5,186,0,0,0,0,0,0,2,11.2,6.7632,High(151-200),0,0,1,0,0,0
M,300.7,311.9,1697,28.2,191,0,0,0,0,0,0,1,11.2,5.011,High(151-200),0,0,0,0,0,0
L,300.7,311.9,1335,57.1,194,1,0,0,0,1,0,0,11.2,7.982,High(151-200),0,1,1,1,0,1
L,300.7,311.9,1476,42.0,196,0,0,0,0,0,0,0,11.2,6.4913,High(151-200),0,0,0,0,0,0
L,300.6,311.7,1497,43.6,198,0,0,0,0,0,0,0,11.1,6.8345,High(151-200),0,0,0,0,0,0
M,300.6,311.6,1669,29.2,200,0,0,0,0,0,0,1,11.0,5.1031,High(151-200),0,0,0,0,0,0
L,300.6,311.6,1455,48.0,203,0,0,0,0,0,0,0,11.0,7.3131,Critical(>200),1,1,0,0,0,0
L,300.7,311.7,1499,38.4,205,0,0,0,0,0,0,0,11.0,6.0274,Critical(>200),1,0,0,0,0,0
L,300.7,311.8,1478,41.9,207,0,0,0,0,0,0,0,11.1,6.4846,Critical(>200),1,0,0,0,0,0
L,300.8,311.8,1928,21.8,209,0,0,0,0,0,0,0,11.0,4.4011,Critical(>200),1,0,0,0,0,0
M,300.8,311.9,1621,28.3,211,0,0,0,0,0,0,1,11.1,4.8036,Critical(>200),1,0,0,0,0,0
M,300.8,311.9,1356,44.3,214,0,0,0,0,0,0,1,11.1,6.2901,Critical(>200),1,0,1,0,0,0
L,300.8,311.7,1490,46.4,217,0,0,0,0,0,0,0,10.9,7.2394,Critical(>200),1,0,0,0,0,0
L,300.8,311.7,1578,31.4,219,0,0,0,0,0,0,0,10.9,5.1884,Critical(>200),1,0,0,0,0,0
L,300.8,311.7,1681,31.3,221,0,0,0,0,0,0,0,10.9,5.5095,Critical(>200),1,0,0,0,0,0
L,300.8,311.8,1417,43.4,223,0,0,0,0,0,0,0,11.0,6.4396,Critical(>200),1,0,1,0,0,0
M,300.7,311.7,1532,40.0,0,0,0,0,0,0,0,1,11.0,6.4168,Fresh(0-50),0,0,0,0,0,0
M,300.7,311.7,1499,38.9,3,0,0,0,0,0,0,1,11.0,6.1059,Fresh(0-50),0,0,0,0,0,0
L,300.8,311.7,1432,45.8,6,0,0,0,0,0,0,0,10.9,6.8676,Fresh(0-50),0,0,0,0,0,0
L,300.8,311.7,1753,29.0,8,0,0,0,0,0,0,0,10.9,5.3232,Fresh(0-50),0,0,0,0,0,0
L,300.8,311.7,1414,49.0,10,0,0,0,0,0,0,0,10.9,7.2551,Fresh(0-50),0,1,1,1,0,0
L,300.8,311.7,1655,32.2,12,0,0,0,0,0,0,0,10.9,5.5802,Fresh(0-50),0,0,0,0,0,0
L,300.8,311.6,1516,35.6,14,0,0,0,0,0,0,0,10.8,5.6513,Fresh(0-50),0,0,0,0,0,0
L,300.8,311.7,1426,45.5,16,0,0,0,0,0,0,0,10.9,6.794,Fresh(0-50),0,0,0,0,0,0
L,300.8,311.7,1479,39.4,18,0,0,0,0,0,0,0,10.9,6.1018,Fresh(0-50),0,0,0,0,0,0
M,300.7,311.5,1569,36.4,20,0,0,0,0,0,0,1,10.8,5.9803,Fresh(0-50),0,0,0,0,0,0
L,300.8,311.6,1568,36.0,23,0,0,0,0,0,0,0,10.8,5.9108,Fresh(0-50),0,0,0,0,0,0
M,300.9,311.8,1843,24.5,25,0,0,0,0,0,0,1,10.9,4.7281,Fresh(0-50),0,0,0,0,0,0
M,300.9,311.9,1480,40.9,28,0,0,0,0,0,0,1,11.0,6.3384,Fresh(0-50),0,0,0,0,0,0
L,301.0,312.0,1447,36.8,31,0,0,0,0,0,0,0,11.0,5.5759,Fresh(0-50),0,0,0,0,1,0
L,301.0,311.9,1454,41.9,33,0,0,0,0,0,0,0,10.9,6.3793,Fresh(0-50),0,0,0,0,0,0
M,300.9,311.9,1310,56.1,35,0,0,0,0,0,0,1,11.0,7.6954,Fresh(0-50),0,1,1,1,0,0
H,300.9,311.9,1513,38.0,38,0,0,0,0,0,0,2,11.0,6.0203,Fresh(0-50),0,0,0,0,0,0
H,300.9,311.9,2140,16.5,43,0,0,0,0,0,0,2,11.0,3.6974,Fresh(0-50),0,0,0,0,0,0
L,301.0,312.1,1377,49.9,48,0,0,0,0,0,0,0,11.1,7.195,Fresh(0-50),0,1,1,1,1,0
L,301.0,312.1,1585,32.3,50,0,0,0,0,0,0,0,11.1,5.3608,Fresh(0-50),0,0,0,0,1,0
H,301.1,312.2,1491,42.6,52,0,0,0,0,0,0,2,11.1,6.651,Low(51-100),0,0,0,0,1,0
L,301.0,312.2,1264,59.0,57,0,0,0,0,0,0,0,11.2,7.809,Low(51-100),0,1,1,1,1,0
L,301.0,312.2,1372,47.0,59,0,0,0,0,0,0,0,11.2,6.7523,Low(51-100),0,1,1,1,1,0
L,301.0,312.2,1510,39.9,61,0,0,0,0,0,0,0,11.2,6.3088,Low(51-100),0,0,0,0,1,0
L,300.9,312.1,1423,40.2,63,0,0,0,0,0,0,0,11.2,5.99,Low(51-100),0,0,0,0,1,0
L,301.1,312.3,1464,35.3,65,0,0,0,0,0,0,0,11.2,5.4114,Low(51-100),0,0,0,0,1,0
L,301.0,312.2,1602,35.9,67,0,0,0,0,0,0,0,11.2,6.0222,Low(51-100),0,0,0,0,1,0
M,301.0,312.2,1629,32.6,69,0,0,0,0,0,0,1,11.2,5.5608,Low(51-100),0,0,0,0,1,0
L,300.9,312.2,1811,23.2,72,0,0,0,0,0,0,0,11.3,4.3995,Low(51-100),0,0,0,0,1,0
L,300.9,312.1,1711,28.8,74,0,0,0,0,0,0,0,11.2,5.1599,Low(51-100),0,0,0,0,1,0
M,300.9,312.1,1297,48.6,76,0,0,0,0,0,0,1,11.2,6.6004,Low(51-100),0,1,1,1,1,0
L,301.0,312.1,1405,46.1,79,0,0,0,0,0,0,0,11.1,6.7823,Low(51-100),0,0,1,0,1,0
L,301.1,312.2,1397,54.9,81,0,0,0,0,0,0,0,11.1,8.0309,Low(51-100),0,1,1,1,1,0
L,301.1,312.3,1682,29.7,83,0,0,0,0,0,0,0,11.2,5.2309,Low(51-100),0,0,0,0,1,0
L,301.2,312.3,1528,38.4,85,0,0,0,0,0,0,0,11.1,6.144,Low(51-100),0,0,0,0,1,0
M,301.2,312.3,1548,38.3,87,0,0,0,0,0,0,1,11.1,6.2082,Low(51-100),0,0,0,0,1,0
H,301.2,312.4,1395,47.8,90,0,0,0,0,0,0,2,11.2,6.9823,Low(51-100),0,1,1,1,1,0
L,301.2,312.4,1378,59.0,95,0,0,0,0,0,0,0,11.2,8.5133,Low(51-100),0,1,1,1,1,0
L,301.2,312.4,1480,53.5,97,0,0,0,0,0,0,0,11.2,8.2911,Low(51-100),0,1,0,0,1,0
M,301.2,312.4,1428,36.6,99,0,0,0,0,0,0,1,11.2,5.4728,Low(51-100),0,0,0,0,1,0
M,301.2,312.4,1505,39.6,102,0,0,0,0,0,0,1,11.2,6.2406,Medium(101-150),0,0,0,0,1,0
L,301.0,312.3,1445,36.4,105,0,0,0,0,0,0,0,11.3,5.5076,Medium(101-150),0,0,0,0,1,0
L,301.0,312.3,1488,42.6,107,0,0,0,0,0,0,0,11.3,6.6376,Medium(101-150),0,0,0,0,1,0
L,301.0,312.2,1601,33.0,109,0,0,0,0,0,0,0,11.2,5.5323,Medium(101-150),0,0,0,0,1,0
L,301.0,312.3,1550,34.9,111,0,0,0,0,0,0,0,11.3,5.6644,Medium(101-150),0,0,0,0,1,0
L,301.0,312.2,1540,34.1,113,0,0,0,0,0,0,0,11.2,5.4988,Medium(101-150),0,0,0,0,1,0
L,301.1,312.3,1587,34.5,115,0,0,0,0,0,0,0,11.2,5.7331,Medium(101-150),0,0,0,0,1,0
H,301.0,312.2,1489,40.3,117,0,0,0,0,0,0,2,11.2,6.2834,Medium(101-150),0,0,0,0,1,0
L,301.1,312.3,1486,34.9,122,0,0,0,0,0,0,0,11.2,5.4305,Medium(101-150),0,0,0,0,1,0
L,301.1,312.4,1430,37.9,124,0,0,0,0,0,0,0,11.3,5.6751,Medium(101-150),0,0,0,0,1,0
M,301.1,312.4,1809,25.1,126,0,0,0,0,0,0,1,11.3,4.7545,Medium(101-150),0,0,0,0,1,0
L,301.1,312.3,1534,39.0,129,0,0,0,0,0,0,0,11.2,6.2645,Medium(101-150),0,0,0,0,1,0
M,301.1,312.3,1852,25.9,131,0,0,0,0,0,0,1,11.2,5.0227,Medium(101-150),0,0,0,0,1,0
L,301.1,312.3,1595,31.9,134,0,0,0,0,0,0,0,11.2,5.3278,Medium(101-150),0,0,0,0,1,0
L,301.0,312.3,1424,43.5,136,0,0,0,0,0,0,0,11.3,6.4863,Medium(101-150),0,0,0,0,1,0
L,301.0,312.2,1776,28.8,138,0,0,0,0,0,0,0,11.2,5.3559,Medium(101-150),0,0,0,0,1,0
M,301.0,312.2,1499,41.5,140,0,0,0,0,0,0,1,11.2,6.514,Medium(101-150),0,0,0,0,1,0
M,301.0,312.2,2710,9.7,143,1,0,0,1,0,0,1,11.2,2.7526,Medium(101-150),0,0,0,0,1,1
L,300.9,312.1,1359,51.7,146,0,0,0,0,0,0,0,11.2,7.3571,Medium(101-150),0,1,1,1,1,0
M,300.9,312.1,1617,31.0,148,0,0,0,0,0,0,1,11.2,5.2489,Medium(101-150),0,0,0,0,1,0
M,300.8,312.0,1443,53.3,151,0,0,0,0,0,0,1,11.2,8.0536,High(151-200),0,1,0,0,1,0
L,300.8,312.0,1374,50.2,154,0,0,0,0,0,0,0,11.2,7.2225,High(151-200),0,1,1,1,1,0
M,300.9,312.1,1851,23.0,156,0,0,0,0,0,0,1,11.2,4.4579,High(151-200),0,0,0,0,1,0
M,300.8,312.0,1274,67.3,159,0,0,0,0,0,0,1,11.2,8.978,High(151-200),0,1,1,1,1,0
L,300.9,312.0,1533,44.0,162,0,0,0,0,0,0,0,11.1,7.063,High(151-200),0,0,0,0,1,0
L,300.8,312.0,1477,37.3,164,0,0,0,0,0,0,0,11.2,5.7688,High(151-200),0,0,0,0,1,0
L,300.9,312.1,1462,46.0,166,0,0,0,0,0,0,0,11.2,7.0421,High(151-200),0,0,0,0,1,0
M,301.0,312.1,1664,28.4,168,0,0,0,0,0,0,1,11.1,4.9484,High(151-200),0,0,0,0,1,0
L,300.8,311.9,1414,41.1,171,0,0,0,0,0,0,0,11.1,6.0854,High(151-200),0,0,1,0,0,0
H,300.9,312.0,2129,17.8,173,0,0,0,0,0,0,2,11.1,3.9682,High(151-200),0,0,0,0,1,0
L,300.8,311.8,1323,61.1,178,0,0,0,0,0,0,0,11.0,8.4644,High(151-200),0,1,1,1,0,0
L,300.8,311.8,1427,43.3,180,0,0,0,0,0,0,0,11.0,6.4701,High(151-200),0,0,0,0,0,0
M,300.9,312.0,1375,56.1,182,0,0,0,0,0,0,1,11.1,8.0772,High(151-200),0,1,1,1,1,0
M,300.9,312.0,1402,50.7,185,0,0,0,0,0,0,1,11.1,7.4431,High(151-200),0,1,1,1,1,0
L,300.9,312.0,1500,44.2,188,0,0,0,0,0,0,0,11.1,6.9424,High(151-200),0,0,0,0,1,0
M,301.0,312.0,1558,37.5,190,0,0,0,0,0,0,1,11.0,6.1178,High(151-200),0,0,0,0,1,0
M,300.9,312.0,1447,41.4,193,0,0,0,0,0,0,1,11.1,6.2729,High(151-200),0,0,0,0,1,0
L,301.0,312.0,1518,39.3,196,0,0,0,0,0,0,0,11.0,6.2468,High(151-200),0,0,0,0,1,0
L,301.0,311.9,1889,23.5,198,0,0,0,0,0,0,0,10.9,4.6483,High(151-200),0,0,0,0,0,0
L,301.0,312.1,1675,30.7,200,0,0,0,0,0,0,0,11.1,5.3846,High(151-200),0,0,0,0,1,0
H,300.9,312.0,1720,27.9,202,0,0,0,0,0,0,2,11.1,5.0249,Critical(>200),1,0,0,0,1,0
M,301.0,312.0,1499,34.6,207,0,0,0,0,0,0,1,11.0,5.4309,Critical(>200),1,0,0,0,1,0
L,300.9,312.0,1441,43.8,210,0,0,0,0,0,0,0,11.1,6.609,Critical(>200),1,0,0,0,1,0
H,300.9,312.0,1397,42.7,212,0,0,0,0,0,0,2,11.1,6.2463,Critical(>200),1,0,1,0,1,0
L,300.9,312.0,1493,38.7,217,0,0,0,0,0,0,0,11.1,6.0502,Critical(>200),1,0,0,0,1,0
M,300.8,312.0,1422,50.7,219,0,0,0,0,0,0,1,11.2,7.5493,Critical(>200),1,1,1,1,1,0
L,300.7,311.9,1399,50.2,222,1,0,0,0,1,0,0,11.2,7.3539,Critical(>200),1,1,1,1,0,1
L,300.6,311.9,1425,44.9,224,0,0,0,0,0,0,0,11.3,6.6997,Critical(>200),1,0,0,0,0,0
L,300.6,311.8,1501,44.8,226,0,0,0,0,0,0,0,11.2,7.0413,Critical(>200),1,0,0,0,0,0
M,300.6,311.9,1629,35.3,0,0,0,0,0,0,0,1,11.3,6.0213,Fresh(0-50),0,0,0,0,0,0
L,300.6,312.0,1490,42.2,3,0,0,0,0,0,0,0,11.4,6.5841,Fresh(0-50),0,0,0,0,1,0
L,300.7,312.0,1550,32.4,5,0,0,0,0,0,0,0,11.3,5.2586,Fresh(0-50),0,0,0,0,1,0
L,300.8,312.0,1416,46.5,7,0,0,0,0,0,0,0,11.2,6.8947,Fresh(0-50),0,0,1,0,1,0
L,300.7,311.9,1485,38.8,9,0,0,0,0,0,0,0,11.2,6.0333,Fresh(0-50),0,0,0,0,0,0
L,300.7,311.8,1564,36.8,11,0,0,0,0,0,0,0,11.1,6.0267,Fresh(0-50),0,0,0,0,0,0
L,300.7,311.7,1910,19.7,13,0,0,0,0,0,0,0,11.0,3.94,Fresh(0-50),0,0,0,0,0,0
L,300.7,311.7,1460,46.1,15,0,0,0,0,0,0,0,11.0,7.0477,Fresh(0-50),0,0,0,0,0,0
L,300.7,311.8,1603,34.1,17,0,0,0,0,0,0,0,11.1,5.7238,Fresh(0-50),0,0,0,0,0,0
L,300.7,311.8,1486,47.3,19,0,0,0,0,0,0,0,11.1,7.36,Fresh(0-50),0,1,0,0,0,0
L,300.8,311.9,1560,31.8,21,0,0,0,0,0,0,0,11.1,5.1946,Fresh(0-50),0,0,0,0,0,0
L,300.8,311.9,1498,39.3,23,0,0,0,0,0,0,0,11.1,6.1645,Fresh(0-50),0,0,0,0,0,0
H,300.8,311.9,1431,48.5,25,0,0,0,0,0,0,2,11.1,7.2674,Fresh(0-50),0,1,0,0,0,0
L,300.8,311.9,1486,45.1,30,0,0,0,0,0,0,0,11.1,7.0177,Fresh(0-50),0,0,0,0,0,0
L,300.7,311.9,1486,35.8,32,0,0,0,0,0,0,0,11.2,5.5706,Fresh(0-50),0,0,0,0,0,0
L,300.7,311.8,1441,38.1,34,0,0,0,0,0,0,0,11.1,5.7489,Fresh(0-50),0,0,0,0,0,0
M,300.7,311.9,1366,55.1,36,0,0,0,0,0,0,1,11.2,7.8813,Fresh(0-50),0,1,1,1,0,0
L,300.6,311.8,1471,41.4,39,0,0,0,0,0,0,0,11.2,6.3769,Fresh(0-50),0,0,0,0,0,0
L,300.6,311.9,1463,38.2,41,0,0,0,0,0,0,0,11.3,5.852,Fresh(0-50),0,0,0,0,0,0
L,300.6,311.9,1413,41.3,43,0,0,0,0,0,0,0,11.3,6.1107,Fresh(0-50),0,0,1,0,0,0
H,300.6,311.9,1604,30.5,45,0,0,0,0,0,0,2,11.3,5.1227,Fresh(0-50),0,0,0,0,0,0
L,300.7,312.0,1401,51.1,50,0,0,0,0,0,0,0,11.3,7.4965,Fresh(0-50),0,1,1,1,1,0
L,300.6,311.8,1652,27.2,52,0,0,0,0,0,0,0,11.2,4.7052,Low(51-100),0,0,0,0,0,0
L,300.5,311.9,1403,45.7,54,0,0,0,0,0,0,0,11.4,6.7138,Low(51-100),0,0,1,0,0,0
L,300.5,311.9,1887,21.7,56,0,0,0,0,0,0,0,11.4,4.2877,Low(51-100),0,0,0,0,0,0
L,300.4,311.8,1405,47.9,58,0,0,0,0,0,0,0,11.4,7.0471,Low(51-100),0,1,1,1,0,0
H,300.2,311.6,1496,41.1,60,0,0,0,0,0,0,2,11.4,6.4383,Low(51-100),0,0,0,0,0,0
L,300.1,311.5,1499,43.4,65,0,0,0,0,0,0,0,11.4,6.8122,Low(51-100),0,0,0,0,0,0
L,300.2,311.5,1549,37.2,67,0,0,0,0,0,0,0,11.3,6.0338,Low(51-100),0,0,0,0,0,0
L,300.3,311.6,1515,44.9,69,0,0,0,0,0,0,0,11.3,7.1229,Low(51-100),0,0,0,0,0,0
L,300.2,311.6,1540,37.7,71,0,0,0,0,0,0,0,11.4,6.0794,Low(51-100),0,0,0,0,0,0
H,300.2,311.5,1426,44.3,73,0,0,0,0,0,0,2,11.3,6.6148,Low(51-100),0,0,0,0,0,0
M,300.2,311.6,1465,41.4,78,0,0,0,0,0,0,1,11.4,6.3509,Low(51-100),0,0,0,0,0,0
M,300.3,311.6,1359,54.1,81,0,0,0,0,0,0,1,11.3,7.6986,Low(51-100),0,1,1,1,0,0
M,300.3,311.7,1551,36.4,84,0,0,0,0,0,0,1,11.4,5.9117,Low(51-100),0,0,0,0,0,0
L,300.5,311.8,1596,34.8,87,0,0,0,0,0,0,0,11.3,5.8158,Low(51-100),0,0,0,0,0,0
M,300.5,311.9,1670,26.3,89,0,0,0,0,0,0,1,11.4,4.5991,Low(51-100),0,0,0,0,0,0
L,300.4,311.9,1868,21.3,92,0,0,0,0,0,0,0,11.5,4.1663,Low(51-100),0,0,0,0,0,0
M,300.6,312.0,1490,39.8,94,0,0,0,0,0,0,1,11.4,6.2096,Low(51-100),0,0,0,0,1,0
M,300.5,311.9,1676,35.2,97,0,0,0,0,0,0,1,11.4,6.1775,Low(51-100),0,0,0,0,0,0
M,300.5,311.9,1875,22.1,100,0,0,0,0,0,0,1,11.4,4.339,Low(51-100),0,0,0,0,0,0
M,300.5,312.0,1867,23.0,103,0,0,0,0,0,0,1,11.5,4.4964,Medium(101-150),0,0,0,0,1,0
L,300.5,312.0,1646,29.5,106,0,0,0,0,0,0,0,11.5,5.0845,Medium(101-150),0,0,0,0,1,0
H,300.5,312.0,1375,43.2,108,0,0,0,0,0,0,2,11.5,6.2199,Medium(101-150),0,0,1,0,1,0
L,300.5,312.0,1558,36.7,113,0,0,0,0,0,0,0,11.5,5.9873,Medium(101-150),0,0,0,0,1,0
L,300.4,312.0,1631,34.9,115,0,0,0,0,0,0,0,11.6,5.9604,Medium(101-150),0,0,0,0,1,0
L,300.4,312.0,1366,43.0,117,0,0,0,0,0,0,0,11.6,6.1506,Medium(101-150),0,0,1,0,1,0
L,300.3,311.8,1360,48.0,119,0,0,0,0,0,0,0,11.5,6.8356,Medium(101-150),0,1,1,1,0,0
L,300.3,311.8,1547,39.7,121,0,0,0,0,0,0,0,11.5,6.431,Medium(101-150),0,0,0,0,0,0
L,300.3,311.7,1571,31.2,123,0,0,0,0,0,0,0,11.4,5.1325,Medium(101-150),0,0,0,0,0,0
L,300.2,311.5,1528,36.1,125,0,0,0,0,0,0,0,11.3,5.776,Medium(101-150),0,0,0,0,0,0
H,300.2,311.5,1432,43.6,127,0,0,0,0,0,0,2,11.3,6.5377,Medium(101-150),0,0,0,0,0,0
L,300.2,311.6,1356,53.5,132,0,0,0,0,0,0,0,11.4,7.5964,Medium(101-150),0,1,1,1,0,0
H,300.1,311.5,1422,46.2,134,0,0,0,0,0,0,2,11.4,6.8792,Medium(101-150),0,0,1,0,0,0
L,300.1,311.4,1438,42.2,139,0,0,0,0,0,0,0,11.3,6.3543,Medium(101-150),0,0,0,0,0,0
L,300.2,311.4,1483,44.4,141,0,0,0,0,0,0,0,11.2,6.8948,Medium(101-150),0,0,0,0,0,0
L,300.2,311.4,1331,49.8,143,0,0,0,0,0,0,0,11.2,6.9407,Medium(101-150),0,1,1,1,0,0
L,300.2,311.4,1463,37.5,145,0,0,0,0,0,0,0,11.2,5.7448,Medium(101-150),0,0,0,0,0,0
L,300.1,311.4,1446,40.6,147,0,0,0,0,0,0,0,11.3,6.1474,Medium(101-150),0,0,0,0,0,0
L,300.1,311.4,1356,45.7,149,0,0,0,0,0,0,0,11.3,6.4889,Medium(101-150),0,0,1,0,0,0
L,300.1,311.3,1676,30.3,151,0,0,0,0,0,0,0,11.2,5.3176,High(151-200),0,0,0,0,0,0
L,300.1,311.4,1910,23.0,153,0,0,0,0,0,0,0,11.3,4.6,High(151-200),0,0,0,0,0,0
L,300.2,311.6,1375,56.9,155,0,0,0,0,0,0,0,11.4,8.1924,High(151-200),0,1,1,1,0,0
M,300.2,311.6,1513,40.8,157,0,0,0,0,0,0,1,11.4,6.4639,High(151-200),0,0,0,0,0,0
L,300.2,311.6,1511,35.7,160,0,0,0,0,0,0,0,11.4,5.6485,High(151-200),0,0,0,0,0,0
H,300.2,311.6,1662,28.8,162,0,0,0,0,0,0,2,11.4,5.0121,High(151-200),0,0,0,0,0,0
L,300.2,311.7,1493,48.3,167,0,0,0,0,0,0,0,11.5,7.551,High(151-200),0,1,0,0,0,0
M,300.2,311.7,1555,37.4,169,0,0,0,0,0,0,1,11.5,6.0897,High(151-200),0,0,0,0,0,0
L,300.3,311.7,1452,41.5,172,0,0,0,0,0,0,0,11.4,6.3097,High(151-200),0,0,0,0,0,0
L,300.2,311.6,1500,39.0,174,0,0,0,0,0,0,0,11.4,6.1257,High(151-200),0,0,0,0,0,0
L,300.2,311.7,1603,30.5,176,0,0,0,0,0,0,0,11.5,5.1195,High(151-200),0,0,0,0,0,0
L,300.3,311.7,1682,27.8,178,0,0,0,0,0,0,0,11.4,4.8963,High(151-200),0,0,0,0,0,0
L,300.3,311.8,1567,37.7,180,0,0,0,0,0,0,0,11.5,6.186,High(151-200),0,0,0,0,0,0
L,300.3,311.8,1413,46.0,182,0,0,0,0,0,0,0,11.5,6.8061,High(151-200),0,0,1,0,0,0
M,300.3,311.9,1429,41.6,184,0,0,0,0,0,0,1,11.6,6.2248,High(151-200),0,0,0,0,0,0
L,300.3,311.9,1692,31.5,187,0,0,0,0,0,0,0,11.6,5.5809,High(151-200),0,0,0,0,0,0
L,300.4,311.9,1476,48.7,189,0,0,0,0,0,0,0,11.5,7.5268,High(151-200),0,1,0,0,0,0
M,300.4,312.0,1596,30.4,191,0,0,0,0,0,0,1,11.6,5.0805,High(151-200),0,0,0,0,1,0
H,300.3,311.9,1390,49.0,194,0,0,0,0,0,0,2,11.6,7.1319,High(151-200),0,1,1,1,0,0
M,300.3,311.8,1607,33.7,199,0,0,0,0,0,0,1,11.5,5.6708,High(151-200),0,0,0,0,0,0
L,300.3,311.7,1821,26.3,202,0,0,0,0,0,0,0,11.4,5.0149,Critical(>200),1,0,0,0,0,0
H,300.3,311.8,2141,18.5,204,0,0,0,0,0,0,2,11.5,4.1475,Critical(>200),1,0,0,0,0,0
M,300.4,311.8,1553,33.1,209,1,1,0,0,0,0,1,11.4,5.3826,Critical(>200),1,0,0,0,0,1
M,300.4,311.8,1442,45.1,0,0,0,0,0,0,0,1,11.4,6.8099,Fresh(0-50),0,0,0,0,0,0
L,300.4,311.7,1459,45.6,3,0,0,0,0,0,0,0,11.3,6.9665,Fresh(0-50),0,0,0,0,0,0
H,300.4,311.8,2496,13.5,5,0,0,0,0,0,0,2,11.4,3.5284,Fresh(0-50),0,0,0,0,0,0
L,300.4,311.8,1367,57.2,10,0,0,0,0,0,0,0,11.4,8.1877,Fresh(0-50),0,1,1,1,0,0
L,300.3,311.8,2004,19.6,12,0,0,0,0,0,0,0,11.5,4.1129,Fresh(0-50),0,0,0,0,0,0
L,300.3,311.7,1406,47.5,14,0,0,0,0,0,0,0,11.4,6.9932,Fresh(0-50),0,1,1,1,0,0
L,300.3,311.8,1548,33.0,16,0,0,0,0,0,0,0,11.5,5.3491,Fresh(0-50),0,0,0,0,0,0
L,300.3,311.7,1333,55.2,18,0,0,0,0,0,0,0,11.4,7.7049,Fresh(0-50),0,1,1,1,0,0
L,300.2,311.6,1767,26.4,20,0,0,0,0,0,0,0,11.4,4.8847,Fresh(0-50),0,0,0,0,0,0
L,300.2,311.6,1827,27.0,22,0,0,0,0,0,0,0,11.4,5.1653,Fresh(0-50),0,0,0,0,0,0
M,300.2,311.6,1533,46.4,24,0,0,0,0,0,0,1,11.4,7.4483,Fresh(0-50),0,0,0,0,0,0
H,300.2,311.5,1515,36.8,27,0,0,0,0,0,0,2,11.3,5.8379,Fresh(0-50),0,0,0,0,0,0
L,300.2,311.4,1568,41.0,32,0,0,0,0,0,0,0,11.2,6.7317,Fresh(0-50),0,0,0,0,0,0
L,300.2,311.4,1452,47.8,34,0,0,0,0,0,0,0,11.2,7.2676,Fresh(0-50),0,1,0,0,0,0
L,300.2,311.4,1433,37.9,36,0,0,0,0,0,0,0,11.2,5.687,Fresh(0-50),0,0,0,0,0,0
M,300.1,311.3,1650,33.8,38,0,0,0,0,0,0,1,11.2,5.8398,Fresh(0-50),0,0,0,0,0,0
L,300.1,311.4,1629,31.3,41,0,0,0,0,0,0,0,11.3,5.339,Fresh(0-50),0,0,0,0,0,0
L,300.0,311.3,1520,39.2,43,0,0,0,0,0,0,0,11.3,6.2392,Fresh(0-50),0,0,0,0,0,0
H,300.0,311.2,1393,43.1,45,0,0,0,0,0,0,2,11.2,6.2867,Fresh(0-50),0,0,1,0,0,0
H,299.9,311.2,1364,49.6,50,0,0,0,0,0,0,2,11.3,7.0842,Fresh(0-50),0,1,1,1,0,0
M,299.9,311.3,1389,50.0,55,0,0,0,0,0,0,1,11.4,7.2723,Low(51-100),0,1,1,1,0,0
L,299.8,311.1,1466,46.1,58,0,0,0,0,0,0,0,11.3,7.0767,Low(51-100),0,0,0,0,0,0
L,299.7,311.1,1650,32.4,60,0,0,0,0,0,0,0,11.4,5.5979,Low(51-100),0,0,0,0,0,0
L,299.6,311.0,1554,36.3,62,0,0,0,0,0,0,0,11.4,5.9068,Low(51-100),0,0,0,0,0,0
M,299.6,310.9,1474,39.7,64,0,0,0,0,0,0,1,11.3,6.1275,Low(51-100),0,0,0,0,0,0
H,299.5,310.8,1600,32.4,67,0,0,0,0,0,0,2,11.3,5.4283,Low(51-100),0,0,0,0,0,0
L,299.5,310.8,1356,54.9,72,0,0,0,0,0,0,0,11.3,7.7952,Low(51-100),0,1,1,1,0,0
L,299.5,310.8,1571,38.2,74,0,0,0,0,0,0,0,11.3,6.284,Low(51-100),0,0,0,0,0,0
L,299.6,310.9,1658,28.0,76,0,0,0,0,0,0,0,11.3,4.8612,Low(51-100),0,0,0,0,0,0
L,299.6,310.8,1393,49.9,78,0,0,0,0,0,0,0,11.2,7.2786,Low(51-100),0,1,1,1,0,0
M,299.7,311.0,1448,49.8,80,0,0,0,0,0,0,1,11.3,7.5508,Low(51-100),0,1,0,0,0,0
L,299.7,310.9,1477,40.4,83,0,0,0,0,0,0,0,11.2,6.2483,Low(51-100),0,0,0,0,0,0
M,299.7,311.0,1506,42.7,85,0,0,0,0,0,0,1,11.3,6.7336,Low(51-100),0,0,0,0,0,0
M,299.7,310.9,1685,32.1,88,0,0,0,0,0,0,1,11.2,5.6637,Low(51-100),0,0,0,0,0,0
L,299.6,310.9,1533,31.8,91,0,0,0,0,0,0,0,11.3,5.1046,Low(51-100),0,0,0,0,0,0
L,299.5,310.8,1447,41.0,93,0,0,0,0,0,0,0,11.3,6.2123,Low(51-100),0,0,0,0,0,0
M,299.5,310.7,1488,39.5,95,0,0,0,0,0,0,1,11.2,6.1546,Low(51-100),0,0,0,0,0,0
M,299.6,310.8,1427,50.4,98,0,0,0,0,0,0,1,11.2,7.531,Low(51-100),0,1,0,0,0,0
M,299.5,310.7,1424,41.3,101,0,0,0,0,0,0,1,11.2,6.1582,Medium(101-150),0,0,0,0,0,0
L,299.5,310.7,1472,40.9,104,0,0,0,0,0,0,0,11.2,6.3042,Medium(101-150),0,0,0,0,0,0
L,299.5,310.7,1438,45.7,106,0,0,0,0,0,0,0,11.2,6.8813,Medium(101-150),0,0,0,0,0,0
L,299.6,310.8,1507,42.4,108,0,0,0,0,0,0,0,11.2,6.6908,Medium(101-150),0,0,0,0,0,0
L,299.6,310.7,1393,52.1,110,0,0,0,0,0,0,0,11.1,7.5995,Medium(101-150),0,1,1,1,0,0
L,299.5,310.8,1283,52.4,112,0,0,0,0,0,0,0,11.3,7.0397,Medium(101-150),0,1,1,1,0,0
L,299.6,310.8,1644,30.9,114,0,0,0,0,0,0,0,11.2,5.3193,Medium(101-150),0,0,0,0,0,0
L,299.6,310.8,1498,46.9,116,0,0,0,0,0,0,0,11.2,7.3567,Medium(101-150),0,1,0,0,0,0
L,299.6,310.8,1400,40.8,118,0,0,0,0,0,0,0,11.2,5.9812,Medium(101-150),0,0,1,0,0,0
H,299.6,310.9,1679,31.2,120,0,0,0,0,0,0,2,11.3,5.4853,Medium(101-150),0,0,0,0,0,0
M,299.7,311.1,1618,30.3,125,0,0,0,0,0,0,1,11.4,5.1335,Medium(101-150),0,0,0,0,0,0
H,299.6,311.0,1714,30.2,128,0,0,0,0,0,0,2,11.4,5.4202,Medium(101-150),0,0,0,0,0,0
L,299.6,311.0,1574,35.0,133,0,0,0,0,0,0,0,11.4,5.7686,Medium(101-150),0,0,0,0,0,0
L,299.7,311.1,1574,36.4,135,0,0,0,0,0,0,0,11.4,5.9993,Medium(101-150),0,0,0,0,0,0
L,299.6,310.9,1472,40.9,137,0,0,0,0,0,0,0,11.3,6.3042,Medium(101-150),0,0,0,0,0,0
L,299.6,311.0,1552,33.2,139,0,0,0,0,0,0,0,11.4,5.3954,Medium(101-150),0,0,0,0,0,0
L,299.7,311.1,1603,31.4,141,0,0,0,0,0,0,0,11.4,5.2706,Medium(101-150),0,0,0,0,0,0
H,299.7,311.1,1353,47.1,143,0,0,0,0,0,0,2,11.4,6.6729,Medium(101-150),0,1,1,1,0,0
L,299.7,311.1,1690,30.6,148,0,0,0,0,0,0,0,11.4,5.4151,Medium(101-150),0,0,0,0,0,0
M,299.8,311.2,1745,26.3,150,0,0,0,0,0,0,1,11.4,4.8056,Medium(101-150),0,0,0,0,0,0
L,299.9,311.3,1522,45.7,153,0,0,0,0,0,0,0,11.4,7.2833,High(151-200),0,0,0,0,0,0
H,300.0,311.4,1641,34.5,155,0,0,0,0,0,0,2,11.4,5.9282,High(151-200),0,0,0,0,0,0
L,299.9,311.4,1596,28.9,160,0,0,0,0,0,0,0,11.5,4.8298,High(151-200),0,0,0,0,0,0
H,299.9,311.4,1497,37.0,162,0,0,0,0,0,0,2,11.5,5.7999,High(151-200),0,0,0,0,0,0
L,299.9,311.3,1371,52.3,167,0,0,0,0,0,0,0,11.4,7.5082,High(151-200),0,1,1,1,0,0
M,299.9,311.3,1445,41.2,169,0,0,0,0,0,0,1,11.4,6.2339,High(151-200),0,0,0,0,0,0
L,299.8,311.2,1564,40.0,172,0,0,0,0,0,0,0,11.4,6.5508,High(151-200),0,0,0,0,0,0
L,299.7,311.1,1439,44.9,174,0,0,0,0,0,0,0,11.4,6.7656,High(151-200),0,0,0,0,0,0
L,299.7,311.2,1352,52.1,176,0,0,0,0,0,0,0,11.5,7.3758,High(151-200),0,1,1,1,0,0
L,299.8,311.3,1560,35.4,178,0,0,0,0,0,0,0,11.5,5.7826,High(151-200),0,0,0,0,0,0
M,299.7,311.2,1616,42.3,180,0,0,0,0,0,0,1,11.5,7.1578,High(151-200),0,0,0,0,0,0
L,299.7,311.2,1835,23.7,183,0,0,0,0,0,0,0,11.5,4.5539,High(151-200),0,0,0,0,0,0
M,299.7,311.1,1649,32.7,185,0,0,0,0,0,0,1,11.4,5.6463,High(151-200),0,0,0,0,0,0
L,299.8,311.1,1452,47.3,188,0,0,0,0,0,0,0,11.3,7.1916,High(151-200),0,1,0,0,0,0
L,299.8,311.1,2144,17.7,190,0,0,0,0,0,0,0,11.3,3.9737,High(151-200),0,0,0,0,0,0
L,299.7,311.1,1554,41.0,192,0,0,0,0,0,0,0,11.4,6.6716,High(151-200),0,0,0,0,0,0
L,299.7,311.0,1827,25.4,194,0,0,0,0,0,0,0,11.3,4.8592,High(151-200),0,0,0,0,0,0
L,299.6,310.9,1448,46.3,196,0,0,0,0,0,0,0,11.3,7.0201,High(151-200),0,0,0,0,0,0
M,299.6,310.9,1530,38.8,198,0,0,0,0,0,0,1,11.3,6.2161,High(151-200),0,0,0,0,0,0
L,299.7,311.0,1983,21.0,201,0,0,0,0,0,0,0,11.3,4.3605,Critical(>200),1,0,0,0,0,0
M,299.7,310.9,1620,37.2,203,0,0,0,0,0,0,1,11.2,6.3104,Critical(>200),1,0,0,0,0,0
M,299.6,310.9,1630,29.8,206,0,0,0,0,0,0,1,11.3,5.0863,Critical(>200),1,0,0,0,0,0
L,299.6,310.9,1229,65.2,209,1,0,0,0,1,0,0,11.3,8.3907,Critical(>200),1,1,1,1,0,1
L,299.5,310.8,1873,22.3,211,0,0,0,0,0,0,0,11.3,4.3736,Critical(>200),1,0,0,0,0,0
L,299.4,310.7,1426,45.7,213,0,0,0,0,0,0,0,11.3,6.8239,Critical(>200),1,0,0,0,0,0
L,299.4,310.8,1376,53.9,215,1,0,0,0,1,0,0,11.4,7.7661,Critical(>200),1,1,1,1,0,1
L,299.4,310.8,1622,33.6,217,0,0,0,0,0,0,0,11.4,5.7067,Critical(>200),1,0,0,0,0,0
M,299.4,310.7,1492,45.7,219,0,0,0,0,0,0,1,11.3,7.1397,Critical(>200),1,0,0,0,0,0
M,299.3,310.7,1374,48.9,222,0,0,0,0,0,0,1,11.4,7.0355,Critical(>200),1,1,1,1,0,0
L,299.2,310.7,1737,27.0,225,1,1,0,0,0,0,0,11.5,4.9109,Critical(>200),1,0,0,0,0,1
L,299.3,310.8,1426,42.4,0,0,0,0,0,0,0,0,11.5,6.3311,Fresh(0-50),0,0,0,0,0,0
M,299.3,310.9,1826,25.1,2,0,0,0,0,0,0,1,11.6,4.7992,Fresh(0-50),0,0,0,0,0,0
L,299.3,310.9,1669,32.4,5,0,0,0,0,0,0,0,11.6,5.6624,Fresh(0-50),0,0,0,0,0,0
M,299.4,310.9,1473,40.1,7,0,0,0,0,0,0,1,11.5,6.1851,Fresh(0-50),0,0,0,0,0,0
L,299.4,310.9,1751,27.8,10,0,0,0,0,0,0,0,11.5,5.0972,Fresh(0-50),0,0,0,0,0,0
M,299.4,310.9,1446,47.3,12,0,0,0,0,0,0,1,11.5,7.1619,Fresh(0-50),0,1,0,0,0,0
L,299.3,310.8,1483,43.5,15,0,0,0,0,0,0,0,11.5,6.755,Fresh(0-50),0,0,0,0,0,0
L,299.2,310.7,1535,42.6,17,0,0,0,0,0,0,0,11.5,6.8472,Fresh(0-50),0,0,0,0,0,0
L,299.2,310.7,1477,44.0,19,0,0,0,0,0,0,0,11.5,6.805,Fresh(0-50),0,0,0,0,0,0
L,299.3,310.8,1391,46.9,21,0,0,0,0,0,0,0,11.5,6.8312,Fresh(0-50),0,1,1,1,0,0
H,299.2,310.7,1636,29.4,23,0,0,0,0,0,0,2,11.5,5.0365,Fresh(0-50),0,0,0,0,0,0
L,299.2,310.6,1675,33.3,28,0,0,0,0,0,0,0,11.4,5.8406,Fresh(0-50),0,0,0,0,0,0
H,299.2,310.5,1329,48.9,30,0,0,0,0,0,0,2,11.3,6.805,Fresh(0-50),0,1,1,1,0,0
M,299.2,310.5,1548,33.5,35,0,0,0,0,0,0,1,11.3,5.4302,Fresh(0-50),0,0,0,0,0,0
L,299.2,310.5,1391,45.8,38,0,0,0,0,0,0,0,11.3,6.671,Fresh(0-50),0,0,1,0,0,0
L,299.1,310.5,1437,43.1,40,0,0,0,0,0,0,0,11.4,6.4853,Fresh(0-50),0,0,0,0,0,0
L,299.2,310.6,1370,61.9,42,0,0,0,0,0,0,0,11.4,8.8799,Fresh(0-50),0,1,1,1,0,0
L,299.1,310.6,1577,37.1,44,0,0,0,0,0,0,0,11.5,6.1264,Fresh(0-50),0,0,0,0,0,0
L,299.1,310.5,1485,37.8,46,0,0,0,0,0,0,0,11.4,5.8778,Fresh(0-50),0,0,0,0,0,0
L,299.0,310.4,1504,34.3,48,0,0,0,0,0,0,0,11.4,5.4018,Fresh(0-50),0,0,0,0,0,0
M,298.9,310.3,1551,35.2,50,0,0,0,0,0,0,1,11.4,5.7168,Fresh(0-50),0,0,0,0,0,0
M,299.1,310.5,1428,43.0,53,0,0,0,0,0,0,1,11.4,6.4297,Low(51-100),0,0,0,0,0,0
L,299.0,310.5,1755,27.9,56,0,0,0,0,0,0,0,11.5,5.1272,Low(51-100),0,0,0,0,0,0
L,299.1,310.5,1329,54.9,58,0,0,0,0,0,0,0,11.4,7.64,Low(51-100),0,1,1,1,0,0
L,299.1,310.5,1496,35.2,60,0,0,0,0,0,0,0,11.4,5.5141,Low(51-100),0,0,0,0,0,0
L,299.1,310.5,1532,36.6,62,0,0,0,0,0,0,0,11.4,5.8713,Low(51-100),0,0,0,0,0,0
L,299.1,310.5,1389,61.4,64,0,0,0,0,0,0,0,11.4,8.9303,Low(51-100),0,1,1,1,0,0
M,299.1,310.4,1524,51.4,66,0,0,0,0,0,0,1,11.3,8.2025,Low(51-100),0,1,0,0,0,0
M,299.1,310.4,1422,49.3,69,0,0,0,0,0,0,1,11.3,7.3408,Low(51-100),0,1,1,1,0,0
L,299.1,310.5,1739,27.4,72,0,0,0,0,0,0,0,11.4,4.9894,Low(51-100),0,0,0,0,0,0
L,299.1,310.5,1736,26.9,74,0,0,0,0,0,0,0,11.4,4.8899,Low(51-100),0,0,0,0,0,0
L,299.1,310.5,1419,48.8,76,0,0,0,0,0,0,0,11.4,7.251,Low(51-100),0,1,1,1,0,0
L,299.1,310.6,1326,49.7,78,0,0,0,0,0,0,0,11.5,6.9008,Low(51-100),0,1,1,1,0,0
M,299.1,310.6,1449,43.2,80,0,0,0,0,0,0,1,11.5,6.5546,Low(51-100),0,0,0,0,0,0
L,299.2,310.6,1534,39.7,83,0,0,0,0,0,0,0,11.4,6.3769,Low(51-100),0,0,0,0,0,0
M,299.2,310.6,1443,50.9,85,0,0,0,0,0,0,1,11.4,7.691,Low(51-100),0,1,0,0,0,0
L,299.2,310.6,1498,41.1,88,0,0,0,0,0,0,0,11.4,6.4469,Low(51-100),0,0,0,0,0,0
L,299.1,310.6,1796,26.0,90,0,0,0,0,0,0,0,11.5,4.8896,Low(51-100),0,0,0,0,0,0
L,299.1,310.4,1519,45.3,92,0,0,0,0,0,0,0,11.3,7.2053,Low(51-100),0,0,0,0,0,0
L,299.0,310.4,1339,49.6,94,0,0,0,0,0,0,0,11.4,6.9544,Low(51-100),0,1,1,1,0,0
L,299.0,310.4,1483,41.5,96,0,0,0,0,0,0,0,11.4,6.4445,Low(51-100),0,0,0,0,0,0
M,298.9,310.2,2099,20.0,98,0,0,0,0,0,0,1,11.3,4.3958,Low(51-100),0,0,0,0,0,0
M,299.0,310.3,1689,29.7,101,0,0,0,0,0,0,1,11.3,5.2527,Medium(101-150),0,0,0,0,0,0
H,299.1,310.4,1369,54.5,104,0,0,0,0,0,0,2,11.3,7.8126,Medium(101-150),0,1,1,1,0,0
L,299.0,310.4,1512,38.8,109,0,0,0,0,0,0,0,11.4,6.143,Medium(101-150),0,0,0,0,0,0
M,299.0,310.3,1303,68.6,111,1,0,0,1,0,0,1,11.3,9.3598,Medium(101-150),0,1,1,1,0,1
L,299.0,310.3,1552,39.9,114,0,0,0,0,0,0,0,11.3,6.4843,Medium(101-150),0,0,0,0,0,0
L,299.0,310.4,1713,28.0,116,0,0,0,0,0,0,0,11.4,5.0224,Medium(101-150),0,0,0,0,0,0
L,298.9,310.3,1456,44.1,118,0,0,0,0,0,0,0,11.4,6.7235,Medium(101-150),0,0,0,0,0,0
L,299.0,310.4,1524,39.8,120,0,0,0,0,0,0,0,11.4,6.3513,Medium(101-150),0,0,0,0,0,0
M,299.0,310.4,1394,45.2,122,0,0,0,0,0,0,1,11.4,6.5978,Medium(101-150),0,0,1,0,0,0
L,299.0,310.4,1981,21.2,125,0,0,0,0,0,0,0,11.4,4.3976,Medium(101-150),0,0,0,0,0,0
L,299.0,310.4,1565,36.1,127,0,0,0,0,0,0,0,11.4,5.9159,Medium(101-150),0,0,0,0,0,0
L,299.1,310.4,1657,31.0,129,0,0,0,0,0,0,0,11.3,5.3787,Medium(101-150),0,0,0,0,0,0
M,299.0,310.4,1625,37.1,131,0,0,0,0,0,0,1,11.4,6.3128,Medium(101-150),0,0,0,0,0,0
L,299.0,310.4,1606,31.1,134,0,0,0,0,0,0,0,11.4,5.23,Medium(101-150),0,0,0,0,0,0
H,299.0,310.5,1336,56.8,136,0,0,0,0,0,0,2,11.5,7.9461,Medium(101-150),0,1,1,1,0,0
M,299.0,310.6,1587,34.2,141,0,0,0,0,0,0,1,11.6,5.6833,Medium(101-150),0,0,0,0,0,0
L,299.1,310.6,1602,39.7,144,0,0,0,0,0,0,0,11.5,6.6596,Medium(101-150),0,0,0,0,0,0
L,299.1,310.5,1471,38.4,146,0,0,0,0,0,0,0,11.4,5.9148,Medium(101-150),0,0,0,0,0,0
H,299.1,310.6,1332,48.0,148,0,0,0,0,0,0,2,11.5,6.6949,Medium(101-150),0,1,1,1,0,0
H,299.2,310.6,1434,48.4,153,0,0,0,0,0,0,2,11.4,7.2676,High(151-200),0,1,0,0,0,0
L,299.1,310.6,1921,23.9,158,0,0,0,0,0,0,0,11.5,4.8075,High(151-200),0,0,0,0,0,0
H,299.2,310.6,1704,30.6,160,0,0,0,0,0,0,2,11.4,5.4599,High(151-200),0,0,0,0,0,0
M,299.1,310.6,1397,49.5,165,0,0,0,0,0,0,1,11.5,7.241,High(151-200),0,1,1,1,0,0
H,299.1,310.6,1791,28.0,168,0,0,0,0,0,0,2,11.5,5.2511,High(151-200),0,0,0,0,0,0
L,299.1,310.6,1818,24.1,173,0,0,0,0,0,0,0,11.5,4.5878,High(151-200),0,0,0,0,0,0
L,299.2,310.7,1540,36.3,175,0,0,0,0,0,0,0,11.5,5.8536,High(151-200),0,0,0,0,0,0
M,299.2,310.8,1502,39.8,177,0,0,0,0,0,0,1,11.6,6.2596,High(151-200),0,0,0,0,0,0
H,299.2,310.8,1761,30.4,180,0,0,0,0,0,0,2,11.6,5.6057,High(151-200),0,0,0,0,0,0
M,299.1,310.8,1517,38.4,185,0,0,0,0,0,0,1,11.7,6.0998,High(151-200),0,0,0,0,0,0
L,299.1,310.7,1309,51.1,188,0,0,0,0,0,0,0,11.6,7.0042,High(151-200),0,1,1,1,0,0
L,298.9,310.6,1363,52.6,190,0,0,0,0,0,0,0,11.7,7.5072,High(151-200),0,1,1,1,0,0
M,299.0,310.6,1787,22.2,192,0,0,0,0,0,0,1,11.6,4.1541,High(151-200),0,0,0,0,0,0
L,298.9,310.5,1640,29.2,195,0,0,0,0,0,0,0,11.6,5.0145,High(151-200),0,0,0,0,0,0
M,298.9,310.6,1720,25.3,197,0,0,0,0,0,0,1,11.7,4.5566,High(151-200),0,0,0,0,0,0
L,298.8,310.5,1384,52.8,200,0,0,0,0,0,0,0,11.7,7.6519,High(151-200),0,1,1,1,0,0
H,298.8,310.5,1294,55.8,202,0,0,0,0,0,0,2,11.7,7.5608,Critical(>200),1,1,1,1,0,0
L,298.8,310.5,1464,46.4,207,0,0,0,0,0,0,0,11.7,7.113,Critical(>200),1,0,0,0,0,0
L,298.8,310.6,1803,25.4,209,0,0,0,0,0,0,0,11.8,4.7954,Critical(>200),1,0,0,0,0,0
L,298.8,310.6,1602,39.1,211,0,0,0,0,0,0,0,11.8,6.559,Critical(>200),1,0,0,0,0,0
H,298.9,310.6,1519,38.8,213,0,0,0,0,0,0,2,11.7,6.1714,Critical(>200),1,0,0,0,0,0
M,298.9,310.7,1638,33.6,218,0,0,0,0,0,0,1,11.8,5.763,Critical(>200),1,0,0,0,0,0
H,298.9,310.6,1615,33.0,221,0,0,0,0,0,0,2,11.7,5.5806,Critical(>200),1,0,0,0,0,0
L,298.8,310.6,1651,33.3,0,0,0,0,0,0,0,0,11.8,5.7569,Fresh(0-50),0,0,0,0,0,0
L,298.9,310.6,1387,52.7,2,0,0,0,0,0,0,0,11.7,7.6539,Fresh(0-50),0,1,1,1,0,0
M,298.8,310.5,1678,32.8,4,0,0,0,0,0,0,1,11.7,5.7632,Fresh(0-50),0,0,0,0,0,0
L,298.9,310.6,1585,38.1,7,0,0,0,0,0,0,0,11.7,6.3234,Fresh(0-50),0,0,0,0,0,0
M,298.8,310.6,1640,33.8,9,0,0,0,0,0,0,1,11.8,5.8044,Fresh(0-50),0,0,0,0,0,0
L,298.9,310.6,1406,43.8,12,0,0,0,0,0,0,0,11.7,6.4485,Fresh(0-50),0,0,1,0,0,0
M,298.9,310.6,1679,35.8,14,0,0,0,0,0,0,1,11.7,6.2941,Fresh(0-50),0,0,0,0,0,0
L,298.9,310.5,1717,26.9,17,0,0,0,0,0,0,0,11.6,4.8364,Fresh(0-50),0,0,0,0,0,0
H,298.9,310.5,1429,39.9,19,0,0,0,0,0,0,2,11.6,5.9704,Fresh(0-50),0,0,0,0,0,0
M,298.9,310.4,1533,44.4,24,0,0,0,0,0,0,1,11.5,7.1272,Fresh(0-50),0,0,0,0,0,0
M,298.9,310.5,1525,38.5,27,0,0,0,0,0,0,1,11.6,6.1479,Fresh(0-50),0,0,0,0,0,0
L,298.9,310.4,1739,26.3,30,0,0,0,0,0,0,0,11.5,4.7891,Fresh(0-50),0,0,0,0,0,0
L,298.9,310.3,1436,39.0,32,0,0,0,0,0,0,0,11.4,5.8643,Fresh(0-50),0,0,0,0,0,0
M,298.8,310.2,1595,33.1,34,0,0,0,0,0,0,1,11.4,5.5282,Fresh(0-50),0,0,0,0,0,0
H,298.7,310.1,1435,45.6,37,0,0,0,0,0,0,2,11.4,6.8519,Fresh(0-50),0,0,0,0,0,0
L,298.7,310.0,1637,31.8,42,0,0,0,0,0,0,0,11.3,5.451,Fresh(0-50),0,0,0,0,0,0
L,298.7,310.1,1558,37.6,44,0,0,0,0,0,0,0,11.4,6.1341,Fresh(0-50),0,0,0,0,0,0
M,298.7,310.1,1644,34.1,46,0,0,0,0,0,0,1,11.4,5.8702,Fresh(0-50),0,0,0,0,0,0
L,298.7,310.1,1641,31.1,49,0,0,0,0,0,0,0,11.4,5.344,Fresh(0-50),0,0,0,0,0,0
L,298.8,310.2,1504,41.0,51,0,0,0,0,0,0,0,11.4,6.457,Low(51-100),0,0,0,0,0,0
M,298.7,310.1,1506,50.7,53,0,0,0,0,0,0,1,11.4,7.9952,Low(51-100),0,1,0,0,0,0
H,298.8,310.1,1380,44.0,56,0,0,0,0,0,0,2,11.3,6.3581,Low(51-100),0,0,1,0,0,0
M,298.7,310.1,1549,42.5,61,0,0,0,0,0,0,1,11.4,6.8935,Low(51-100),0,0,0,0,0,0
M,298.7,310.1,1402,69.7,64,1,0,0,1,0,0,1,11.4,10.2324,Low(51-100),0,1,1,1,0,1
L,298.7,310.1,1401,45.3,67,0,0,0,0,0,0,0,11.4,6.6456,Low(51-100),0,0,1,0,0,0
M,298.7,310.0,1459,40.2,69,0,0,0,0,0,0,1,11.3,6.1415,Low(51-100),0,0,0,0,0,0
L,298.7,309.9,1465,39.7,72,0,0,0,0,0,0,0,11.2,6.0901,Low(51-100),0,0,0,0,0,0
M,298.8,310.0,1295,52.7,74,0,0,0,0,0,0,1,11.2,7.1462,Low(51-100),0,1,1,1,0,0
M,298.8,310.0,1529,38.5,77,0,0,0,0,0,0,1,11.2,6.164,Low(51-100),0,0,0,0,0,0
M,298.8,310.0,1484,44.9,80,0,0,0,0,0,0,1,11.2,6.9771,Low(51-100),0,0,0,0,0,0
L,298.8,309.9,1739,30.6,83,0,0,0,0,0,0,0,11.1,5.5721,Low(51-100),0,0,0,0,0,0
H,298.7,309.8,1422,40.7,85,0,0,0,0,0,0,2,11.1,6.0603,Low(51-100),0,0,1,0,0,0
L,298.8,309.8,1463,40.0,90,0,0,0,0,0,0,0,11.0,6.1277,Low(51-100),0,0,0,0,0,0
L,298.7,309.7,1667,30.4,92,0,0,0,0,0,0,0,11.0,5.3065,Low(51-100),0,0,0,0,0,0
H,298.7,309.7,1565,39.3,94,0,0,0,0,0,0,2,11.0,6.4403,Low(51-100),0,0,0,0,0,0
L,298.7,309.7,1393,45.7,99,0,0,0,0,0,0,0,11.0,6.666,Low(51-100),0,0,1,0,0,0
M,298.8,309.7,1453,47.7,101,0,0,0,0,0,0,1,10.9,7.2574,Medium(101-150),0,1,0,0,0,0
L,298.8,309.6,1442,50.0,104,0,0,0,0,0,0,0,10.8,7.5497,Medium(101-150),0,1,0,0,0,0
L,298.7,309.6,1364,44.9,106,0,0,0,0,0,0,0,10.9,6.4129,Medium(101-150),0,0,1,0,0,0
H,298.7,309.5,1453,40.4,108,0,0,0,0,0,0,2,10.8,6.1467,Medium(101-150),0,0,0,0,0,0
M,298.7,309.5,1394,46.0,113,0,0,0,0,0,0,1,10.8,6.7146,Medium(101-150),0,0,1,0,0,0
M,298.7,309.5,1500,38.8,116,0,0,0,0,0,0,1,10.8,6.0942,Medium(101-150),0,0,0,0,0,0
H,298.6,309.5,1523,34.2,119,0,0,0,0,0,0,2,10.9,5.4541,Medium(101-150),0,0,0,0,0,0
M,298.7,309.6,1254,57.1,124,0,0,0,0,0,0,1,10.9,7.4977,Medium(101-150),0,1,1,1,0,0
L,298.6,309.5,1325,52.2,127,0,0,0,0,0,0,0,10.9,7.2424,Medium(101-150),0,1,1,1,0,0
L,298.8,309.7,1424,49.6,129,0,0,0,0,0,0,0,10.9,7.3959,Medium(101-150),0,1,0,0,0,0
L,298.8,309.7,1505,39.0,131,0,0,0,0,0,0,0,10.9,6.1461,Medium(101-150),0,0,0,0,0,0
M,298.8,309.7,1392,48.7,133,0,0,0,0,0,0,1,10.9,7.0985,Medium(101-150),0,1,1,1,0,0
L,298.8,309.7,1529,44.0,136,0,0,0,0,0,0,0,10.9,7.0446,Medium(101-150),0,0,0,0,0,0
M,298.8,309.7,1477,48.5,138,0,0,0,0,0,0,1,10.9,7.501,Medium(101-150),0,1,0,0,0,0
M,298.8,309.7,1459,47.3,141,0,0,0,0,0,0,1,10.9,7.2263,Medium(101-150),0,1,0,0,0,0
M,299.0,309.8,2240,15.9,144,0,0,0,0,0,0,1,10.8,3.7294,Medium(101-150),0,0,0,0,0,0
L,298.9,309.7,1449,48.8,147,0,0,0,0,0,0,0,10.8,7.4043,Medium(101-150),0,1,0,0,0,0
M,298.8,309.7,1589,35.3,149,0,0,0,0,0,0,1,10.9,5.8735,Medium(101-150),0,0,0,0,0,0
L,298.8,309.7,1740,28.5,152,0,0,0,0,0,0,0,10.9,5.1927,High(151-200),0,0,0,0,0,0
M,298.8,309.7,1499,40.3,154,0,0,0,0,0,0,1,10.9,6.3256,High(151-200),0,0,0,0,0,0
M,298.8,309.7,1480,38.1,157,0,0,0,0,0,0,1,10.9,5.9045,High(151-200),0,0,0,0,0,0
L,298.8,309.7,1751,29.6,160,0,0,0,0,0,0,0,10.9,5.4272,High(151-200),0,0,0,0,0,0
L,298.7,309.7,1510,40.6,162,0,0,0,0,0,0,0,11.0,6.4195,High(151-200),0,0,0,0,0,0
H,298.8,309.8,1437,48.2,164,0,0,0,0,0,0,2,11.0,7.2527,High(151-200),0,1,0,0,0,0
L,298.8,309.7,1609,40.4,169,0,0,0,0,0,0,0,10.9,6.8067,High(151-200),0,0,0,0,0,0
H,298.8,309.8,1490,35.9,171,0,0,0,0,0,0,2,11.0,5.6012,High(151-200),0,0,0,0,0,0
L,298.7,309.7,1601,35.7,176,0,0,0,0,0,0,0,11.0,5.9849,High(151-200),0,0,0,0,0,0
L,298.7,309.6,1665,31.1,178,0,0,0,0,0,0,0,10.9,5.4221,High(151-200),0,0,0,0,0,0
M,298.7,309.6,1452,42.7,180,0,0,0,0,0,0,1,10.9,6.4922,High(151-200),0,0,0,0,0,0
M,298.7,309.5,1487,33.6,183,0,0,0,0,0,0,1,10.8,5.2317,High(151-200),0,0,0,0,0,0
M,298.7,309.6,1382,48.1,186,0,0,0,0,0,0,1,10.9,6.9606,High(151-200),0,1,1,1,0,0
M,298.7,309.6,1686,26.2,189,0,0,0,0,0,0,1,10.9,4.6255,High(151-200),0,0,0,0,0,0
L,298.6,309.6,1491,36.9,192,0,0,0,0,0,0,0,11.0,5.761,High(151-200),0,0,0,0,0,0
L,298.7,309.6,1442,55.6,194,0,0,0,0,0,0,0,10.9,8.3953,High(151-200),0,1,0,0,0,0
L,298.6,309.6,1390,50.3,196,0,0,0,0,0,0,0,11.0,7.3212,High(151-200),0,1,1,1,0,0
L,298.7,309.6,1502,46.7,198,0,0,0,0,0,0,0,10.9,7.3449,High(151-200),0,0,0,0,0,0
M,298.6,309.6,1344,59.4,200,0,0,0,0,0,0,1,11.0,8.3595,High(151-200),0,1,1,1,0,0
L,298.5,309.5,1385,46.3,203,1,1,0,0,0,0,0,11.0,6.7147,Critical(>200),1,0,1,0,0,1
L,298.7,309.7,1547,37.4,0,0,0,0,0,0,0,0,11.0,6.0584,Fresh(0-50),0,0,0,0,0,0
M,298.6,309.6,1525,42.4,2,0,0,0,0,0,0,1,11.0,6.7707,Fresh(0-50),0,0,0,0,0,0
L,298.6,309.6,1540,35.8,5,0,0,0,0,0,0,0,11.0,5.773,Fresh(0-50),0,0,0,0,0,0
L,298.6,309.5,1450,44.3,7,0,0,0,0,0,0,0,10.9,6.7262,Fresh(0-50),0,0,0,0,0,0
L,298.6,309.6,1353,62.5,9,0,0,0,0,0,0,0,11.0,8.8547,Fresh(0-50),0,1,1,1,0,0
L,298.8,309.7,1582,45.0,11,0,0,0,0,0,0,0,10.9,7.4545,Fresh(0-50),0,0,0,0,0,0
L,298.9,309.8,1396,49.0,13,0,0,0,0,0,0,0,10.9,7.1627,Fresh(0-50),0,1,1,1,0,0
M,298.8,309.8,1551,36.6,15,0,0,0,0,0,0,1,11.0,5.9441,Fresh(0-50),0,0,0,0,0,0
M,298.9,309.8,1836,22.8,18,0,0,0,0,0,0,1,10.9,4.3833,Fresh(0-50),0,0,0,0,0,0
L,298.9,309.8,1390,49.9,21,0,0,0,0,0,0,0,10.9,7.2629,Fresh(0-50),0,1,1,1,0,0
L,298.9,309.8,1534,42.1,23,0,0,0,0,0,0,0,10.9,6.7625,Fresh(0-50),0,0,0,0,0,0
L,298.8,309.7,1953,20.6,25,0,0,0,0,0,0,0,10.9,4.2128,Fresh(0-50),0,0,0,0,0,0
L,298.8,309.8,1634,33.6,27,0,0,0,0,0,0,0,11.0,5.7489,Fresh(0-50),0,0,0,0,0,0
L,298.7,309.7,1881,21.7,29,0,0,0,0,0,0,0,11.0,4.2741,Fresh(0-50),0,0,0,0,0,0
M,298.8,309.7,1448,44.8,31,0,0,0,0,0,0,1,10.9,6.7927,Fresh(0-50),0,0,0,0,0,0
M,298.7,309.7,1362,50.5,34,0,0,0,0,0,0,1,11.0,7.2022,Fresh(0-50),0,1,1,1,0,0
L,298.8,309.7,1225,63.4,37,0,0,0,0,0,0,0,10.9,8.1325,Fresh(0-50),0,1,1,1,0,0
M,298.8,309.6,1384,48.2,39,0,0,0,0,0,0,1,10.8,6.9852,Fresh(0-50),0,1,1,1,0,0
L,298.8,309.8,1334,49.3,42,0,0,0,0,0,0,0,11.0,6.8865,Fresh(0-50),0,1,1,1,0,0
L,298.8,309.7,1336,50.3,44,0,0,0,0,0,0,0,10.9,7.0367,Fresh(0-50),0,1,1,1,0,0
M,298.8,309.9,1331,61.6,46,0,0,0,0,0,0,1,11.1,8.5853,Fresh(0-50),0,1,1,1,0,0
L,298.8,309.9,1629,31.9,49,0,0,0,0,0,0,0,11.1,5.4414,Fresh(0-50),0,0,0,0,0,0
L,298.9,310.0,1776,25.7,51,0,0,0,0,0,0,0,11.1,4.7794,Low(51-100),0,0,0,0,0,0
H,298.8,310.0,1530,38.3,53,0,0,0,0,0,0,2,11.2,6.136,Low(51-100),0,0,0,0,0,0
L,298.9,310.0,1719,27.3,58,0,0,0,0,0,0,0,11.1,4.914,Low(51-100),0,0,0,0,0,0
M,298.8,309.9,1495,35.2,60,0,0,0,0,0,0,1,11.1,5.5104,Low(51-100),0,0,0,0,0,0
L,298.8,309.7,1450,43.1,63,0,0,0,0,0,0,0,10.9,6.544,Low(51-100),0,0,0,0,0,0
H,298.8,309.8,1563,38.8,65,0,0,0,0,0,0,2,11.0,6.3502,Low(51-100),0,0,0,0,0,0
M,298.9,309.9,1501,37.1,70,0,0,0,0,0,0,1,11.0,5.8311,Low(51-100),0,0,0,0,0,0
L,298.8,309.9,1351,47.2,73,0,0,0,0,0,0,0,11.1,6.6772,Low(51-100),0,1,1,1,0,0
L,298.9,309.9,1365,46.5,75,0,0,0,0,0,0,0,11.0,6.6463,Low(51-100),0,0,1,0,0,0
L,298.8,309.9,1525,39.7,77,0,0,0,0,0,0,0,11.1,6.3395,Low(51-100),0,0,0,0,0,0
M,298.8,309.8,1288,61.9,79,0,0,0,0,0,0,1,11.0,8.3484,Low(51-100),0,1,1,1,0,0
L,298.6,309.6,1423,42.7,82,0,0,0,0,0,0,0,11.0,6.3625,Low(51-100),0,0,0,0,0,0
M,298.5,309.6,1502,39.4,84,0,0,0,0,0,0,1,11.1,6.1967,Low(51-100),0,0,0,0,0,0
L,298.5,309.5,1428,43.5,87,0,0,0,0,0,0,0,11.0,6.5045,Low(51-100),0,0,0,0,0,0
M,298.6,309.5,1566,38.1,89,0,0,0,0,0,0,1,10.9,6.2476,Low(51-100),0,0,0,0,0,0
M,298.5,309.5,1483,44.8,92,0,0,0,0,0,0,1,11.0,6.9569,Low(51-100),0,0,0,0,0,0
H,298.6,309.6,1593,33.3,95,0,0,0,0,0,0,2,11.0,5.5546,Low(51-100),0,0,0,0,0,0
L,298.5,309.6,1724,26.4,100,0,0,0,0,0,0,0,11.1,4.7658,Low(51-100),0,0,0,0,0,0
L,298.5,309.7,2617,12.1,102,1,0,0,1,0,0,0,11.2,3.3158,Medium(101-150),0,0,0,0,0,1
L,298.6,309.7,1294,59.4,104,0,0,0,0,0,0,0,11.1,8.0485,Medium(101-150),0,1,1,1,0,0
L,298.6,309.6,1533,40.7,106,0,0,0,0,0,0,0,11.0,6.5333,Medium(101-150),0,0,0,0,0,0
H,298.5,309.4,1671,31.8,108,0,0,0,0,0,0,2,10.9,5.5642,Medium(101-150),0,0,0,0,0,0
L,298.5,309.5,1370,52.4,113,0,0,0,0,0,0,0,11.0,7.5171,Medium(101-150),0,1,1,1,0,0
L,298.5,309.6,1462,45.1,115,0,0,0,0,0,0,0,11.1,6.9043,Medium(101-150),0,0,0,0,0,0
L,298.4,309.5,1545,36.6,117,0,0,0,0,0,0,0,11.1,5.9212,Medium(101-150),0,0,0,0,0,0
M,298.4,309.5,1484,41.7,119,0,0,0,0,0,0,1,11.1,6.4799,Medium(101-150),0,0,0,0,0,0
M,298.4,309.5,1344,45.3,122,0,0,0,0,0,0,1,11.1,6.3752,Medium(101-150),0,0,1,0,0,0
L,298.4,309.5,1357,50.1,125,0,0,0,0,0,0,0,11.1,7.1189,Medium(101-150),0,1,1,1,0,0
M,298.5,309.6,1572,33.0,127,0,0,0,0,0,0,1,11.1,5.432,Medium(101-150),0,0,0,0,0,0
L,298.5,309.6,1861,26.9,130,0,0,0,0,0,0,0,11.1,5.242,Medium(101-150),0,0,0,0,0,0
L,298.5,309.5,1548,44.5,132,0,0,0,0,0,0,0,11.0,7.2132,Medium(101-150),0,0,0,0,0,0
L,298.6,309.8,1496,37.7,134,0,0,0,0,0,0,0,11.2,5.9057,Medium(101-150),0,0,0,0,0,0
M,298.6,309.7,1314,49.7,136,0,0,0,0,0,0,1,11.1,6.8383,Medium(101-150),0,1,1,1,0,0
M,298.6,309.7,1422,49.7,139,0,0,0,0,0,0,1,11.1,7.4004,Medium(101-150),0,1,1,1,0,0
L,298.6,309.8,1842,20.1,142,0,0,0,0,0,0,0,11.2,3.8769,Medium(101-150),0,0,0,0,0,0
M,298.7,309.9,1434,53.0,144,0,0,0,0,0,0,1,11.2,7.9583,Medium(101-150),0,1,0,0,0,0
M,298.8,310.1,1585,31.3,147,0,0,0,0,0,0,1,11.3,5.1948,Medium(101-150),0,0,0,0,0,0
H,298.8,310.1,1704,30.7,150,0,0,0,0,0,0,2,11.3,5.4778,Medium(101-150),0,0,0,0,0,0
L,298.9,310.2,1971,23.2,155,0,0,0,0,0,0,0,11.3,4.7882,High(151-200),0,0,0,0,0,0
L,299.0,310.3,1431,39.9,157,0,0,0,0,0,0,0,11.3,5.9787,High(151-200),0,0,0,0,0,0
L,298.9,310.4,1546,37.7,159,0,0,0,0,0,0,0,11.5,6.1031,High(151-200),0,0,0,0,0,0
L,298.9,310.3,1496,36.3,161,0,0,0,0,0,0,0,11.4,5.6864,High(151-200),0,0,0,0,0,0
H,298.9,310.3,1243,63.0,163,0,0,0,0,0,0,2,11.4,8.1999,High(151-200),0,1,1,1,0,0
L,299.0,310.4,1452,46.2,168,0,0,0,0,0,0,0,11.4,7.0243,High(151-200),0,0,0,0,0,0
L,299.1,310.6,1380,44.7,170,0,0,0,0,0,0,0,11.5,6.4593,High(151-200),0,0,1,0,0,0
L,299.2,310.6,1567,38.4,172,0,0,0,0,0,0,0,11.4,6.3008,High(151-200),0,0,0,0,0,0
L,299.1,310.5,1628,35.9,174,0,0,0,0,0,0,0,11.4,6.1199,High(151-200),0,0,0,0,0,0
L,299.1,310.4,1505,46.1,176,0,0,0,0,0,0,0,11.3,7.265,High(151-200),0,0,0,0,0,0
M,299.0,310.3,1827,28.0,178,0,0,0,0,0,0,1,11.3,5.3566,High(151-200),0,0,0,0,0,0
L,299.0,310.3,1577,40.0,181,0,0,0,0,0,0,0,11.3,6.6052,High(151-200),0,0,0,0,0,0
L,298.9,310.2,1304,57.2,183,0,0,0,0,0,0,0,11.3,7.8103,High(151-200),0,1,1,1,0,0
H,298.9,310.1,1324,54.6,185,0,0,0,0,0,0,2,11.2,7.5697,High(151-200),0,1,1,1,0,0
L,298.8,310.0,1537,39.9,190,0,0,0,0,0,0,0,11.2,6.4216,High(151-200),0,0,0,0,0,0
M,298.8,310.1,1501,48.7,192,0,0,0,0,0,0,1,11.3,7.6543,High(151-200),0,1,0,0,0,0
M,298.7,309.9,1654,29.1,195,0,0,0,0,0,0,1,11.2,5.0399,High(151-200),0,0,0,0,0,0
M,298.7,310.0,1519,38.1,198,0,0,0,0,0,0,1,11.3,6.0601,High(151-200),0,0,0,0,0,0
L,298.7,309.9,1371,51.3,201,0,0,0,0,0,0,0,11.2,7.3646,Critical(>200),1,1,1,1,0,0
L,298.7,309.8,1181,65.9,203,1,0,0,0,1,0,0,11.1,8.1495,Critical(>200),1,1,1,1,0,1
L,298.6,309.8,1469,42.8,205,0,0,0,0,0,0,0,11.2,6.5836,Critical(>200),1,0,0,0,0,0
L,298.6,309.8,1637,34.6,207,0,0,0,0,0,0,0,11.2,5.9309,Critical(>200),1,0,0,0,0,0
L,298.6,309.8,1370,56.0,0,0,0,0,0,0,0,0,11.2,8.0335,Fresh(0-50),0,1,1,1,0,0
L,298.6,309.9,1630,30.6,2,0,0,0,0,0,0,0,11.3,5.2228,Fresh(0-50),0,0,0,0,0,0
L,298.6,310.0,1517,39.0,4,0,0,0,0,0,0,0,11.4,6.1951,Fresh(0-50),0,0,0,0,0,0
M,298.6,309.9,1668,32.3,6,0,0,0,0,0,0,1,11.3,5.6415,Fresh(0-50),0,0,0,0,0,0
M,298.6,309.9,1818,24.9,9,0,0,0,0,0,0,1,11.3,4.7401,Fresh(0-50),0,0,0,0,0,0
M,298.6,310.0,1541,36.9,12,0,0,0,0,0,0,1,11.4,5.9542,Fresh(0-50),0,0,0,0,0,0
L,298.5,309.9,1482,42.1,15,0,0,0,0,0,0,0,11.4,6.5332,Fresh(0-50),0,0,0,0,0,0
L,298.6,310.1,1439,49.9,17,0,0,0,0,0,0,0,11.5,7.519,Fresh(0-50),0,1,0,0,0,0
L,298.5,310.0,1492,41.2,19,0,0,0,0,0,0,0,11.5,6.4367,Fresh(0-50),0,0,0,0,0,0
L,298.4,309.9,1725,27.8,21,0,0,0,0,0,0,0,11.5,5.0215,Fresh(0-50),0,0,0,0,0,0
L,298.4,310.0,1559,44.2,23,0,0,0,0,0,0,0,11.6,7.2155,Fresh(0-50),0,0,0,0,0,0
L,298.5,310.0,1435,42.5,25,0,0,0,0,0,0,0,11.5,6.3861,Fresh(0-50),0,0,0,0,0,0
M,298.6,310.0,1512,37.5,27,0,0,0,0,0,0,1,11.4,5.9372,Fresh(0-50),0,0,0,0,0,0
L,298.6,309.9,1564,37.1,30,0,0,0,0,0,0,0,11.3,6.0759,Fresh(0-50),0,0,0,0,0,0
L,298.6,310.0,1522,40.3,32,0,0,0,0,0,0,0,11.4,6.4227,Fresh(0-50),0,0,0,0,0,0
L,298.6,309.9,1356,59.5,34,0,0,0,0,0,0,0,11.3,8.4484,Fresh(0-50),0,1,1,1,0,0
L,298.6,309.9,1556,38.6,36,0,0,0,0,0,0,0,11.3,6.2892,Fresh(0-50),0,0,0,0,0,0
L,298.6,309.9,1393,45.5,38,0,0,0,0,0,0,0,11.3,6.6368,Fresh(0-50),0,0,1,0,0,0
L,298.7,309.9,1753,26.8,40,0,0,0,0,0,0,0,11.2,4.9194,Fresh(0-50),0,0,0,0,0,0
L,298.7,309.9,1651,29.5,42,0,0,0,0,0,0,0,11.2,5.0999,Fresh(0-50),0,0,0,0,0,0
L,298.7,309.9,1372,54.7,44,0,0,0,0,0,0,0,11.2,7.8585,Fresh(0-50),0,1,1,1,0,0
L,298.7,309.9,1446,43.3,46,0,0,0,0,0,0,0,11.2,6.5562,Fresh(0-50),0,0,0,0,0,0
M,298.7,309.8,1501,44.7,48,0,0,0,0,0,0,1,11.1,7.0256,Fresh(0-50),0,0,0,0,0,0
M,298.7,309.9,1411,45.1,51,0,0,0,0,0,0,1,11.2,6.6635,Low(51-100),0,0,1,0,0,0
H,298.6,309.7,1672,27.5,54,0,0,0,0,0,0,2,11.1,4.8147,Low(51-100),0,0,0,0,0,0
M,298.7,309.8,1475,40.5,59,0,0,0,0,0,0,1,11.1,6.2552,Low(51-100),0,0,0,0,0,0
L,298.7,309.8,1469,38.4,62,0,0,0,0,0,0,0,11.1,5.9068,Low(51-100),0,0,0,0,0,0
L,298.6,309.8,1704,28.3,64,0,0,0,0,0,0,0,11.2,5.0495,Low(51-100),0,0,0,0,0,0
H,298.6,309.7,1463,39.1,66,0,0,0,0,0,0,2,11.1,5.9899,Low(51-100),0,0,0,0,0,0
M,298.6,309.7,1280,64.1,71,0,0,0,0,0,0,1,11.1,8.5914,Low(51-100),0,1,1,1,0,0
L,298.7,309.9,1464,38.0,74,0,0,0,0,0,0,0,11.2,5.8253,Low(51-100),0,0,0,0,0,0
L,298.6,309.8,1332,46.4,76,0,0,0,0,0,0,0,11.2,6.4717,Low(51-100),0,0,1,0,0,0
L,298.5,309.7,1634,37.8,78,0,0,0,0,0,0,0,11.2,6.4676,Low(51-100),0,0,0,0,0,0
M,298.6,309.8,1430,43.1,80,0,0,0,0,0,0,1,11.2,6.4537,Low(51-100),0,0,0,0,0,0
M,298.5,309.7,1523,44.6,83,0,0,0,0,0,0,1,11.2,7.1126,Low(51-100),0,0,0,0,0,0
M,298.5,309.7,1557,37.7,86,0,0,0,0,0,0,1,11.2,6.1465,Low(51-100),0,0,0,0,0,0
L,298.5,309.6,1585,32.2,89,0,0,0,0,0,0,0,11.1,5.3442,Low(51-100),0,0,0,0,0,0
H,298.5,309.6,1579,33.5,91,0,0,0,0,0,0,2,11.1,5.5389,Low(51-100),0,0,0,0,0,0
M,298.5,309.7,1354,60.8,96,0,0,0,0,0,0,1,11.2,8.6202,Low(51-100),0,1,1,1,0,0
L,298.6,309.7,1627,33.4,99,0,0,0,0,0,0,0,11.1,5.6902,Low(51-100),0,0,0,0,0,0
L,298.4,309.6,1477,35.6,101,0,0,0,0,0,0,0,11.2,5.5059,Medium(101-150),0,0,0,0,0,0
M,298.3,309.4,1595,29.0,103,0,0,0,0,0,0,1,11.1,4.8435,Medium(101-150),0,0,0,0,0,0
L,298.4,309.5,1520,38.1,106,0,0,0,0,0,0,0,11.1,6.0641,Medium(101-150),0,0,0,0,0,0
L,298.3,309.4,1618,31.5,108,0,0,0,0,0,0,0,11.1,5.3369,Medium(101-150),0,0,0,0,0,0
L,298.4,309.5,1397,50.3,110,0,0,0,0,0,0,0,11.1,7.358,Medium(101-150),0,1,1,1,0,0
L,298.4,309.5,1450,47.9,112,0,0,0,0,0,0,0,11.1,7.2728,Medium(101-150),0,1,0,0,0,0
M,298.5,309.5,1501,40.2,114,0,0,0,0,0,0,1,11.0,6.3183,Medium(101-150),0,0,0,0,0,0
L,298.4,309.4,1392,50.1,117,0,0,0,0,0,0,0,11.0,7.3025,Medium(101-150),0,1,1,1,0,0
L,298.4,309.4,1385,43.2,119,0,0,0,0,0,0,0,11.0,6.2651,Medium(101-150),0,0,1,0,0,0
L,298.4,309.4,1461,46.3,121,0,0,0,0,0,0,0,11.0,7.0832,Medium(101-150),0,0,0,0,0,0
M,298.5,309.6,1364,58.7,123,0,0,0,0,0,0,1,11.1,8.384,Medium(101-150),0,1,1,1,0,0
L,298.5,309.5,1579,38.6,126,0,0,0,0,0,0,0,11.0,6.3821,Medium(101-150),0,0,0,0,0,0
M,298.4,309.5,1514,38.8,128,0,0,0,0,0,0,1,11.1,6.1511,Medium(101-150),0,0,0,0,0,0
M,298.3,309.5,1560,36.9,131,0,0,0,0,0,0,1,11.2,6.0276,Medium(101-150),0,0,0,0,0,0
L,298.3,309.5,1542,36.7,134,0,0,0,0,0,0,0,11.2,5.9258,Medium(101-150),0,0,0,0,0,0
L,298.3,309.4,1668,27.1,136,0,0,0,0,0,0,0,11.1,4.7333,Medium(101-150),0,0,0,0,0,0
M,298.3,309.4,1816,22.6,138,0,0,0,0,0,0,1,11.1,4.2975,Medium(101-150),0,0,0,0,0,0
M,298.3,309.4,1509,34.2,141,0,0,0,0,0,0,1,11.1,5.404,Medium(101-150),0,0,0,0,0,0
L,298.4,309.6,1479,37.8,144,0,0,0,0,0,0,0,11.2,5.8541,Medium(101-150),0,0,0,0,0,0
L,298.4,309.6,1655,30.2,146,0,0,0,0,0,0,0,11.2,5.2336,Medium(101-150),0,0,0,0,0,0
L,298.3,309.5,1711,30.3,148,0,0,0,0,0,0,0,11.2,5.4286,Medium(101-150),0,0,0,0,0,0
L,298.4,309.7,1581,34.6,150,0,0,0,0,0,0,0,11.3,5.728,Medium(101-150),0,0,0,0,0,0
H,298.6,309.8,1279,55.9,152,0,0,0,0,0,0,2,11.2,7.4865,High(151-200),0,1,1,1,0,0
L,298.5,309.8,1468,40.9,157,0,0,0,0,0,0,0,11.3,6.287,High(151-200),0,0,0,0,0,0
L,298.4,309.7,1419,41.3,159,0,0,0,0,0,0,0,11.3,6.1366,High(151-200),0,0,1,0,0,0
L,298.4,309.7,1530,38.6,161,0,0,0,0,0,0,0,11.3,6.1841,High(151-200),0,0,0,0,0,0
L,298.4,309.6,1710,27.3,163,1,0,0,0,0,0,0,11.2,4.8883,High(151-200),0,0,0,0,0,0
L,298.4,309.7,1518,39.8,165,0,0,0,0,0,0,0,11.3,6.3263,High(151-200),0,0,0,0,0,0
M,298.4,309.7,1679,33.3,167,0,0,0,0,0,0,1,11.3,5.8545,High(151-200),0,0,0,0,0,0
M,298.4,309.7,1870,22.5,170,0,0,0,0,0,0,1,11.3,4.4058,High(151-200),0,0,0,0,0,0
L,298.3,309.7,1484,44.3,173,0,0,0,0,0,0,0,11.4,6.8839,High(151-200),0,0,0,0,0,0
L,298.4,309.7,1457,44.2,175,0,0,0,0,0,0,0,11.3,6.7434,High(151-200),0,0,0,0,0,0
H,298.3,309.6,1546,36.2,177,0,0,0,0,0,0,2,11.3,5.8602,High(151-200),0,0,0,0,0,0
M,298.2,309.5,1478,36.5,182,0,0,0,0,0,0,1,11.3,5.6489,High(151-200),0,0,0,0,0,0
L,298.2,309.4,1447,47.1,185,0,0,0,0,0,0,0,11.2,7.1365,High(151-200),0,1,0,0,0,0
L,298.2,309.4,1443,45.4,187,0,0,0,0,0,0,0,11.2,6.8599,High(151-200),0,0,0,0,0,0
L,298.3,309.6,1527,30.9,189,0,0,0,0,0,0,0,11.3,4.9408,High(151-200),0,0,0,0,0,0
M,298.3,309.6,1469,54.8,191,0,0,0,0,0,0,1,11.3,8.4294,High(151-200),0,1,0,0,0,0
M,298.3,309.6,1681,27.1,194,0,0,0,0,0,0,1,11.3,4.7702,High(151-200),0,0,0,0,0,0
L,298.3,309.6,1420,44.1,197,0,0,0,0,0,0,0,11.3,6.5573,High(151-200),0,0,1,0,0,0
M,298.3,309.5,1543,49.9,199,0,0,0,0,0,0,1,11.2,8.0624,High(151-200),0,1,0,0,0,0
L,298.4,309.5,1376,50.4,202,0,0,0,0,0,0,0,11.1,7.2618,Critical(>200),1,1,1,1,0,0
H,298.3,309.4,1631,29.8,0,0,0,0,0,0,0,2,11.1,5.0894,Fresh(0-50),0,0,0,0,0,0
H,298.3,309.3,1529,41.7,5,0,0,0,0,0,0,2,11.0,6.6764,Fresh(0-50),0,0,0,0,0,0
L,298.3,309.4,1468,46.2,10,0,0,0,0,0,0,0,11.1,7.1017,Fresh(0-50),0,0,0,0,0,0
L,298.3,309.4,1378,52.3,12,0,0,0,0,0,0,0,11.1,7.5465,Fresh(0-50),0,1,1,1,0,0
L,298.3,309.3,1401,51.9,14,0,0,0,0,0,0,0,11.0,7.6138,Fresh(0-50),0,1,1,1,0,0
L,298.4,309.3,1531,37.4,16,0,0,0,0,0,0,0,10.9,5.9957,Fresh(0-50),0,0,0,0,0,0
L,298.4,309.3,1512,35.8,18,0,0,0,0,0,0,0,10.9,5.668,Fresh(0-50),0,0,0,0,0,0
M,298.5,309.4,1522,47.4,20,0,0,0,0,0,0,1,10.9,7.5542,Fresh(0-50),0,1,0,0,0,0
M,298.5,309.3,1615,31.8,23,0,0,0,0,0,0,1,10.8,5.3777,Fresh(0-50),0,0,0,0,0,0
L,298.6,309.3,1449,46.5,26,0,0,0,0,0,0,0,10.7,7.0553,Fresh(0-50),0,0,0,0,0,0
L,298.6,309.4,1315,55.5,28,0,0,0,0,0,0,0,10.8,7.6421,Fresh(0-50),0,1,1,1,0,0
M,298.6,309.4,1465,41.1,30,0,0,0,0,0,0,1,10.8,6.3049,Fresh(0-50),0,0,0,0,0,0
M,298.6,309.5,1404,43.3,33,0,0,0,0,0,0,1,10.9,6.3658,Fresh(0-50),0,0,1,0,0,0
L,298.6,309.5,1547,44.8,36,0,0,0,0,0,0,0,10.9,7.2571,Fresh(0-50),0,0,0,0,0,0
M,298.6,309.5,1426,45.4,38,0,0,0,0,0,0,1,10.9,6.7791,Fresh(0-50),0,0,0,0,0,0
L,298.6,309.5,1730,30.2,41,0,0,0,0,0,0,0,10.9,5.4708,Fresh(0-50),0,0,0,0,0,0
L,298.5,309.4,1548,37.7,43,0,0,0,0,0,0,0,10.9,6.111,Fresh(0-50),0,0,0,0,0,0
L,298.5,309.4,1517,40.2,45,0,0,0,0,0,0,0,10.9,6.3857,Fresh(0-50),0,0,0,0,0,0
L,298.6,309.5,1687,29.3,47,0,0,0,0,0,0,0,10.9,5.1758,Fresh(0-50),0,0,0,0,0,0
L,298.5,309.5,1738,25.2,49,0,0,0,0,0,0,0,11.0,4.5861,Fresh(0-50),0,0,0,0,0,0
H,298.4,309.4,1512,35.3,51,0,0,0,0,0,0,2,11.0,5.5889,Low(51-100),0,0,0,0,0,0
M,298.5,309.4,1365,48.7,56,0,0,0,0,0,0,1,10.9,6.9608,Low(51-100),0,1,1,1,0,0
H,298.5,309.4,2011,21.0,59,0,0,0,0,0,0,2,10.9,4.4221,Low(51-100),0,0,0,0,0,0
L,298.4,309.3,1806,27.6,64,0,0,0,0,0,0,0,10.9,5.2194,Low(51-100),0,0,0,0,0,0
L,298.4,309.3,1716,28.4,66,0,0,0,0,0,0,0,10.9,5.1031,Low(51-100),0,0,0,0,0,0
M,298.4,309.4,1666,24.3,68,0,0,0,0,0,0,1,11.0,4.2391,Low(51-100),0,0,0,0,0,0
L,298.5,309.4,1578,36.3,71,0,0,0,0,0,0,0,10.9,5.9981,Low(51-100),0,0,0,0,0,0
L,298.3,309.3,1558,37.2,73,0,0,0,0,0,0,0,11.0,6.0689,Low(51-100),0,0,0,0,0,0
L,298.3,309.2,1456,45.5,75,0,0,0,0,0,0,0,10.9,6.937,Low(51-100),0,0,0,0,0,0
M,298.2,309.1,1457,49.0,77,0,0,0,0,0,0,1,10.9,7.4757,Low(51-100),0,1,0,0,0,0
L,298.2,309.1,1467,44.5,80,0,0,0,0,0,0,0,10.9,6.8358,Low(51-100),0,0,0,0,0,0
M,298.1,309.0,1661,38.2,82,0,0,0,0,0,0,1,10.9,6.644,Low(51-100),0,0,0,0,0,0
L,298.1,309.0,1592,33.9,85,0,0,0,0,0,0,0,10.9,5.6512,Low(51-100),0,0,0,0,0,0
L,298.2,309.0,1596,37.2,87,0,0,0,0,0,0,0,10.8,6.2169,Low(51-100),0,0,0,0,0,0
L,298.2,309.0,1489,40.6,89,0,0,0,0,0,0,0,10.8,6.3302,Low(51-100),0,0,0,0,0,0
L,298.3,309.0,1471,48.3,91,0,0,0,0,0,0,0,10.7,7.4397,Low(51-100),0,1,0,0,0,0
M,298.3,309.0,1505,41.3,93,0,0,0,0,0,0,1,10.7,6.5085,Low(51-100),0,0,0,0,0,0
L,298.3,309.0,1519,40.0,96,0,0,0,0,0,0,0,10.7,6.3623,Low(51-100),0,0,0,0,0,0
L,298.3,309.0,1408,45.4,98,0,0,0,0,0,0,0,10.7,6.6935,Low(51-100),0,0,1,0,0,0
L,298.2,308.9,1332,44.4,100,0,0,0,0,0,0,0,10.7,6.1928,Low(51-100),0,0,1,0,0,0
L,298.1,308.9,1351,52.4,102,0,0,0,0,0,0,0,10.8,7.4128,Medium(101-150),0,1,1,1,0,0
L,298.0,308.9,1500,36.7,104,0,0,0,0,0,0,0,10.9,5.7644,Medium(101-150),0,0,0,0,0,0
M,298.0,308.7,1614,30.7,106,0,0,0,0,0,0,1,10.7,5.1885,Medium(101-150),0,0,0,0,0,0
L,298.0,308.8,1489,36.5,109,0,0,0,0,0,0,0,10.8,5.6909,Medium(101-150),0,0,0,0,0,0
M,297.9,308.7,1751,26.6,111,0,0,0,0,0,0,1,10.8,4.8771,Medium(101-150),0,0,0,0,0,0
L,298.0,308.7,1511,45.8,114,0,0,0,0,0,0,0,10.7,7.2465,Medium(101-150),0,0,0,0,0,0
L,297.9,308.6,1691,29.6,116,0,0,0,0,0,0,0,10.7,5.2412,Medium(101-150),0,0,0,0,0,0
L,297.9,308.6,1757,27.5,118,0,0,0,0,0,0,0,10.7,5.0594,Medium(101-150),0,0,0,0,0,0
H,297.9,308.7,1545,35.9,120,0,0,0,0,0,0,2,10.8,5.8079,Medium(101-150),0,0,0,0,0,0
L,297.9,308.6,2262,15.7,125,0,0,0,0,0,0,0,10.7,3.7187,Medium(101-150),0,0,0,0,0,0
M,297.7,308.5,1559,35.2,127,0,0,0,0,0,0,1,10.8,5.7463,Medium(101-150),0,0,0,0,0,0
L,297.6,308.4,1626,32.4,130,0,0,0,0,0,0,0,10.8,5.5165,Medium(101-150),0,0,0,0,0,0
L,297.6,308.3,1424,53.9,132,0,0,0,0,0,0,0,10.7,8.037,Medium(101-150),0,1,0,0,0,0
M,297.6,308.3,1648,29.1,134,0,0,0,0,0,0,1,10.7,5.0217,Medium(101-150),0,0,0,0,0,0
L,297.6,308.3,1523,39.5,137,0,0,0,0,0,0,0,10.7,6.2993,Medium(101-150),0,0,0,0,0,0
L,297.6,308.3,1502,43.2,139,0,0,0,0,0,0,0,10.7,6.7944,Medium(101-150),0,0,0,0,0,0
L,297.5,308.2,1489,40.7,141,0,0,0,0,0,0,0,10.7,6.3458,Medium(101-150),0,0,0,0,0,0
M,297.4,308.1,1620,31.2,143,0,0,0,0,0,0,1,10.7,5.2926,Medium(101-150),0,0,0,0,0,0
L,297.5,308.1,1631,30.6,146,0,0,0,0,0,0,0,10.6,5.226,Medium(101-150),0,0,0,0,0,0
M,297.5,308.0,1429,45.8,148,0,0,0,0,0,0,1,10.5,6.8532,Medium(101-150),0,0,0,0,0,0
M,297.5,308.1,1334,72.0,151,1,0,0,1,0,0,1,10.6,10.0574,High(151-200),0,1,1,1,0,1
L,297.4,308.0,1423,38.0,154,0,0,0,0,0,0,0,10.6,5.6622,High(151-200),0,0,0,0,0,0
L,297.4,307.9,1390,47.7,156,0,0,0,0,0,0,0,10.5,6.9427,High(151-200),0,1,1,1,0,0
M,297.4,307.9,1338,48.5,158,0,0,0,0,0,0,1,10.5,6.7951,High(151-200),0,1,1,1,0,0
H,297.3,307.9,1461,37.5,161,0,0,0,0,0,0,2,10.6,5.7369,High(151-200),0,0,0,0,0,0
M,297.4,307.9,1627,34.3,166,0,0,0,0,0,0,1,10.5,5.8436,High(151-200),0,0,0,0,0,0
L,297.3,307.8,1385,44.4,169,0,0,0,0,0,0,0,10.5,6.4392,High(151-200),0,0,1,0,0,0
M,297.3,307.8,1538,48.0,171,0,0,0,0,0,0,1,10.5,7.7303,High(151-200),0,1,0,0,0,0
L,297.4,307.9,1557,35.5,174,0,0,0,0,0,0,0,10.5,5.7878,High(151-200),0,0,0,0,0,0
L,297.4,307.9,1606,33.4,176,0,0,0,0,0,0,0,10.5,5.6168,High(151-200),0,0,0,0,0,0
M,297.5,308.0,1430,44.5,178,0,0,0,0,0,0,1,10.5,6.6634,High(151-200),0,0,0,0,0,0
M,297.4,308.0,1601,34.6,181,0,0,0,0,0,0,1,10.6,5.8005,High(151-200),0,0,0,0,0,0
L,297.4,308.0,1356,51.9,184,0,0,0,0,0,0,0,10.6,7.3693,High(151-200),0,1,1,1,0,0
M,297.5,308.2,1624,30.9,186,0,0,0,0,0,0,1,10.7,5.2546,High(151-200),0,0,0,0,0,0
L,297.5,308.2,1327,56.5,189,0,0,0,0,0,0,0,10.7,7.8508,High(151-200),0,1,1,1,0,0
L,297.6,308.3,1410,47.0,191,0,0,0,0,0,0,0,10.7,6.9393,High(151-200),0,1,1,1,0,0
L,297.6,308.3,1478,42.3,193,0,0,0,0,0,0,0,10.7,6.5465,High(151-200),0,0,0,0,0,0
L,297.6,308.4,1460,40.3,195,0,0,0,0,0,0,0,10.8,6.161,High(151-200),0,0,0,0,0,0
L,297.5,308.3,1435,40.3,197,0,0,0,0,0,0,0,10.8,6.0555,High(151-200),0,0,0,0,0,0
H,297.4,308.2,1359,46.9,199,0,0,0,0,0,0,2,10.8,6.674,High(151-200),0,1,1,1,0,0
L,297.4,308.1,1729,31.7,204,0,0,0,0,0,0,0,10.7,5.7392,Critical(>200),1,0,0,0,0,0
H,297.3,308.0,1384,49.1,206,0,0,0,0,0,0,2,10.7,7.1156,Critical(>200),1,1,1,1,0,0
L,297.4,308.2,1297,52.1,211,0,0,0,0,0,0,0,10.8,7.0758,Critical(>200),1,1,1,1,0,0
L,297.5,308.4,1633,33.3,213,0,0,0,0,0,0,0,10.9,5.6941,Critical(>200),1,0,0,0,0,0
M,297.5,308.4,1505,37.2,215,0,0,0,0,0,0,1,10.9,5.8624,Critical(>200),1,0,0,0,0,0
L,297.5,308.4,1433,50.0,218,0,0,0,0,0,0,0,10.9,7.5026,Critical(>200),1,1,0,0,0,0
L,297.4,308.4,1369,50.6,220,1,0,0,0,1,0,0,11.0,7.2535,Critical(>200),1,1,1,1,0,1
L,297.4,308.3,1475,40.5,222,1,1,0,0,0,0,0,10.9,6.2552,Critical(>200),1,0,0,0,0,1
L,297.4,308.3,1561,38.3,0,0,0,0,0,0,0,0,10.9,6.2603,Fresh(0-50),0,0,0,0,0,0
L,297.4,308.3,1472,45.5,2,0,0,0,0,0,0,0,10.9,7.0132,Fresh(0-50),0,0,0,0,0,0
L,297.5,308.4,1441,44.5,4,0,0,0,0,0,0,0,10.9,6.7146,Fresh(0-50),0,0,0,0,0,0
M,297.5,308.5,1401,50.5,6,0,0,0,0,0,0,1,11.0,7.4084,Fresh(0-50),0,1,1,1,0,0
L,297.5,308.5,1691,33.1,9,0,0,0,0,0,0,0,11.0,5.861,Fresh(0-50),0,0,0,0,0,0
L,297.6,308.6,1382,47.1,11,0,0,0,0,0,0,0,11.0,6.8159,Fresh(0-50),0,1,1,1,0,0
L,297.6,308.6,1355,46.4,13,0,0,0,0,0,0,0,11.0,6.5835,Fresh(0-50),0,0,1,0,0,0
L,297.6,308.6,1529,45.3,15,0,0,0,0,0,0,0,11.0,7.2527,Fresh(0-50),0,0,0,0,0,0
L,297.7,308.7,1829,24.9,17,0,0,0,0,0,0,0,11.0,4.7688,Fresh(0-50),0,0,0,0,0,0
H,297.6,308.6,1480,39.8,19,0,0,0,0,0,0,2,11.0,6.168,Fresh(0-50),0,0,0,0,0,0
L,297.6,308.5,1475,42.4,24,0,0,0,0,0,0,0,10.9,6.5487,Fresh(0-50),0,0,0,0,0,0
M,297.6,308.5,1431,52.6,26,0,0,0,0,0,0,1,10.9,7.8817,Fresh(0-50),0,1,0,0,0,0
L,297.5,308.3,1437,42.3,29,0,0,0,0,0,0,0,10.8,6.3649,Fresh(0-50),0,0,0,0,0,0
M,297.5,308.3,1476,45.6,31,0,0,0,0,0,0,1,10.8,7.0477,Fresh(0-50),0,0,0,0,0,0
H,297.5,308.4,1490,39.7,34,0,0,0,0,0,0,2,10.9,6.194,Fresh(0-50),0,0,0,0,0,0
L,297.4,308.3,1632,33.5,39,0,0,0,0,0,0,0,10.9,5.7248,Fresh(0-50),0,0,0,0,0,0
L,297.4,308.2,1402,49.7,41,0,0,0,0,0,0,0,10.8,7.2963,Fresh(0-50),0,1,1,1,0,0
L,297.4,308.3,1347,45.8,43,0,0,0,0,0,0,0,10.9,6.46,Fresh(0-50),0,0,1,0,0,0
L,297.5,308.4,1747,31.0,45,0,0,0,0,0,0,0,10.9,5.6709,Fresh(0-50),0,0,0,0,0,0
H,297.5,308.5,1557,39.1,47,0,0,0,0,0,0,2,11.0,6.3747,Fresh(0-50),0,0,0,0,0,0
L,297.4,308.4,1371,57.4,52,0,0,0,0,0,0,0,11.0,8.2404,Low(51-100),0,1,1,1,0,0
H,297.3,308.3,1506,37.0,54,0,0,0,0,0,0,2,11.0,5.8348,Low(51-100),0,0,0,0,0,0
L,297.3,308.3,1590,35.5,59,0,0,0,0,0,0,0,11.0,5.9105,Low(51-100),0,0,0,0,0,0
L,297.4,308.3,1336,53.7,61,0,0,0,0,0,0,0,10.9,7.5124,Low(51-100),0,1,1,1,0,0
L,297.3,308.3,1411,43.2,63,0,0,0,0,0,0,0,11.0,6.3827,Low(51-100),0,0,1,0,0,0
L,297.4,308.3,1704,27.3,65,0,0,0,0,0,0,0,10.9,4.8711,Low(51-100),0,0,0,0,0,0
L,297.5,308.4,1723,27.3,67,0,0,0,0,0,0,0,10.9,4.9254,Low(51-100),0,0,0,0,0,0
L,297.5,308.5,1459,39.7,69,0,0,0,0,0,0,0,11.0,6.0652,Low(51-100),0,0,0,0,0,0
L,297.6,308.5,1572,35.9,71,0,0,0,0,0,0,0,10.9,5.9094,Low(51-100),0,0,0,0,0,0
L,297.5,308.4,1384,56.0,73,0,0,0,0,0,0,0,10.9,8.1156,Low(51-100),0,1,1,1,0,0
L,297.6,308.6,1383,47.5,75,0,0,0,0,0,0,0,11.0,6.8788,Low(51-100),0,1,1,1,0,0
M,297.6,308.5,1360,48.6,77,0,0,0,0,0,0,1,10.9,6.921,Low(51-100),0,1,1,1,0,0
M,297.5,308.4,1596,36.6,80,0,0,0,0,0,0,1,10.9,6.1166,Low(51-100),0,0,0,0,0,0
L,297.5,308.5,1448,54.3,83,0,0,0,0,0,0,0,11.0,8.2331,Low(51-100),0,1,0,0,0,0
M,297.6,308.5,1443,38.2,85,0,0,0,0,0,0,1,10.9,5.772,Low(51-100),0,0,0,0,0,0
M,297.6,308.6,1492,35.5,88,0,0,0,0,0,0,1,11.0,5.5462,Low(51-100),0,0,0,0,0,0
L,297.5,308.6,1497,43.9,91,0,0,0,0,0,0,0,11.1,6.8815,Low(51-100),0,0,0,0,0,0
L,297.5,308.5,1530,38.5,93,0,0,0,0,0,0,0,11.0,6.1681,Low(51-100),0,0,0,0,0,0
M,297.4,308.4,1478,46.2,95,0,0,0,0,0,0,1,11.0,7.1501,Low(51-100),0,0,0,0,0,0
L,297.4,308.4,1328,61.8,98,0,0,0,0,0,0,0,11.0,8.5938,Low(51-100),0,1,1,1,0,0
H,297.4,308.3,1771,27.4,100,0,0,0,0,0,0,2,10.9,5.0812,Low(51-100),0,0,0,0,0,0
M,297.4,308.4,1564,35.0,105,0,0,0,0,0,0,1,11.0,5.7319,Medium(101-150),0,0,0,0,0,0
H,297.3,308.3,1461,41.5,108,0,0,0,0,0,0,2,11.0,6.3488,Medium(101-150),0,0,0,0,0,0
M,297.4,308.3,1335,57.9,113,0,0,0,0,0,0,1,10.9,8.0939,Medium(101-150),0,1,1,1,0,0
M,297.4,308.4,1441,46.8,116,0,0,0,0,0,0,1,11.0,7.0617,Medium(101-150),0,0,0,0,0,0
L,297.3,308.3,1268,60.6,119,0,0,0,0,0,0,0,11.0,8.0462,Medium(101-150),0,1,1,1,0,0
M,297.3,308.3,1697,27.4,121,0,0,0,0,0,0,1,11.0,4.8689,Medium(101-150),0,0,0,0,0,0
L,297.4,308.4,1421,46.0,124,0,0,0,0,0,0,0,11.0,6.8446,Medium(101-150),0,0,1,0,0,0
L,297.4,308.5,1496,36.4,126,0,0,0,0,0,0,0,11.1,5.702,Medium(101-150),0,0,0,0,0,0
L,297.5,308.5,1375,55.6,128,0,0,0,0,0,0,0,11.0,8.0052,Medium(101-150),0,1,1,1,0,0
L,297.4,308.5,1295,52.1,130,0,0,0,0,0,0,0,11.1,7.0649,Medium(101-150),0,1,1,1,0,0
L,297.4,308.5,1643,33.8,132,0,0,0,0,0,0,0,11.1,5.815,Medium(101-150),0,0,0,0,0,0
L,297.5,308.6,1514,36.9,134,0,0,0,0,0,0,0,11.1,5.8499,Medium(101-150),0,0,0,0,0,0
L,297.5,308.6,1671,29.4,136,0,0,0,0,0,0,0,11.1,5.1442,Medium(101-150),0,0,0,0,0,0
H,297.5,308.6,1355,58.9,138,0,0,0,0,0,0,2,11.1,8.357,Medium(101-150),0,1,1,1,0,0
L,297.6,308.7,1365,50.6,143,0,0,0,0,0,0,0,11.1,7.2324,Medium(101-150),0,1,1,1,0,0
L,297.5,308.7,1407,42.5,145,0,0,0,0,0,0,0,11.2,6.2615,Medium(101-150),0,0,1,0,0,0
M,297.5,308.8,1455,46.1,147,0,0,0,0,0,0,1,11.3,7.0236,Medium(101-150),0,0,0,0,0,0
L,297.5,308.8,1502,45.9,150,0,0,0,0,0,0,0,11.3,7.219,Medium(101-150),0,0,0,0,0,0
M,297.5,308.8,1471,52.3,152,0,0,0,0,0,0,1,11.3,8.0558,High(151-200),0,1,0,0,0,0
L,297.5,308.9,1581,30.4,155,0,0,0,0,0,0,0,11.4,5.0327,High(151-200),0,0,0,0,0,0
L,297.5,308.8,1530,37.8,157,0,0,0,0,0,0,0,11.3,6.0559,High(151-200),0,0,0,0,0,0
L,297.5,308.8,1312,50.3,159,0,0,0,0,0,0,0,11.3,6.9103,High(151-200),0,1,1,1,0,0
L,297.4,308.6,1494,42.6,161,0,0,0,0,0,0,0,11.2,6.6643,High(151-200),0,0,0,0,0,0
M,297.4,308.6,1528,29.1,163,0,0,0,0,0,0,1,11.2,4.656,High(151-200),0,0,0,0,0,0
H,297.3,308.6,1688,29.4,166,0,0,0,0,0,0,2,11.3,5.1966,High(151-200),0,0,0,0,0,0
M,297.3,308.5,1520,42.4,171,0,0,0,0,0,0,1,11.2,6.7485,High(151-200),0,0,0,0,0,0
M,297.3,308.5,1664,28.9,174,0,0,0,0,0,0,1,11.2,5.0356,High(151-200),0,0,0,0,0,0
L,297.3,308.5,1514,44.5,177,0,0,0,0,0,0,0,11.2,7.0548,High(151-200),0,0,0,0,0,0
L,297.3,308.5,1456,54.2,179,0,0,0,0,0,0,0,11.2,8.2634,High(151-200),0,1,0,0,0,0
L,297.2,308.5,1494,39.6,181,0,0,0,0,0,0,0,11.3,6.195,High(151-200),0,0,0,0,0,0
L,297.2,308.4,1605,30.0,183,0,0,0,0,0,0,0,11.2,5.0419,High(151-200),0,0,0,0,0,0
M,297.2,308.5,1353,46.5,185,0,0,0,0,0,0,1,11.3,6.5879,High(151-200),0,0,1,0,0,0
L,297.2,308.5,1447,47.9,188,0,0,0,0,0,0,0,11.3,7.2577,High(151-200),0,1,0,0,0,0
L,297.2,308.5,1588,40.4,190,0,0,0,0,0,0,0,11.3,6.7178,High(151-200),0,0,0,0,0,0
H,297.2,308.5,1524,41.4,192,0,0,0,0,0,0,2,11.3,6.6067,High(151-200),0,0,0,0,0,0
M,297.2,308.5,1611,31.6,197,0,0,0,0,0,0,1,11.3,5.3306,High(151-200),0,0,0,0,0,0
M,297.2,308.5,1604,34.9,200,0,0,0,0,0,0,1,11.3,5.8617,High(151-200),0,0,0,0,0,0
L,297.1,308.5,1483,46.9,203,0,0,0,0,0,0,0,11.4,7.283,Critical(>200),1,1,0,0,0,0
L,297.1,308.4,1543,39.6,205,0,0,0,0,0,0,0,11.3,6.3982,Critical(>200),1,0,0,0,0,0
L,297.1,308.5,1323,44.4,207,1,1,0,0,0,0,0,11.4,6.1509,Critical(>200),1,0,1,0,0,1
L,297.1,308.5,1555,36.2,0,0,0,0,0,0,0,0,11.4,5.8943,Fresh(0-50),0,0,0,0,0,0
L,297.1,308.4,1583,31.9,2,0,0,0,0,0,0,0,11.3,5.2877,Fresh(0-50),0,0,0,0,0,0
M,297.2,308.5,1584,40.0,4,0,0,0,0,0,0,1,11.3,6.6346,Fresh(0-50),0,0,0,0,0,0
L,297.2,308.5,1766,25.8,7,0,0,0,0,0,0,0,11.3,4.771,Fresh(0-50),0,0,0,0,0,0
M,297.2,308.6,1498,44.4,9,0,0,0,0,0,0,1,11.4,6.9645,Fresh(0-50),0,0,0,0,0,0
L,297.2,308.6,1413,49.8,12,0,0,0,0,0,0,0,11.4,7.3683,Fresh(0-50),0,1,1,1,0,0
L,297.3,308.6,1505,33.5,14,0,0,0,0,0,0,0,11.3,5.2793,Fresh(0-50),0,0,0,0,0,0
H,297.3,308.7,1438,46.2,16,0,0,0,0,0,0,2,11.4,6.9566,Fresh(0-50),0,0,0,0,0,0
M,297.3,308.7,1655,34.1,21,0,0,0,0,0,0,1,11.4,5.9095,Fresh(0-50),0,0,0,0,0,0
M,297.3,308.7,1451,43.8,24,0,0,0,0,0,0,1,11.4,6.6548,Fresh(0-50),0,0,0,0,0,0
M,297.3,308.7,1466,38.4,27,0,0,0,0,0,0,1,11.4,5.8947,Fresh(0-50),0,0,0,0,0,0
L,297.2,308.6,1774,23.0,30,0,0,0,0,0,0,0,11.4,4.2725,Fresh(0-50),0,0,0,0,0,0
M,297.2,308.6,1284,51.3,32,0,0,0,0,0,0,1,11.4,6.8973,Fresh(0-50),0,1,1,1,0,0
L,297.1,308.5,1425,40.0,35,0,0,0,0,0,0,0,11.4,5.9686,Fresh(0-50),0,0,0,0,0,0
L,297.2,308.6,1437,52.4,37,0,0,0,0,0,0,0,11.4,7.8847,Fresh(0-50),0,1,0,0,0,0
L,297.2,308.6,1335,53.0,39,0,0,0,0,0,0,0,11.4,7.4089,Fresh(0-50),0,1,1,1,0,0
L,297.2,308.5,1471,41.7,41,0,0,0,0,0,0,0,11.3,6.4231,Fresh(0-50),0,0,0,0,0,0
M,297.2,308.5,1364,54.0,43,0,0,0,0,0,0,1,11.3,7.7127,Fresh(0-50),0,1,1,1,0,0
L,297.1,308.5,1578,35.6,46,0,0,0,0,0,0,0,11.4,5.8824,Fresh(0-50),0,0,0,0,0,0
L,297.1,308.5,1712,32.1,48,0,0,0,0,0,0,0,11.4,5.7545,Fresh(0-50),0,0,0,0,0,0
L,297.1,308.5,1733,28.7,50,0,0,0,0,0,0,0,11.4,5.2081,Fresh(0-50),0,0,0,0,0,0
L,297.2,308.6,1652,32.1,52,0,0,0,0,0,0,0,11.4,5.5528,Low(51-100),0,0,0,0,0,0
L,297.2,308.6,1917,24.1,54,0,0,0,0,0,0,0,11.4,4.8377,Low(51-100),0,0,0,0,0,0
M,297.2,308.6,1444,41.1,56,0,0,0,0,0,0,1,11.4,6.2145,Low(51-100),0,0,0,0,0,0
L,297.1,308.6,1442,37.1,59,0,0,0,0,0,0,0,11.5,5.6019,Low(51-100),0,0,0,0,0,0
M,297.1,308.6,1717,31.3,61,0,0,0,0,0,0,1,11.5,5.6274,Low(51-100),0,0,0,0,0,0
L,297.1,308.7,1474,42.3,64,0,0,0,0,0,0,0,11.6,6.5288,Low(51-100),0,0,0,0,0,0
L,297.2,308.7,1509,39.3,66,0,0,0,0,0,0,0,11.5,6.2098,Low(51-100),0,0,0,0,0,0
L,297.2,308.8,1451,43.1,68,0,0,0,0,0,0,0,11.6,6.5485,Low(51-100),0,0,0,0,0,0
L,297.3,308.8,1554,36.1,70,0,0,0,0,0,0,0,11.5,5.8743,Low(51-100),0,0,0,0,0,0
L,297.2,308.7,1669,30.7,72,0,0,0,0,0,0,0,11.5,5.3653,Low(51-100),0,0,0,0,0,0
L,297.2,308.6,1366,50.4,74,0,0,0,0,0,0,0,11.4,7.209,Low(51-100),0,1,1,1,0,0
L,297.2,308.6,1578,34.4,76,0,0,0,0,0,0,0,11.4,5.6841,Low(51-100),0,0,0,0,0,0
M,297.2,308.6,1513,39.0,78,0,0,0,0,0,0,1,11.4,6.1787,Low(51-100),0,0,0,0,0,0
M,297.1,308.5,1515,42.1,81,0,0,0,0,0,0,1,11.4,6.6787,Low(51-100),0,0,0,0,0,0
L,297.2,308.6,1562,33.0,84,0,0,0,0,0,0,0,11.4,5.3975,Low(51-100),0,0,0,0,0,0
L,297.2,308.7,1501,38.5,86,0,0,0,0,0,0,0,11.5,6.0512,Low(51-100),0,0,0,0,0,0
M,297.2,308.7,1398,38.1,88,0,0,0,0,0,0,1,11.5,5.5774,Low(51-100),0,0,1,0,0,0
L,297.3,308.7,1352,53.8,91,0,0,0,0,0,0,0,11.4,7.6165,Low(51-100),0,1,1,1,0,0
H,297.3,308.7,1569,33.9,93,0,0,0,0,0,0,2,11.4,5.5695,Low(51-100),0,0,0,0,0,0
H,297.2,308.6,1486,46.6,98,0,0,0,0,0,0,2,11.4,7.2511,Low(51-100),0,0,0,0,0,0
L,297.2,308.6,1864,23.6,103,0,0,0,0,0,0,0,11.4,4.6063,Medium(101-150),0,0,0,0,0,0
M,297.3,308.7,1447,44.5,105,0,0,0,0,0,0,1,11.4,6.7426,Medium(101-150),0,0,0,0,0,0
L,297.2,308.6,1392,41.5,108,0,0,0,0,0,0,0,11.4,6.049,Medium(101-150),0,0,1,0,0,0
L,297.3,308.6,1358,47.6,110,0,0,0,0,0,0,0,11.3,6.7687,Medium(101-150),0,1,1,1,0,0
L,297.3,308.7,1491,40.2,112,0,0,0,0,0,0,0,11.4,6.2763,Medium(101-150),0,0,0,0,0,0
L,297.3,308.7,1556,36.7,114,0,0,0,0,0,0,0,11.4,5.9796,Medium(101-150),0,0,0,0,0,0
L,297.3,308.7,1531,36.7,116,0,0,0,0,0,0,0,11.4,5.8835,Medium(101-150),0,0,0,0,0,0
H,297.4,308.7,1429,37.6,118,0,0,0,0,0,0,2,11.3,5.6262,Medium(101-150),0,0,0,0,0,0
M,297.4,308.8,1573,33.9,123,0,0,0,0,0,0,1,11.4,5.5837,Medium(101-150),0,0,0,0,0,0
L,297.4,308.8,1538,41.2,126,0,0,0,0,0,0,0,11.4,6.6351,Medium(101-150),0,0,0,0,0,0
L,297.4,308.8,1467,39.0,128,0,0,0,0,0,0,0,11.4,5.9909,Medium(101-150),0,0,0,0,0,0
H,297.4,308.7,1323,51.1,130,0,0,0,0,0,0,2,11.3,7.0791,Medium(101-150),0,1,1,1,0,0
M,297.4,308.7,1798,23.0,135,0,0,0,0,0,0,1,11.3,4.3303,Medium(101-150),0,0,0,0,0,0
L,297.4,308.6,1411,46.3,138,0,0,0,0,0,0,0,11.2,6.8408,Medium(101-150),0,0,1,0,0,0
L,297.3,308.5,1528,44.5,140,0,0,0,0,0,0,0,11.2,7.12,Medium(101-150),0,0,0,0,0,0
L,297.3,308.5,1504,42.0,142,0,0,0,0,0,0,0,11.2,6.6145,Medium(101-150),0,0,0,0,0,0
L,297.3,308.5,1384,39.6,144,0,0,0,0,0,0,0,11.2,5.7389,Medium(101-150),0,0,1,0,0,0
L,297.2,308.4,1677,26.4,146,0,0,0,0,0,0,0,11.2,4.6359,Medium(101-150),0,0,0,0,0,0
L,297.3,308.5,1764,30.8,148,0,0,0,0,0,0,0,11.2,5.6891,Medium(101-150),0,0,0,0,0,0
M,297.4,308.5,1472,42.0,150,0,0,0,0,0,0,1,11.1,6.4737,Medium(101-150),0,0,0,0,0,0
M,297.4,308.5,1465,55.9,153,0,0,0,0,0,0,1,11.1,8.5752,High(151-200),0,1,0,0,0,0
M,297.4,308.6,1657,33.1,156,0,0,0,0,0,0,1,11.2,5.7431,High(151-200),0,0,0,0,0,0
L,297.4,308.6,1635,30.5,159,0,0,0,0,0,0,0,11.2,5.2217,High(151-200),0,0,0,0,0,0
M,297.4,308.7,1582,31.9,161,0,0,0,0,0,0,1,11.3,5.2844,High(151-200),0,0,0,0,0,0
L,297.5,308.7,1761,26.2,164,0,0,0,0,0,0,0,11.2,4.8312,High(151-200),0,0,0,0,0,0
L,297.5,308.8,1587,34.9,166,0,0,0,0,0,0,0,11.3,5.7996,High(151-200),0,0,0,0,0,0
M,297.5,308.7,1446,53.0,168,0,0,0,0,0,0,1,11.2,8.0249,High(151-200),0,1,0,0,0,0
M,297.5,308.7,1352,53.0,171,0,0,0,0,0,0,1,11.2,7.5032,High(151-200),0,1,1,1,0,0
M,297.4,308.7,1392,46.4,174,0,0,0,0,0,0,1,11.3,6.7632,High(151-200),0,0,1,0,0,0
L,297.5,308.8,1417,49.8,177,0,0,0,0,0,0,0,11.3,7.3892,High(151-200),0,1,1,1,0,0
H,297.5,308.8,1824,24.0,179,0,0,0,0,0,0,2,11.3,4.5839,High(151-200),0,0,0,0,0,0
L,297.5,308.8,1603,36.7,184,0,0,0,0,0,0,0,11.3,6.1602,High(151-200),0,0,0,0,0,0
L,297.4,308.8,1620,33.4,186,0,0,0,0,0,0,0,11.4,5.6658,High(151-200),0,0,0,0,0,0
L,297.4,308.8,1353,49.4,188,0,0,0,0,0,0,0,11.4,6.9988,High(151-200),0,1,1,1,0,0
L,297.5,308.8,1360,50.7,190,0,0,0,0,0,0,0,11.3,7.2201,High(151-200),0,1,1,1,0,0
L,297.5,308.6,1380,53.5,192,0,0,0,0,0,0,0,11.1,7.7309,High(151-200),0,1,1,1,0,0
M,297.5,308.7,1363,53.6,194,0,0,0,0,0,0,1,11.2,7.6499,High(151-200),0,1,1,1,0,0
M,297.4,308.6,1452,41.2,197,0,0,0,0,0,0,1,11.2,6.2641,High(151-200),0,0,0,0,0,0
L,297.4,308.6,1680,32.8,200,0,0,0,0,0,0,0,11.2,5.7701,High(151-200),0,0,0,0,0,0
L,297.5,308.6,1536,39.0,202,0,0,0,0,0,0,0,11.1,6.2727,Critical(>200),1,0,0,0,0,0
L,297.5,308.6,1621,28.9,0,0,0,0,0,0,0,0,11.1,4.9054,Fresh(0-50),0,0,0,0,0,0
L,297.5,308.6,1585,37.6,2,0,0,0,0,0,0,0,11.1,6.2404,Fresh(0-50),0,0,0,0,0,0
M,297.6,308.7,1408,51.5,4,0,0,0,0,0,0,1,11.1,7.5929,Fresh(0-50),0,1,1,1,0,0
H,297.5,308.6,1536,38.7,7,0,0,0,0,0,0,2,11.1,6.2244,Fresh(0-50),0,0,0,0,0,0
L,297.5,308.6,1352,52.6,12,0,0,0,0,0,0,0,11.1,7.4466,Fresh(0-50),0,1,1,1,0,0
H,297.5,308.6,1481,38.8,14,0,0,0,0,0,0,2,11.1,6.017,Fresh(0-50),0,0,0,0,0,0
L,297.5,308.7,1454,45.0,19,0,0,0,0,0,0,0,11.2,6.8513,Fresh(0-50),0,0,0,0,0,0
M,297.5,308.6,1349,51.5,21,0,0,0,0,0,0,1,11.1,7.2747,Fresh(0-50),0,1,1,1,0,0
M,297.5,308.6,1327,52.1,24,0,0,0,0,0,0,1,11.1,7.2394,Fresh(0-50),0,1,1,1,0,0
L,297.6,308.7,1552,42.3,27,0,0,0,0,0,0,0,11.1,6.8743,Fresh(0-50),0,0,0,0,0,0
L,297.5,308.7,1456,44.7,29,0,0,0,0,0,0,0,11.2,6.815,Fresh(0-50),0,0,0,0,0,0
M,297.6,308.6,1254,45.8,31,0,0,0,0,0,0,1,11.0,6.0139,Fresh(0-50),0,0,1,0,0,0
L,297.5,308.6,1437,43.3,34,0,0,0,0,0,0,0,11.1,6.5154,Fresh(0-50),0,0,0,0,0,0
L,297.5,308.6,1694,27.1,36,0,0,0,0,0,0,0,11.1,4.8071,Fresh(0-50),0,0,0,0,0,0
L,297.5,308.5,1306,50.7,38,0,0,0,0,0,0,0,11.0,6.9334,Fresh(0-50),0,1,1,1,0,0
M,297.5,308.5,1699,30.1,40,0,0,0,0,0,0,1,11.0,5.355,Fresh(0-50),0,0,0,0,0,0
L,297.4,308.5,1369,53.2,43,0,0,0,0,0,0,0,11.1,7.6263,Fresh(0-50),0,1,1,1,0,0
L,297.4,308.5,1471,43.9,45,0,0,0,0,0,0,0,11.1,6.762,Fresh(0-50),0,0,0,0,0,0
L,297.4,308.5,1410,43.9,47,0,0,0,0,0,0,0,11.1,6.4816,Fresh(0-50),0,0,1,0,0,0
M,297.4,308.5,1412,45.5,49,0,0,0,0,0,0,1,11.1,6.7273,Fresh(0-50),0,0,1,0,0,0
L,297.4,308.5,1418,51.2,52,0,0,0,0,0,0,0,11.1,7.6023,Low(51-100),0,1,1,1,0,0
L,297.4,308.5,1782,25.9,54,0,0,0,0,0,0,0,11.1,4.8329,Low(51-100),0,0,0,0,0,0
M,297.4,308.5,1497,36.4,56,0,0,0,0,0,0,1,11.1,5.7058,Low(51-100),0,0,0,0,0,0
L,297.3,308.4,1459,39.4,59,0,0,0,0,0,0,0,11.1,6.0193,Low(51-100),0,0,0,0,0,0
L,297.2,308.3,1796,23.8,61,0,0,0,0,0,0,0,11.1,4.4759,Low(51-100),0,0,0,0,0,0
L,297.2,308.3,1569,31.2,63,0,0,0,0,0,0,0,11.1,5.1259,Low(51-100),0,0,0,0,0,0
L,297.3,308.4,1469,46.7,65,0,0,0,0,0,0,0,11.1,7.1835,Low(51-100),0,0,0,0,0,0
L,297.3,308.4,1472,41.3,67,0,0,0,0,0,0,0,11.1,6.3658,Low(51-100),0,0,0,0,0,0
L,297.4,308.5,1475,47.2,69,0,0,0,0,0,0,0,11.1,7.2901,Low(51-100),0,1,0,0,0,0
L,297.4,308.6,1488,36.4,71,0,0,0,0,0,0,0,11.2,5.6715,Low(51-100),0,0,0,0,0,0
L,297.4,308.6,1524,43.1,73,0,0,0,0,0,0,0,11.2,6.8779,Low(51-100),0,0,0,0,0,0
L,297.4,308.5,1486,48.6,75,0,0,0,0,0,0,0,11.1,7.5623,Low(51-100),0,1,0,0,0,0
M,297.5,308.6,1255,60.7,77,0,0,0,0,0,0,1,11.1,7.9768,Low(51-100),0,1,1,1,0,0
M,297.4,308.6,1469,42.6,80,0,0,0,0,0,0,1,11.2,6.5528,Low(51-100),0,0,0,0,0,0
L,297.4,308.5,1692,34.3,83,0,0,0,0,0,0,0,11.1,6.077,Low(51-100),0,0,0,0,0,0
M,297.4,308.6,1604,32.8,85,0,0,0,0,0,0,1,11.2,5.509,Low(51-100),0,0,0,0,0,0
L,297.4,308.6,1446,48.1,88,0,0,0,0,0,0,0,11.2,7.283,Low(51-100),0,1,0,0,0,0
L,297.3,308.5,1503,43.3,90,0,0,0,0,0,0,0,11.2,6.8146,Low(51-100),0,0,0,0,0,0
M,297.3,308.5,1625,32.8,92,0,0,0,0,0,0,1,11.2,5.5812,Low(51-100),0,0,0,0,0,0
L,297.2,308.5,1574,35.8,95,0,0,0,0,0,0,0,11.3,5.9004,Low(51-100),0,0,0,0,0,0
M,297.2,308.4,1378,41.9,97,0,0,0,0,0,0,1,11.2,6.0459,Low(51-100),0,0,1,0,0,0
L,297.1,308.4,1693,29.5,100,0,0,0,0,0,0,0,11.3,5.2297,Low(51-100),0,0,0,0,0,0
L,297.2,308.4,1462,51.2,102,0,0,0,0,0,0,0,11.2,7.8382,Medium(101-150),0,1,0,0,0,0
H,297.3,308.5,1435,55.0,104,0,0,0,0,0,0,2,11.2,8.2644,Medium(101-150),0,1,0,0,0,0
M,297.2,308.5,1425,45.8,109,0,0,0,0,0,0,1,11.3,6.834,Medium(101-150),0,0,0,0,0,0
H,297.3,308.6,1376,53.5,112,0,0,0,0,0,0,2,11.3,7.7085,Medium(101-150),0,1,1,1,0,0
M,297.4,308.7,1481,48.0,117,0,0,0,0,0,0,1,11.3,7.4438,Medium(101-150),0,1,0,0,0,0
H,297.4,308.7,1349,48.9,120,0,0,0,0,0,0,2,11.3,6.9074,Medium(101-150),0,1,1,1,0,0
L,297.3,308.7,1551,40.0,125,0,0,0,0,0,0,0,11.4,6.4963,Medium(101-150),0,0,0,0,0,0
H,297.4,308.7,1623,33.8,127,0,0,0,0,0,0,2,11.3,5.7442,Medium(101-150),0,0,0,0,0,0
L,297.4,308.8,1462,49.7,132,0,0,0,0,0,0,0,11.4,7.6085,Medium(101-150),0,1,0,0,0,0
M,297.3,308.8,1447,57.4,134,0,0,0,0,0,0,1,11.5,8.6972,Medium(101-150),0,1,0,0,0,0
M,297.3,308.9,1799,24.5,137,0,0,0,0,0,0,1,11.6,4.6152,Medium(101-150),0,0,0,0,0,0
M,297.3,308.8,1548,41.3,140,0,0,0,0,0,0,1,11.5,6.6945,Medium(101-150),0,0,0,0,0,0
M,297.2,308.8,1485,47.9,143,0,0,0,0,0,0,1,11.6,7.4483,Medium(101-150),0,1,0,0,0,0
L,297.2,308.7,1463,49.9,146,0,0,0,0,0,0,0,11.5,7.6444,Medium(101-150),0,1,0,0,0,0
L,297.3,308.7,1587,35.8,148,0,0,0,0,0,0,0,11.4,5.9492,Medium(101-150),0,0,0,0,0,0
M,297.3,308.8,1469,44.1,150,0,0,0,0,0,0,1,11.5,6.7835,Medium(101-150),0,0,0,0,0,0
H,297.3,308.7,1430,42.8,153,0,0,0,0,0,0,2,11.4,6.4088,High(151-200),0,0,0,0,0,0
H,297.4,308.7,1726,26.8,158,0,0,0,0,0,0,2,11.3,4.8436,High(151-200),0,0,0,0,0,0
L,297.4,308.8,1651,34.1,163,0,0,0,0,0,0,0,11.4,5.8952,High(151-200),0,0,0,0,0,0
L,297.4,308.8,1529,41.3,165,0,0,0,0,0,0,0,11.4,6.6123,High(151-200),0,0,0,0,0,0
L,297.4,308.8,1473,46.2,167,0,0,0,0,0,0,0,11.4,7.1259,High(151-200),0,0,0,0,0,0
H,297.4,308.8,1324,53.5,169,0,0,0,0,0,0,2,11.4,7.4172,High(151-200),0,1,1,1,0,0
L,297.4,308.9,1708,28.8,174,0,0,0,0,0,0,0,11.5,5.1508,High(151-200),0,0,0,0,0,0
M,297.5,309.1,1540,38.5,176,0,0,0,0,0,0,1,11.6,6.2084,High(151-200),0,0,0,0,0,0
L,297.5,309.0,1320,54.7,179,0,0,0,0,0,0,0,11.5,7.5606,High(151-200),0,1,1,1,0,0
M,297.4,308.9,1376,39.0,181,0,0,0,0,0,0,1,11.5,5.6193,High(151-200),0,0,1,0,0,0
M,297.3,308.7,1542,37.0,184,0,0,0,0,0,0,1,11.4,5.9742,High(151-200),0,0,0,0,0,0
L,297.3,308.7,1506,39.3,187,0,0,0,0,0,0,0,11.4,6.1975,High(151-200),0,0,0,0,0,0
L,297.3,308.7,1492,43.6,189,0,0,0,0,0,0,0,11.4,6.8116,High(151-200),0,0,0,0,0,0
H,297.3,308.8,1564,38.0,191,0,0,0,0,0,0,2,11.5,6.2232,High(151-200),0,0,0,0,0,0
H,297.4,308.9,1645,30.8,196,0,0,0,0,0,0,2,11.5,5.3053,High(151-200),0,0,0,0,0,0
M,297.4,308.9,1348,59.1,201,0,0,0,0,0,0,1,11.5,8.3421,Critical(>200),1,1,1,1,0,0
M,297.4,308.8,1325,62.4,204,1,1,0,0,1,0,1,11.4,8.6576,Critical(>200),1,1,1,1,0,2
L,297.5,308.9,1443,43.5,0,0,0,0,0,0,0,0,11.4,6.5728,Fresh(0-50),0,0,0,0,0,0
M,297.5,308.9,1436,44.8,2,0,0,0,0,0,0,1,11.4,6.7364,Fresh(0-50),0,0,0,0,0,0
L,297.5,308.9,1596,30.7,5,0,0,0,0,0,0,0,11.4,5.1306,Fresh(0-50),0,0,0,0,0,0
L,297.6,309.0,1491,43.2,7,0,0,0,0,0,0,0,11.4,6.7446,Fresh(0-50),0,0,0,0,0,0
M,297.7,308.9,1573,35.1,9,0,0,0,0,0,0,1,11.2,5.7814,Fresh(0-50),0,0,0,0,0,0
L,297.7,308.9,1575,39.9,12,0,0,0,0,0,0,0,11.2,6.5804,Fresh(0-50),0,0,0,0,0,0
L,297.7,308.9,1458,41.1,14,0,0,0,0,0,0,0,11.2,6.2747,Fresh(0-50),0,0,0,0,0,0
M,297.7,309.0,1433,41.8,16,0,0,0,0,0,0,1,11.3,6.2722,Fresh(0-50),0,0,0,0,0,0
L,297.7,308.9,1662,28.1,19,0,0,0,0,0,0,0,11.2,4.8903,Fresh(0-50),0,0,0,0,0,0
M,297.7,308.9,1327,63.7,21,0,0,0,0,0,0,1,11.2,8.8513,Fresh(0-50),0,1,1,1,0,0
L,297.7,308.9,1742,26.3,24,0,0,0,0,0,0,0,11.2,4.7973,Fresh(0-50),0,0,0,0,0,0
L,297.8,308.9,1506,33.5,26,0,0,0,0,0,0,0,11.1,5.2828,Fresh(0-50),0,0,0,0,0,0
L,297.9,309.1,1457,44.4,28,0,0,0,0,0,0,0,11.2,6.7739,Fresh(0-50),0,0,0,0,0,0
M,297.9,309.1,1488,37.3,30,0,0,0,0,0,0,1,11.2,5.8118,Fresh(0-50),0,0,0,0,0,0
L,297.9,309.1,1619,34.7,33,0,0,0,0,0,0,0,11.2,5.8826,Fresh(0-50),0,0,0,0,0,0
M,298.0,309.2,1558,41.7,35,0,0,0,0,0,0,1,11.2,6.803,Fresh(0-50),0,0,0,0,0,0
L,298.0,309.2,1731,28.7,38,0,0,0,0,0,0,0,11.2,5.2021,Fresh(0-50),0,0,0,0,0,0
M,298.0,309.1,1574,34.8,40,0,0,0,0,0,0,1,11.1,5.7356,Fresh(0-50),0,0,0,0,0,0
L,297.9,309.0,1290,49.8,43,0,0,0,0,0,0,0,11.1,6.7269,Fresh(0-50),0,1,1,1,0,0
H,297.9,308.9,1416,39.6,45,0,0,0,0,0,0,2,11.0,5.8716,Fresh(0-50),0,0,1,0,0,0
L,297.9,308.9,1566,41.9,50,0,0,0,0,0,0,0,11.0,6.8707,Fresh(0-50),0,0,0,0,0,0
L,297.9,309.0,1456,46.5,52,0,0,0,0,0,0,0,11.1,7.0894,Low(51-100),0,0,0,0,0,0
L,297.9,309.0,1528,37.5,54,0,0,0,0,0,0,0,11.1,6.0,Low(51-100),0,0,0,0,0,0
M,297.9,309.1,1338,49.6,56,0,0,0,0,0,0,1,11.2,6.9492,Low(51-100),0,1,1,1,0,0
M,297.9,309.1,1558,39.2,59,0,0,0,0,0,0,1,11.2,6.3951,Low(51-100),0,0,0,0,0,0
M,297.9,309.1,1614,38.1,62,0,0,0,0,0,0,1,11.2,6.4391,Low(51-100),0,0,0,0,0,0
H,298.0,309.1,1557,36.4,65,0,0,0,0,0,0,2,11.1,5.9345,Low(51-100),0,0,0,0,0,0
L,298.1,309.3,1443,45.3,70,0,0,0,0,0,0,0,11.2,6.8448,Low(51-100),0,0,0,0,0,0
H,298.1,309.3,1332,51.0,72,0,0,0,0,0,0,2,11.2,7.1133,Low(51-100),0,1,1,1,0,0
M,298.1,309.3,1752,25.2,77,0,0,0,0,0,0,1,11.2,4.6231,Low(51-100),0,0,0,0,0,0
M,298.1,309.2,1460,45.8,80,0,0,0,0,0,0,1,11.1,7.0019,Low(51-100),0,0,0,0,0,0
L,298.1,309.2,1802,26.9,83,0,0,0,0,0,0,0,11.1,5.0758,Low(51-100),0,0,0,0,0,0
L,298.0,309.2,1527,39.5,85,0,0,0,0,0,0,0,11.2,6.3159,Low(51-100),0,0,0,0,0,0
L,298.0,309.2,1458,39.8,87,0,0,0,0,0,0,0,11.2,6.0763,Low(51-100),0,0,0,0,0,0
H,298.0,309.2,1520,37.9,89,0,0,0,0,0,0,2,11.2,6.0323,Low(51-100),0,0,0,0,0,0
L,298.0,309.2,1378,49.7,94,0,0,0,0,0,0,0,11.2,7.1714,Low(51-100),0,1,1,1,0,0
M,297.9,309.2,1529,38.1,96,0,0,0,0,0,0,1,11.3,6.1,Low(51-100),0,0,0,0,0,0
L,298.0,309.2,1527,32.4,99,0,0,0,0,0,0,0,11.2,5.1806,Low(51-100),0,0,0,0,0,0
M,298.0,309.2,1438,42.9,101,0,0,0,0,0,0,1,11.2,6.4597,Medium(101-150),0,0,0,0,0,0
L,297.9,309.0,1583,36.7,104,0,0,0,0,0,0,0,11.1,6.0834,Medium(101-150),0,0,0,0,0,0
L,297.8,308.9,1530,37.6,106,0,0,0,0,0,0,0,11.1,6.0239,Medium(101-150),0,0,0,0,0,0
M,297.7,308.9,1530,39.1,108,0,0,0,0,0,0,1,11.2,6.2642,Medium(101-150),0,0,0,0,0,0
M,297.7,308.8,2089,19.1,111,0,0,0,0,0,0,1,11.1,4.178,Medium(101-150),0,0,0,0,0,0
L,297.7,308.8,1616,34.2,114,0,0,0,0,0,0,0,11.1,5.7871,Medium(101-150),0,0,0,0,0,0
M,297.7,308.9,1681,28.3,116,0,0,0,0,0,0,1,11.2,4.9814,Medium(101-150),0,0,0,0,0,0
L,297.6,308.8,1475,43.0,119,0,0,0,0,0,0,0,11.2,6.6414,Medium(101-150),0,0,0,0,0,0
L,297.5,308.7,1371,46.5,121,0,0,0,0,0,0,0,11.2,6.6755,Medium(101-150),0,0,1,0,0,0
M,297.5,308.7,1546,38.0,123,0,0,0,0,0,0,1,11.2,6.1516,Medium(101-150),0,0,0,0,0,0
H,297.4,308.6,1461,40.1,126,0,0,0,0,0,0,2,11.2,6.1347,Medium(101-150),0,0,0,0,0,0
L,297.4,308.7,1638,31.9,131,0,0,0,0,0,0,0,11.3,5.4714,Medium(101-150),0,0,0,0,0,0
M,297.3,308.7,1577,35.6,133,0,0,0,0,0,0,1,11.4,5.8787,Medium(101-150),0,0,0,0,0,0
L,297.4,308.6,1532,38.7,136,0,0,0,0,0,0,0,11.2,6.2082,Medium(101-150),0,0,0,0,0,0
M,297.3,308.5,1710,27.7,138,0,0,0,0,0,0,1,11.2,4.9599,Medium(101-150),0,0,0,0,0,0
M,297.3,308.6,1584,29.4,141,0,0,0,0,0,0,1,11.3,4.8764,Medium(101-150),0,0,0,0,0,0
L,297.3,308.6,1446,50.1,144,0,0,0,0,0,0,0,11.3,7.5858,Medium(101-150),0,1,0,0,0,0
H,297.4,308.7,1522,46.3,146,0,0,0,0,0,0,2,11.3,7.3789,Medium(101-150),0,0,0,0,0,0
M,297.4,308.7,1382,49.9,151,0,0,0,0,0,0,1,11.3,7.2211,High(151-200),0,1,1,1,0,0
L,297.4,308.7,1584,38.2,154,0,0,0,0,0,0,0,11.3,6.336,High(151-200),0,0,0,0,0,0
L,297.3,308.6,1385,55.2,156,0,0,0,0,0,0,0,11.3,8.0054,High(151-200),0,1,1,1,0,0
L,297.3,308.7,1592,34.4,158,0,0,0,0,0,0,0,11.4,5.7345,High(151-200),0,0,0,0,0,0
M,297.2,308.6,1404,43.7,160,0,0,0,0,0,0,1,11.4,6.4246,High(151-200),0,0,1,0,0,0
L,297.2,308.5,1518,44.3,163,0,0,0,0,0,0,0,11.3,7.0416,High(151-200),0,0,0,0,0,0
L,297.1,308.4,1529,40.4,165,0,0,0,0,0,0,0,11.3,6.4682,High(151-200),0,0,0,0,0,0
L,297.1,308.4,1550,37.0,167,0,0,0,0,0,0,0,11.3,6.0052,High(151-200),0,0,0,0,0,0
L,297.1,308.3,1773,23.8,169,0,0,0,0,0,0,0,11.2,4.4186,High(151-200),0,0,0,0,0,0
L,297.2,308.5,1446,43.7,171,0,0,0,0,0,0,0,11.3,6.6168,High(151-200),0,0,0,0,0,0
M,297.2,308.5,1487,46.9,173,0,0,0,0,0,0,1,11.3,7.3026,High(151-200),0,1,0,0,0,0
M,297.3,308.5,1524,49.3,176,0,0,0,0,0,0,1,11.2,7.8674,High(151-200),0,1,0,0,0,0
L,297.1,308.3,1403,54.1,179,0,0,0,0,0,0,0,11.2,7.9479,High(151-200),0,1,1,1,0,0
L,297.1,308.2,2267,15.7,181,0,0,0,0,0,0,0,11.1,3.7269,High(151-200),0,0,0,0,0,0
M,297.1,308.2,1529,37.9,183,0,0,0,0,0,0,1,11.1,6.068,High(151-200),0,0,0,0,0,0
L,297.1,308.2,1402,51.2,186,0,0,0,0,0,0,0,11.1,7.5165,High(151-200),0,1,1,1,0,0
L,297.2,308.3,1693,28.0,188,0,0,0,0,0,0,0,11.1,4.9638,High(151-200),0,0,0,0,0,0
L,297.1,308.3,1496,45.8,190,0,0,0,0,0,0,0,11.2,7.1745,High(151-200),0,0,0,0,0,0
L,297.1,308.1,1633,33.3,192,0,0,0,0,0,0,0,11.0,5.6941,High(151-200),0,0,0,0,0,0
L,297.1,308.2,1399,42.6,194,0,0,0,0,0,0,0,11.1,6.2406,High(151-200),0,0,1,0,0,0
M,297.0,308.1,1363,45.3,196,0,0,0,0,0,0,1,11.1,6.4653,High(151-200),0,0,1,0,0,0
H,297.1,308.2,1527,42.2,199,0,0,0,0,0,0,2,11.1,6.7476,High(151-200),0,0,0,0,0,0
M,297.2,308.2,1405,42.5,204,0,0,0,0,0,0,1,11.0,6.2526,Critical(>200),1,0,1,0,0,0
M,297.3,308.3,1459,59.6,207,1,0,0,1,1,0,1,11.0,9.1054,Critical(>200),1,1,0,0,0,2
M,297.4,308.4,1789,25.0,210,0,0,0,0,0,0,1,11.0,4.6832,Critical(>200),1,0,0,0,0,0
L,297.4,308.4,1531,41.5,213,0,0,0,0,0,0,0,11.0,6.653,Critical(>200),1,0,0,0,0,0
M,297.4,308.4,1620,35.8,215,0,0,0,0,0,0,1,11.0,6.0729,Critical(>200),1,0,0,0,0,0
L,297.4,308.4,1571,39.4,0,0,0,0,0,0,0,0,11.0,6.4814,Fresh(0-50),0,0,0,0,0,0
L,297.4,308.4,1434,39.9,2,0,0,0,0,0,0,0,11.0,5.9913,Fresh(0-50),0,0,0,0,0,0
L,297.4,308.4,1474,43.6,4,0,0,0,0,0,0,0,11.0,6.7295,Fresh(0-50),0,0,0,0,0,0
M,297.3,308.3,1544,41.7,6,0,0,0,0,0,0,1,11.0,6.7419,Fresh(0-50),0,0,0,0,0,0
L,297.3,308.2,1601,35.7,9,0,0,0,0,0,0,0,10.9,5.9849,Fresh(0-50),0,0,0,0,0,0
L,297.4,308.3,1801,26.9,11,0,0,0,0,0,0,0,10.9,5.073,Fresh(0-50),0,0,0,0,0,0
L,297.4,308.3,1465,42.0,13,0,0,0,0,0,0,0,10.9,6.4429,Fresh(0-50),0,0,0,0,0,0
M,297.4,308.4,1340,52.6,15,0,0,0,0,0,0,1,11.0,7.3805,Fresh(0-50),0,1,1,1,0,0
M,297.4,308.4,1517,41.0,18,0,0,0,0,0,0,1,11.0,6.5128,Fresh(0-50),0,0,0,0,0,0
M,297.3,308.4,1434,44.8,21,0,0,0,0,0,0,1,11.1,6.727,Fresh(0-50),0,0,0,0,0,0
H,297.3,308.3,1935,19.3,24,0,0,0,0,0,0,2,11.0,3.9105,Fresh(0-50),0,0,0,0,0,0
M,297.3,308.3,1595,32.2,29,0,0,0,0,0,0,1,11.0,5.3779,Fresh(0-50),0,0,0,0,0,0
L,297.3,308.3,2188,17.0,32,0,0,0,0,0,0,0,11.0,3.8949,Fresh(0-50),0,0,0,0,0,0
M,297.3,308.4,1449,44.4,34,0,0,0,0,0,0,1,11.1,6.7367,Fresh(0-50),0,0,0,0,0,0
L,297.3,308.3,1471,38.2,37,0,0,0,0,0,0,0,11.0,5.884,Fresh(0-50),0,0,0,0,0,0
L,297.4,308.2,1639,33.8,39,0,0,0,0,0,0,0,10.8,5.8009,Fresh(0-50),0,0,0,0,0,0
M,297.3,308.2,1846,24.5,41,0,0,0,0,0,0,1,10.9,4.7358,Fresh(0-50),0,0,0,0,0,0
M,297.3,308.2,1452,38.2,44,0,0,0,0,0,0,1,10.9,5.808,Fresh(0-50),0,0,0,0,0,0
M,297.4,308.3,1483,41.9,47,0,0,0,0,0,0,1,10.9,6.5066,Fresh(0-50),0,0,0,0,0,0
L,297.4,308.3,1284,60.3,50,0,0,0,0,0,0,0,10.9,8.1074,Fresh(0-50),0,1,1,1,0,0
L,297.4,308.2,1419,50.0,52,0,0,0,0,0,0,0,10.8,7.4293,Low(51-100),0,1,1,1,0,0
L,297.3,308.1,1763,28.4,54,0,0,0,0,0,0,0,10.8,5.2428,Low(51-100),0,0,0,0,0,0
M,297.2,308.0,1478,42.5,56,0,0,0,0,0,0,1,10.8,6.5775,Low(51-100),0,0,0,0,0,0
L,297.3,308.0,1518,36.0,59,0,0,0,0,0,0,0,10.7,5.7223,Low(51-100),0,0,0,0,0,0
L,297.3,308.0,1447,49.0,61,0,0,0,0,0,0,0,10.7,7.4244,Low(51-100),0,1,0,0,0,0
M,297.4,308.0,1355,55.1,63,0,0,0,0,0,0,1,10.6,7.8179,Low(51-100),0,1,1,1,0,0
L,297.4,308.1,1348,57.4,66,0,0,0,0,0,0,0,10.7,8.1021,Low(51-100),0,1,1,1,0,0
L,297.4,308.1,1348,53.7,68,0,0,0,0,0,0,0,10.7,7.5799,Low(51-100),0,1,1,1,0,0
M,297.4,308.1,1734,27.7,70,0,0,0,0,0,0,1,10.7,5.0295,Low(51-100),0,0,0,0,0,0
L,297.3,308.0,1420,46.5,73,0,0,0,0,0,0,0,10.7,6.9141,Low(51-100),0,0,1,0,0,0
L,297.3,307.9,1797,24.7,75,0,0,0,0,0,0,0,10.6,4.6477,Low(51-100),0,0,0,0,0,0
M,297.3,308.0,1403,45.0,77,0,0,0,0,0,0,1,10.7,6.611,Low(51-100),0,0,1,0,0,0
L,297.3,307.9,1628,30.2,80,0,0,0,0,0,0,0,10.6,5.1482,Low(51-100),0,0,0,0,0,0
M,297.2,307.9,1687,30.4,82,0,0,0,0,0,0,1,10.7,5.3701,Low(51-100),0,0,0,0,0,0
M,297.2,307.9,1456,44.9,85,0,0,0,0,0,0,1,10.7,6.8455,Low(51-100),0,0,0,0,0,0
L,297.1,307.9,1496,44.7,88,0,0,0,0,0,0,0,10.8,7.0022,Low(51-100),0,0,0,0,0,0
L,297.1,307.8,1636,30.3,90,0,0,0,0,0,0,0,10.7,5.1907,Low(51-100),0,0,0,0,0,0
L,297.1,307.8,1536,40.4,92,0,0,0,0,0,0,0,10.7,6.4978,Low(51-100),0,0,0,0,0,0
L,297.1,307.8,1454,50.6,94,0,0,0,0,0,0,0,10.7,7.7039,Low(51-100),0,1,0,0,0,0
L,297.0,307.8,1396,50.0,96,0,0,0,0,0,0,0,10.8,7.3089,Low(51-100),0,1,1,1,0,0
L,297.0,307.6,1575,37.4,98,0,0,0,0,0,0,0,10.6,6.1681,Low(51-100),0,0,0,0,0,0
L,296.9,307.6,1514,35.7,100,0,0,0,0,0,0,0,10.7,5.6597,Low(51-100),0,0,0,0,0,0
M,296.8,307.4,1455,49.9,102,0,0,0,0,0,0,1,10.6,7.6026,Medium(101-150),0,1,0,0,0,0
L,296.8,307.4,1549,48.3,105,0,0,0,0,0,0,0,10.6,7.8342,Medium(101-150),0,1,0,0,0,0
L,296.8,307.5,1474,42.4,107,0,0,0,0,0,0,0,10.7,6.5443,Medium(101-150),0,0,0,0,0,0
H,296.7,307.4,1661,34.2,109,0,0,0,0,0,0,2,10.7,5.9483,Medium(101-150),0,0,0,0,0,0
L,296.7,307.4,1535,34.6,114,0,0,0,0,0,0,0,10.7,5.5614,Medium(101-150),0,0,0,0,0,0
M,296.9,307.5,1556,31.2,116,0,0,0,0,0,0,1,10.6,5.0835,Medium(101-150),0,0,0,0,0,0
L,296.9,307.6,1435,45.0,119,0,0,0,0,0,0,0,10.7,6.7618,Medium(101-150),0,0,0,0,0,0
M,296.9,307.5,1332,51.1,121,0,0,0,0,0,0,1,10.6,7.1272,Medium(101-150),0,1,1,1,0,0
L,297.0,307.6,1513,42.4,124,0,0,0,0,0,0,0,10.6,6.7174,Medium(101-150),0,0,0,0,0,0
L,297.0,307.7,1502,39.4,126,0,0,0,0,0,0,0,10.7,6.1967,Medium(101-150),0,0,0,0,0,0
L,297.0,307.7,1315,60.1,128,0,0,0,0,0,0,0,10.7,8.2755,Medium(101-150),0,1,1,1,0,0
M,297.0,307.7,1261,51.1,130,0,0,0,0,0,0,1,10.7,6.7473,Medium(101-150),0,1,1,1,0,0
L,297.1,307.8,1406,60.4,133,0,0,0,0,0,0,0,10.7,8.8924,Medium(101-150),0,1,1,1,0,0
L,297.1,307.8,1584,42.3,135,0,0,0,0,0,0,0,10.7,7.016,Medium(101-150),0,0,0,0,0,0
M,297.1,307.8,1443,43.9,137,0,0,0,0,0,0,1,10.7,6.6333,Medium(101-150),0,0,0,0,0,0
L,297.2,307.9,1580,35.8,140,0,0,0,0,0,0,0,10.7,5.9229,Medium(101-150),0,0,0,0,0,0
L,297.2,307.9,1825,24.6,142,0,0,0,0,0,0,0,10.7,4.701,Medium(101-150),0,0,0,0,0,0
L,297.2,307.9,1469,48.2,144,0,0,0,0,0,0,0,10.7,7.4142,Medium(101-150),0,1,0,0,0,0
L,297.2,307.9,1493,38.4,146,0,0,0,0,0,0,0,10.7,6.0033,Medium(101-150),0,0,0,0,0,0
M,297.3,308.0,1598,29.4,148,0,0,0,0,0,0,1,10.7,4.9195,Medium(101-150),0,0,0,0,0,0
H,297.2,307.9,1450,37.2,151,0,0,0,0,0,0,2,10.7,5.6482,High(151-200),0,0,0,0,0,0
M,297.2,307.9,1632,37.5,156,0,0,0,0,0,0,1,10.7,6.4084,High(151-200),0,0,0,0,0,0
M,297.1,307.9,1980,20.3,159,0,0,0,0,0,0,1,10.8,4.2088,High(151-200),0,0,0,0,0,0
L,297.2,308.0,1474,43.7,162,0,0,0,0,0,0,0,10.8,6.7449,High(151-200),0,0,0,0,0,0
L,297.2,307.9,1540,37.1,164,0,0,0,0,0,0,0,10.7,5.9826,High(151-200),0,0,0,0,0,0
M,297.1,307.9,1609,38.9,166,0,0,0,0,0,0,1,10.8,6.5539,High(151-200),0,0,0,0,0,0
L,297.1,308.0,1467,42.8,169,0,0,0,0,0,0,0,10.9,6.5746,High(151-200),0,0,0,0,0,0
L,297.1,307.9,1492,39.4,171,0,0,0,0,0,0,0,10.8,6.1555,High(151-200),0,0,0,0,0,0
L,297.0,307.9,1493,46.1,173,0,0,0,0,0,0,0,10.9,7.207,High(151-200),0,0,0,0,0,0
L,297.0,307.8,1500,39.9,175,0,0,0,0,0,0,0,10.8,6.267,High(151-200),0,0,0,0,0,0
L,297.1,307.8,1477,36.6,177,0,0,0,0,0,0,0,10.7,5.6605,High(151-200),0,0,0,0,0,0
L,297.1,307.9,1342,49.1,179,0,0,0,0,0,0,0,10.8,6.8997,High(151-200),0,1,1,1,0,0
M,297.1,307.8,1538,34.3,181,0,0,0,0,0,0,1,10.7,5.5239,High(151-200),0,0,0,0,0,0
L,297.2,307.9,1337,58.1,184,0,0,0,0,0,0,0,10.7,8.134,High(151-200),0,1,1,1,0,0
L,297.3,307.9,1417,41.8,186,0,0,0,0,0,0,0,10.6,6.2022,High(151-200),0,0,1,0,0,0
L,297.4,308.0,1383,46.2,188,0,0,0,0,0,0,0,10.6,6.6905,High(151-200),0,0,1,0,0,0
M,297.4,308.0,1440,42.4,190,0,0,0,0,0,0,1,10.6,6.3933,High(151-200),0,0,0,0,0,0
L,297.3,307.9,1579,34.4,193,0,0,0,0,0,0,0,10.6,5.6877,High(151-200),0,0,0,0,0,0
L,297.2,307.9,1441,40.0,195,0,0,0,0,0,0,0,10.7,6.0356,High(151-200),0,0,0,0,0,0
M,297.2,307.9,1530,35.9,197,0,0,0,0,0,0,1,10.7,5.7515,High(151-200),0,0,0,0,0,0
L,297.2,308.0,1705,26.0,200,0,0,0,0,0,0,0,10.8,4.6419,High(151-200),0,0,0,0,0,0
H,297.2,308.0,1435,43.0,202,0,0,0,0,0,0,2,10.8,6.4613,Critical(>200),1,0,0,0,0,0
M,297.2,308.1,1340,61.3,207,1,0,0,0,1,0,1,10.9,8.6013,Critical(>200),1,1,1,1,0,1
L,297.2,308.1,1431,49.7,210,1,0,0,0,0,0,0,10.9,7.4472,Critical(>200),1,1,0,0,0,0
L,297.3,308.2,1396,52.7,212,1,0,0,0,1,0,0,10.9,7.7036,Critical(>200),1,1,1,1,0,1
M,297.3,308.1,1369,52.0,214,0,0,0,0,0,0,1,10.8,7.4542,Critical(>200),1,1,1,1,0,0
L,297.3,308.1,1615,35.4,217,1,1,0,0,0,0,0,10.8,5.9865,Critical(>200),1,0,0,0,0,1
L,297.2,308.1,1662,31.3,0,0,0,0,0,0,0,0,10.9,5.4472,Fresh(0-50),0,0,0,0,0,0
L,297.3,308.2,1553,33.5,2,0,0,0,0,0,0,0,10.9,5.4477,Fresh(0-50),0,0,0,0,0,0
M,297.4,308.2,1536,34.6,4,0,0,0,0,0,0,1,10.8,5.565,Fresh(0-50),0,0,0,0,0,0
L,297.4,308.3,1548,46.6,7,0,0,0,0,0,0,0,10.9,7.5536,Fresh(0-50),0,0,0,0,0,0
L,297.4,308.3,1706,30.9,9,0,0,0,0,0,0,0,10.9,5.5199,Fresh(0-50),0,0,0,0,0,0
L,297.4,308.3,1366,45.5,11,0,0,0,0,0,0,0,10.9,6.5082,Fresh(0-50),0,0,1,0,0,0
L,297.5,308.4,1440,35.9,13,0,0,0,0,0,0,0,10.9,5.4132,Fresh(0-50),0,0,0,0,0,0
M,297.5,308.4,1685,28.1,15,0,0,0,0,0,0,1,10.9,4.958,Fresh(0-50),0,0,0,0,0,0
M,297.4,308.3,1444,44.0,18,0,0,0,0,0,0,1,10.9,6.653,Fresh(0-50),0,0,0,0,0,0
L,297.4,308.3,1395,48.7,21,0,0,0,0,0,0,0,10.9,7.1138,Fresh(0-50),0,1,1,1,0,0
L,297.4,308.3,1483,38.8,23,0,0,0,0,0,0,0,10.9,6.0252,Fresh(0-50),0,0,0,0,0,0
M,297.5,308.4,1403,44.3,25,0,0,0,0,0,0,1,10.9,6.5082,Fresh(0-50),0,0,1,0,0,0
H,297.5,308.4,1793,23.9,28,0,0,0,0,0,0,2,10.9,4.4872,Fresh(0-50),0,0,0,0,0,0
L,297.4,308.3,1723,28.8,33,0,0,0,0,0,0,0,10.9,5.1961,Fresh(0-50),0,0,0,0,0,0
L,297.4,308.2,1386,41.0,35,0,0,0,0,0,0,0,10.8,5.9504,Fresh(0-50),0,0,1,0,0,0
H,297.4,308.2,1585,46.2,37,0,0,0,0,0,0,2,10.8,7.6677,Fresh(0-50),0,0,0,0,0,0
M,297.3,308.1,1731,27.7,42,0,0,0,0,0,0,1,10.8,5.0208,Fresh(0-50),0,0,0,0,0,0
L,297.3,308.3,1519,37.7,45,0,0,0,0,0,0,0,11.0,5.9965,Fresh(0-50),0,0,0,0,0,0
L,297.3,308.2,1896,24.4,47,0,0,0,0,0,0,0,10.9,4.8442,Fresh(0-50),0,0,0,0,0,0
L,297.3,308.3,2358,14.9,49,0,0,0,0,0,0,0,11.0,3.679,Fresh(0-50),0,0,0,0,0,0
M,297.3,308.3,1341,51.9,51,0,0,0,0,0,0,1,11.0,7.2877,Low(51-100),0,1,1,1,0,0
L,297.3,308.3,1550,37.0,54,0,0,0,0,0,0,0,11.0,6.0052,Low(51-100),0,0,0,0,0,0
L,297.3,308.3,1309,61.5,56,0,0,0,0,0,0,0,11.0,8.4297,Low(51-100),0,1,1,1,0,0
M,297.3,308.4,1599,32.9,58,0,0,0,0,0,0,1,11.1,5.5086,Low(51-100),0,0,0,0,0,0
L,297.4,308.4,1343,40.0,61,0,0,0,0,0,0,0,11.0,5.6251,Low(51-100),0,0,1,0,0,0
L,297.4,308.4,1378,39.9,63,0,0,0,0,0,0,0,11.0,5.7573,Low(51-100),0,0,1,0,0,0
L,297.4,308.4,1603,34.6,65,0,0,0,0,0,0,0,11.0,5.8077,Low(51-100),0,0,0,0,0,0
L,297.4,308.4,1664,28.1,67,0,0,0,0,0,0,0,11.0,4.8962,Low(51-100),0,0,0,0,0,0
L,297.3,308.4,1488,37.4,69,0,0,0,0,0,0,0,11.1,5.8274,Low(51-100),0,0,0,0,0,0
M,297.3,308.4,1370,50.5,71,0,0,0,0,0,0,1,11.1,7.2445,Low(51-100),0,1,1,1,0,0
L,297.3,308.5,1545,34.3,74,0,0,0,0,0,0,0,11.2,5.5491,Low(51-100),0,0,0,0,0,0
M,297.4,308.5,1566,31.4,76,0,0,0,0,0,0,1,11.1,5.1489,Low(51-100),0,0,0,0,0,0
L,297.4,308.6,1820,24.6,79,0,0,0,0,0,0,0,11.2,4.6882,Low(51-100),0,0,0,0,0,0
M,297.4,308.6,1901,22.1,81,0,0,0,0,0,0,1,11.2,4.3992,Low(51-100),0,0,0,0,0,0
M,297.4,308.5,1638,32.2,84,0,0,0,0,0,0,1,11.1,5.5229,Low(51-100),0,0,0,0,0,0
M,297.3,308.4,1521,38.2,87,0,0,0,0,0,0,1,11.1,6.084,Low(51-100),0,0,0,0,0,0
H,297.3,308.4,1864,23.1,90,0,0,0,0,0,0,2,11.1,4.5087,Low(51-100),0,0,0,0,0,0
L,297.3,308.3,1430,41.9,95,0,0,0,0,0,0,0,11.0,6.274,Low(51-100),0,0,0,0,0,0
M,297.3,308.4,1686,34.5,97,0,0,0,0,0,0,1,11.1,6.0908,Low(51-100),0,0,0,0,0,0
M,297.2,308.3,1326,57.2,100,0,0,0,0,0,0,1,11.1,7.9421,Low(51-100),0,1,1,1,0,0
L,297.2,308.3,1805,25.6,103,0,0,0,0,0,0,0,11.1,4.8385,Medium(101-150),0,0,0,0,0,0
H,297.2,308.3,1453,45.8,105,0,0,0,0,0,0,2,11.1,6.9683,Medium(101-150),0,0,0,0,0,0
M,297.2,308.4,1863,26.0,110,0,0,0,0,0,0,1,11.2,5.072,Medium(101-150),0,0,0,0,0,0
L,297.2,308.3,1576,35.3,113,0,0,0,0,0,0,0,11.1,5.8254,Medium(101-150),0,0,0,0,0,0
L,297.2,308.3,1419,39.7,115,0,0,0,0,0,0,0,11.1,5.8989,Medium(101-150),0,0,1,0,0,0
L,297.2,308.4,1833,25.2,117,0,0,0,0,0,0,0,11.2,4.8368,Medium(101-150),0,0,0,0,0,0
H,297.2,308.4,2182,17.3,119,0,0,0,0,0,0,2,11.2,3.9527,Medium(101-150),0,0,0,0,0,0
L,297.2,308.3,1656,30.3,124,0,0,0,0,0,0,0,11.1,5.2541,Medium(101-150),0,0,0,0,0,0
L,297.1,308.2,1351,56.6,126,0,0,0,0,0,0,0,11.1,8.007,Medium(101-150),0,1,1,1,0,0
H,297.1,308.2,1790,30.3,128,0,0,0,0,0,0,2,11.1,5.6793,Medium(101-150),0,0,0,0,0,0
M,297.2,308.2,1678,28.1,133,0,0,0,0,0,0,1,11.0,4.9374,Medium(101-150),0,0,0,0,0,0
L,297.1,308.2,1427,45.2,136,0,0,0,0,0,0,0,11.1,6.754,Medium(101-150),0,0,0,0,0,0
L,297.0,308.1,1429,54.0,138,0,0,0,0,0,0,0,11.1,8.0802,Medium(101-150),0,1,0,0,0,0
H,297.2,308.1,1770,27.2,140,0,0,0,0,0,0,2,10.9,5.0413,Medium(101-150),0,0,0,0,0,0
L,297.2,308.1,1689,31.2,145,0,0,0,0,0,0,0,10.9,5.518,Medium(101-150),0,0,0,0,0,0
M,297.2,308.1,1554,41.3,147,0,0,0,0,0,0,1,10.9,6.7204,Medium(101-150),0,0,0,0,0,0
L,297.3,308.1,1506,36.0,150,0,0,0,0,0,0,0,10.8,5.6771,Medium(101-150),0,0,0,0,0,0
L,297.2,308.1,1474,44.3,152,0,0,0,0,0,0,0,10.9,6.8375,High(151-200),0,0,0,0,0,0
L,297.3,308.1,1762,26.1,154,0,0,0,0,0,0,0,10.8,4.8155,High(151-200),0,0,0,0,0,0
L,297.3,308.1,1566,35.7,156,0,0,0,0,0,0,0,10.8,5.8541,High(151-200),0,0,0,0,0,0
H,297.3,308.1,1554,42.4,158,0,0,0,0,0,0,2,10.8,6.8994,High(151-200),0,0,0,0,0,0
L,297.2,308.0,1869,25.4,163,0,0,0,0,0,0,0,10.8,4.971,High(151-200),0,0,0,0,0,0
L,297.3,308.0,1527,35.1,165,0,0,0,0,0,0,0,10.7,5.6123,High(151-200),0,0,0,0,0,0
L,297.2,307.9,1309,49.6,167,0,0,0,0,0,0,0,10.7,6.7986,High(151-200),0,1,1,1,0,0
M,297.2,307.9,1541,35.7,169,0,0,0,0,0,0,1,10.7,5.7606,High(151-200),0,0,0,0,0,0
L,297.2,307.9,1326,75.4,172,1,0,0,1,1,0,0,10.7,10.4692,High(151-200),0,1,1,1,0,2
H,297.1,307.9,1365,54.0,174,0,0,0,0,0,0,2,10.8,7.7183,High(151-200),0,1,1,1,0,0
L,297.1,307.8,1428,43.7,179,0,0,0,0,0,0,0,10.7,6.5344,High(151-200),0,0,0,0,0,0
L,297.1,307.8,1681,27.6,181,0,0,0,0,0,0,0,10.7,4.8582,High(151-200),0,0,0,0,0,0
M,297.1,307.9,1662,26.9,183,0,0,0,0,0,0,1,10.8,4.6814,High(151-200),0,0,0,0,0,0
L,297.2,307.9,1989,20.3,186,0,0,0,0,0,0,0,10.7,4.2279,High(151-200),0,0,0,0,0,0
M,297.2,307.9,1747,29.0,188,0,0,0,0,0,0,1,10.7,5.305,High(151-200),0,0,0,0,0,0
M,297.2,308.0,1765,31.1,191,0,0,0,0,0,0,1,10.8,5.7478,High(151-200),0,0,0,0,0,0
L,297.3,308.1,1568,34.4,194,0,0,0,0,0,0,0,10.8,5.6481,High(151-200),0,0,0,0,0,0
M,297.3,308.1,1709,30.6,196,0,0,0,0,0,0,1,10.8,5.476,High(151-200),0,0,0,0,0,0
M,297.3,308.1,1370,58.8,199,0,0,0,0,0,0,1,10.8,8.4352,High(151-200),0,1,1,1,0,0
L,297.3,308.1,1458,45.7,202,0,0,0,0,0,0,0,10.8,6.977,Critical(>200),1,0,0,0,0,0
L,297.2,308.1,1712,30.9,204,0,0,0,0,0,0,0,10.9,5.5394,Critical(>200),1,0,0,0,0,0
L,297.3,308.1,1642,36.9,206,0,0,0,0,0,0,0,10.8,6.3445,Critical(>200),1,0,0,0,0,0
L,297.3,308.1,1468,49.8,0,0,0,0,0,0,0,0,10.8,7.6551,Fresh(0-50),0,1,0,0,0,0
H,297.3,308.1,1477,52.3,2,0,0,0,0,0,0,2,10.8,8.0887,Fresh(0-50),0,1,0,0,0,0
L,297.3,308.2,1446,53.5,7,0,0,0,0,0,0,0,10.9,8.1006,Fresh(0-50),0,1,0,0,0,0
H,297.3,308.2,1653,31.4,9,0,0,0,0,0,0,2,10.9,5.435,Fresh(0-50),0,0,0,0,0,0
L,297.3,308.3,1494,38.2,14,0,0,0,0,0,0,0,11.0,5.976,Fresh(0-50),0,0,0,0,0,0
L,297.3,308.2,1490,41.0,16,0,0,0,0,0,0,0,10.9,6.3969,Fresh(0-50),0,0,0,0,0,0
M,297.4,308.3,1550,47.8,18,0,0,0,0,0,0,1,10.9,7.7581,Fresh(0-50),0,1,0,0,0,0
M,297.3,308.2,1677,34.9,21,0,0,0,0,0,0,1,10.9,6.1285,Fresh(0-50),0,0,0,0,0,0
L,297.4,308.3,1854,21.8,24,0,0,0,0,0,0,0,10.9,4.2322,Fresh(0-50),0,0,0,0,0,0
M,297.5,308.5,1662,30.3,26,0,0,0,0,0,0,1,11.0,5.2732,Fresh(0-50),0,0,0,0,0,0
M,297.5,308.6,1440,38.8,29,0,0,0,0,0,0,1,11.1,5.8505,Fresh(0-50),0,0,0,0,0,0
L,297.5,308.6,1513,39.7,32,0,0,0,0,0,0,0,11.1,6.2896,Fresh(0-50),0,0,0,0,0,0
M,297.6,308.6,1389,49.0,34,0,0,0,0,0,0,1,11.0,7.1268,Fresh(0-50),0,1,1,1,0,0
L,297.6,308.6,1351,51.0,37,0,0,0,0,0,0,0,11.0,7.2148,Fresh(0-50),0,1,1,1,0,0
M,297.6,308.6,1482,38.3,39,0,0,0,0,0,0,1,11.0,5.9435,Fresh(0-50),0,0,0,0,0,0
L,297.6,308.6,1744,28.5,42,0,0,0,0,0,0,0,11.0,5.2046,Fresh(0-50),0,0,0,0,0,0
L,297.6,308.7,1476,39.0,44,0,0,0,0,0,0,0,11.1,6.0276,Fresh(0-50),0,0,0,0,0,0
M,297.6,308.6,1444,48.2,46,0,0,0,0,0,0,1,11.0,7.288,Fresh(0-50),0,1,0,0,0,0
H,297.6,308.7,1659,32.1,49,0,0,0,0,0,0,2,11.1,5.5763,Fresh(0-50),0,0,0,0,0,0
M,297.6,308.7,1475,46.6,54,0,0,0,0,0,0,1,11.1,7.1974,Low(51-100),0,0,0,0,0,0
L,297.6,308.6,1526,42.1,57,0,0,0,0,0,0,0,11.0,6.7272,Low(51-100),0,0,0,0,0,0
M,297.4,308.4,1675,29.5,59,0,0,0,0,0,0,1,11.0,5.1741,Low(51-100),0,0,0,0,0,0
L,297.4,308.4,1525,38.7,62,0,0,0,0,0,0,0,11.0,6.1798,Low(51-100),0,0,0,0,0,0
L,297.3,308.3,1396,45.9,64,0,0,0,0,0,0,0,11.0,6.7096,Low(51-100),0,0,1,0,0,0
L,297.4,308.4,1580,41.2,66,0,0,0,0,0,0,0,11.0,6.8163,Low(51-100),0,0,0,0,0,0
L,297.4,308.5,1462,42.8,68,0,0,0,0,0,0,0,11.1,6.5522,Low(51-100),0,0,0,0,0,0
L,297.4,308.4,1426,50.4,70,0,0,0,0,0,0,0,11.0,7.5257,Low(51-100),0,1,0,0,0,0
L,297.4,308.5,1569,34.2,72,0,0,0,0,0,0,0,11.1,5.6188,Low(51-100),0,0,0,0,0,0
L,297.4,308.5,1477,40.7,74,0,0,0,0,0,0,0,11.1,6.2946,Low(51-100),0,0,0,0,0,0
L,297.4,308.5,1761,27.2,76,0,0,0,0,0,0,0,11.1,5.0156,Low(51-100),0,0,0,0,0,0
M,297.5,308.6,1486,45.9,78,0,0,0,0,0,0,1,11.1,7.1421,Low(51-100),0,0,0,0,0,0
L,297.6,308.6,1664,30.1,81,0,0,0,0,0,0,0,11.0,5.2446,Low(51-100),0,0,0,0,0,0
L,297.6,308.6,1576,32.7,83,0,0,0,0,0,0,0,11.0,5.3964,Low(51-100),0,0,0,0,0,0
H,297.6,308.6,1463,46.7,85,0,0,0,0,0,0,2,11.0,7.1541,Low(51-100),0,0,0,0,0,0
M,297.6,308.6,1585,42.0,90,0,0,0,0,0,0,1,11.0,6.9707,Low(51-100),0,0,0,0,0,0
L,297.7,308.7,1479,45.7,93,0,0,0,0,0,0,0,11.0,7.0775,Low(51-100),0,0,0,0,0,0
L,297.7,308.7,1449,40.2,95,0,0,0,0,0,0,0,11.0,6.0995,Low(51-100),0,0,0,0,0,0
H,297.7,308.8,1404,50.3,97,0,0,0,0,0,0,2,11.1,7.3949,Low(51-100),0,1,1,1,0,0
L,297.7,308.7,1694,29.1,102,0,0,0,0,0,0,0,11.0,5.1618,Medium(101-150),0,0,0,0,0,0
L,297.7,308.7,1731,28.4,104,0,0,0,0,0,0,0,11.0,5.1477,Medium(101-150),0,0,0,0,0,0
L,297.6,308.6,1522,37.0,106,0,0,0,0,0,0,0,11.0,5.8968,Medium(101-150),0,0,0,0,0,0
L,297.5,308.5,1536,36.9,108,0,0,0,0,0,0,0,11.0,5.9349,Medium(101-150),0,0,0,0,0,0
L,297.5,308.5,1373,39.9,110,0,0,0,0,0,0,0,11.0,5.7364,Medium(101-150),0,0,1,0,0,0
L,297.5,308.5,1597,36.4,112,0,0,0,0,0,0,0,11.0,6.087,Medium(101-150),0,0,0,0,0,0
L,297.6,308.5,1678,34.2,114,0,0,0,0,0,0,0,10.9,6.0092,Medium(101-150),0,0,0,0,0,0
L,297.6,308.5,1452,42.6,116,0,0,0,0,0,0,0,10.9,6.477,Medium(101-150),0,0,0,0,0,0
M,297.5,308.5,1447,41.6,118,0,0,0,0,0,0,1,11.0,6.3032,Medium(101-150),0,0,0,0,0,0
L,297.6,308.5,1574,37.1,121,0,0,0,0,0,0,0,10.9,6.1147,Medium(101-150),0,0,0,0,0,0
L,297.6,308.6,1528,40.0,123,0,0,0,0,0,0,0,11.0,6.4,Medium(101-150),0,0,0,0,0,0
L,297.7,308.7,1688,27.2,125,0,0,0,0,0,0,0,11.0,4.8077,Medium(101-150),0,0,0,0,0,0
L,297.6,308.6,1393,40.4,127,0,0,0,0,0,0,0,11.0,5.8929,Medium(101-150),0,0,1,0,0,0
M,297.5,308.6,1429,50.5,129,0,0,0,0,0,0,1,11.1,7.5565,Medium(101-150),0,1,0,0,0,0
M,297.5,308.6,1347,57.0,132,0,0,0,0,0,0,1,11.1,8.0397,Medium(101-150),0,1,1,1,0,0
L,297.6,308.6,1553,40.5,135,0,0,0,0,0,0,0,11.0,6.586,Medium(101-150),0,0,0,0,0,0
L,297.5,308.6,1260,53.6,137,0,0,0,0,0,0,0,11.1,7.0718,Medium(101-150),0,1,1,1,0,0
L,297.5,308.6,1546,33.8,139,0,0,0,0,0,0,0,11.1,5.4717,Medium(101-150),0,0,0,0,0,0
L,297.5,308.6,1596,36.0,141,0,0,0,0,0,0,0,11.1,6.0163,Medium(101-150),0,0,0,0,0,0
L,297.5,308.5,1340,57.4,143,0,0,0,0,0,0,0,11.0,8.054,Medium(101-150),0,1,1,1,0,0
M,297.5,308.4,1369,54.8,145,0,0,0,0,0,0,1,10.9,7.8556,Medium(101-150),0,1,1,1,0,0
L,297.5,308.5,1462,52.3,148,0,0,0,0,0,0,0,11.0,8.0066,Medium(101-150),0,1,0,0,0,0
H,297.4,308.4,1487,46.2,150,0,0,0,0,0,0,2,11.0,7.1937,Medium(101-150),0,0,0,0,0,0
M,297.5,308.6,1510,35.5,155,0,0,0,0,0,0,1,11.1,5.6131,High(151-200),0,0,0,0,0,0
H,297.5,308.5,1671,28.0,158,0,0,0,0,0,0,2,11.0,4.8993,High(151-200),0,0,0,0,0,0
M,297.5,308.5,1612,30.0,163,0,0,0,0,0,0,1,11.0,5.0639,High(151-200),0,0,0,0,0,0
M,297.6,308.6,1509,39.7,166,0,0,0,0,0,0,1,11.0,6.273,High(151-200),0,0,0,0,0,0
L,297.6,308.6,1415,47.3,169,0,0,0,0,0,0,0,11.0,7.0083,High(151-200),0,1,1,1,0,0
L,297.6,308.6,2384,14.4,171,0,0,0,0,0,0,0,11.0,3.5947,High(151-200),0,0,0,0,0,0
L,297.6,308.6,1326,62.4,173,0,0,0,0,0,0,0,11.0,8.6641,High(151-200),0,1,1,1,0,0
M,297.6,308.6,1390,53.4,175,0,0,0,0,0,0,1,11.0,7.7724,High(151-200),0,1,1,1,0,0
M,297.6,308.7,1392,41.2,178,0,0,0,0,0,0,1,11.1,6.0053,High(151-200),0,0,1,0,0,0
H,297.6,308.8,1385,44.4,181,0,0,0,0,0,0,2,11.2,6.4392,High(151-200),0,0,1,0,0,0
L,297.7,308.8,1896,24.5,186,0,0,0,0,0,0,0,11.1,4.8641,High(151-200),0,0,0,0,0,0
L,297.7,308.7,1474,46.8,188,0,0,0,0,0,0,0,11.0,7.2234,High(151-200),0,0,0,0,0,0
M,297.7,308.8,1388,45.6,190,0,0,0,0,0,0,1,11.1,6.6275,High(151-200),0,0,1,0,0,0
L,297.7,308.9,1715,27.2,193,0,0,0,0,0,0,0,11.2,4.8846,High(151-200),0,0,0,0,0,0
H,297.8,308.9,1650,32.2,195,0,0,0,0,0,0,2,11.1,5.5634,High(151-200),0,0,0,0,0,0
L,297.8,308.9,1871,25.6,200,1,1,0,0,0,0,0,11.1,5.0155,High(151-200),0,0,0,0,0,1
L,297.8,309.0,1403,64.2,0,1,0,0,1,0,0,0,11.2,9.4317,Fresh(0-50),0,1,1,1,0,1
L,297.8,308.9,1518,40.4,2,0,0,0,0,0,0,0,11.1,6.4217,Fresh(0-50),0,0,0,0,0,0
L,297.9,309.1,1504,43.0,4,0,0,0,0,0,0,0,11.2,6.7719,Fresh(0-50),0,0,0,0,0,0
L,297.8,309.0,1340,56.9,6,0,0,0,0,0,0,0,11.2,7.9839,Fresh(0-50),0,1,1,1,0,0
H,297.9,309.1,1435,44.7,8,0,0,0,0,0,0,2,11.2,6.7167,Fresh(0-50),0,0,0,0,0,0
L,297.9,309.1,1507,36.9,13,0,0,0,0,0,0,0,11.2,5.8229,Fresh(0-50),0,0,0,0,0,0
L,297.9,309.1,1521,36.1,15,0,0,0,0,0,0,0,11.2,5.7495,Fresh(0-50),0,0,0,0,0,0
M,297.8,309.0,1576,45.0,17,0,0,0,0,0,0,1,11.2,7.4262,Fresh(0-50),0,0,0,0,0,0
L,297.9,309.1,1543,36.6,20,0,0,0,0,0,0,0,11.2,5.9135,Fresh(0-50),0,0,0,0,0,0
L,298.0,309.2,1665,36.6,22,0,0,0,0,0,0,0,11.2,6.381,Fresh(0-50),0,0,0,0,0,0
L,297.9,309.1,1442,50.3,24,0,0,0,0,0,0,0,11.2,7.595,Fresh(0-50),0,1,0,0,0,0
L,297.9,309.0,1629,29.0,26,0,0,0,0,0,0,0,11.1,4.9467,Fresh(0-50),0,0,0,0,0,0
L,297.9,309.0,1379,47.3,28,0,0,0,0,0,0,0,11.1,6.83,Fresh(0-50),0,1,1,1,0,0
L,297.9,309.0,1502,40.2,30,0,0,0,0,0,0,0,11.1,6.3226,Fresh(0-50),0,0,0,0,0,0
L,297.9,309.1,1595,32.0,32,0,0,0,0,0,0,0,11.2,5.3445,Fresh(0-50),0,0,0,0,0,0
M,298.0,309.0,1439,38.5,34,0,0,0,0,0,0,1,11.0,5.8012,Fresh(0-50),0,0,0,0,0,0
M,297.9,309.0,1970,21.6,37,0,0,0,0,0,0,1,11.1,4.4557,Fresh(0-50),0,0,0,0,0,0
L,297.9,309.0,1562,35.8,40,0,0,0,0,0,0,0,11.1,5.8555,Fresh(0-50),0,0,0,0,0,0
M,297.9,309.0,1530,40.9,42,0,0,0,0,0,0,1,11.1,6.5526,Fresh(0-50),0,0,0,0,0,0
L,297.9,308.9,1393,40.6,45,0,0,0,0,0,0,0,11.0,5.9221,Fresh(0-50),0,0,1,0,0,0
L,297.9,309.0,1532,37.6,47,0,0,0,0,0,0,0,11.1,6.0317,Fresh(0-50),0,0,0,0,0,0
L,298.0,308.9,1607,37.7,49,0,0,0,0,0,0,0,10.9,6.3439,Fresh(0-50),0,0,0,0,0,0
M,297.9,308.8,1469,49.0,51,0,0,0,0,0,0,1,10.9,7.5373,Low(51-100),0,1,0,0,0,0
M,297.9,308.8,1538,37.6,54,0,0,0,0,0,0,1,10.9,6.0554,Low(51-100),0,0,0,0,0,0
L,297.9,308.8,1613,31.4,57,0,0,0,0,0,0,0,10.9,5.3035,Low(51-100),0,0,0,0,0,0
M,297.9,308.8,1602,32.1,59,0,0,0,0,0,0,1,10.9,5.3847,Low(51-100),0,0,0,0,0,0
L,297.8,308.7,1404,44.2,62,0,0,0,0,0,0,0,10.9,6.4981,Low(51-100),0,0,1,0,0,0
L,297.8,308.8,1548,36.9,64,0,0,0,0,0,0,0,11.0,5.9813,Low(51-100),0,0,0,0,0,0
L,297.8,308.8,1559,35.2,66,0,0,0,0,0,0,0,11.0,5.7463,Low(51-100),0,0,0,0,0,0
L,297.8,308.8,1621,36.1,68,0,0,0,0,0,0,0,11.0,6.1275,Low(51-100),0,0,0,0,0,0
L,297.8,308.8,1579,32.9,70,0,0,0,0,0,0,0,11.0,5.4397,Low(51-100),0,0,0,0,0,0
M,297.9,308.9,1547,44.0,72,0,0,0,0,0,0,1,11.0,7.1275,Low(51-100),0,0,0,0,0,0
L,297.9,308.8,1386,48.6,75,0,0,0,0,0,0,0,10.9,7.0534,Low(51-100),0,1,1,1,0,0
L,298.0,308.9,1406,40.9,77,0,0,0,0,0,0,0,10.9,6.0215,Low(51-100),0,0,1,0,0,0
M,298.0,309.0,1393,55.9,79,0,0,0,0,0,0,1,11.0,8.1538,Low(51-100),0,1,1,1,0,0
M,297.9,309.0,2456,13.9,82,0,0,0,0,0,0,1,11.1,3.5747,Low(51-100),0,0,0,0,0,0
M,298.0,309.0,1409,49.1,85,0,0,0,0,0,0,1,11.0,7.2442,Low(51-100),0,1,1,1,0,0
L,298.0,308.9,1390,53.9,88,0,0,0,0,0,0,0,10.9,7.8451,Low(51-100),0,1,1,1,0,0
L,298.0,309.0,1679,32.4,90,0,0,0,0,0,0,0,11.0,5.6963,Low(51-100),0,0,0,0,0,0
L,298.0,308.9,1508,37.1,92,0,0,0,0,0,0,0,10.9,5.8583,Low(51-100),0,0,0,0,0,0
L,297.9,308.8,1681,31.7,94,0,0,0,0,0,0,0,10.9,5.5799,Low(51-100),0,0,0,0,0,0
H,297.7,308.8,1469,43.7,96,0,0,0,0,0,0,2,11.1,6.722,Low(51-100),0,0,0,0,0,0
L,297.8,308.8,1421,49.6,101,0,0,0,0,0,0,0,11.0,7.3803,Medium(101-150),0,1,1,1,0,0
L,297.7,308.8,1354,50.2,103,0,0,0,0,0,0,0,11.1,7.1174,Medium(101-150),0,1,1,1,0,0
M,297.7,308.8,1350,57.0,105,0,0,0,0,0,0,1,11.1,8.0576,Medium(101-150),0,1,1,1,0,0
L,297.8,308.9,1282,58.1,108,0,0,0,0,0,0,0,11.1,7.7994,Medium(101-150),0,1,1,1,0,0
M,297.8,309.0,1675,30.0,110,0,0,0,0,0,0,1,11.2,5.2618,Medium(101-150),0,0,0,0,0,0
M,297.9,309.0,1525,38.5,113,0,0,0,0,0,0,1,11.1,6.1479,Medium(101-150),0,0,0,0,0,0
L,297.9,309.0,1382,43.9,116,0,0,0,0,0,0,0,11.1,6.3529,Medium(101-150),0,0,1,0,0,0
L,297.9,309.0,1450,46.8,118,0,0,0,0,0,0,0,11.1,7.1058,Medium(101-150),0,0,0,0,0,0
L,298.0,309.1,1820,23.6,120,0,0,0,0,0,0,0,11.1,4.4976,Medium(101-150),0,0,0,0,0,0
L,298.0,309.1,1822,23.5,122,0,0,0,0,0,0,0,11.1,4.4835,Medium(101-150),0,0,0,0,0,0
L,298.0,309.1,1473,44.3,124,0,0,0,0,0,0,0,11.1,6.8329,Medium(101-150),0,0,0,0,0,0
M,298.1,309.1,1572,37.5,126,0,0,0,0,0,0,1,11.0,6.1728,Medium(101-150),0,0,0,0,0,0
M,298.1,309.0,2042,17.8,129,0,0,0,0,0,0,1,10.9,3.806,Medium(101-150),0,0,0,0,0,0
L,298.2,309.2,1922,22.6,132,0,0,0,0,0,0,0,11.0,4.5484,Medium(101-150),0,0,0,0,0,0
L,298.2,309.1,1539,36.5,134,0,0,0,0,0,0,0,10.9,5.882,Medium(101-150),0,0,0,0,0,0
L,298.2,309.1,1350,52.0,136,0,0,0,0,0,0,0,10.9,7.3508,Medium(101-150),0,1,1,1,0,0
L,298.3,309.1,1403,45.1,138,0,0,0,0,0,0,0,10.8,6.6257,Medium(101-150),0,0,1,0,0,0
L,298.3,309.1,1904,20.3,140,0,0,0,0,0,0,0,10.8,4.0472,Medium(101-150),0,0,0,0,0,0
M,298.2,308.9,1592,35.2,142,0,0,0,0,0,0,1,10.7,5.8679,Medium(101-150),0,0,0,0,0,0
L,298.1,308.7,1556,31.6,145,0,0,0,0,0,0,0,10.6,5.1486,Medium(101-150),0,0,0,0,0,0
M,298.1,308.8,1811,25.4,147,0,0,0,0,0,0,1,10.7,4.8167,Medium(101-150),0,0,0,0,0,0
M,298.2,308.8,1456,41.2,150,0,0,0,0,0,0,1,10.6,6.2814,Medium(101-150),0,0,0,0,0,0
H,298.2,308.8,1436,51.9,153,0,0,0,0,0,0,2,10.6,7.804,High(151-200),0,1,0,0,0,0
M,298.1,308.7,1362,49.6,158,0,0,0,0,0,0,1,10.6,7.0738,High(151-200),0,1,1,1,0,0
L,298.1,308.7,1683,29.1,161,0,0,0,0,0,0,0,10.6,5.1283,High(151-200),0,0,0,0,0,0
M,298.2,308.7,1269,60.9,163,0,0,0,0,0,0,1,10.5,8.0924,High(151-200),0,1,1,1,0,0
L,298.3,308.8,1454,49.0,166,0,0,0,0,0,0,0,10.5,7.4603,High(151-200),0,1,0,0,0,0
L,298.3,308.8,1767,27.3,168,0,0,0,0,0,0,0,10.5,5.0512,High(151-200),0,0,0,0,0,0
L,298.3,308.9,1708,27.3,170,0,0,0,0,0,0,0,10.6,4.8826,High(151-200),0,0,0,0,0,0
L,298.3,308.9,1862,27.0,172,0,0,0,0,0,0,0,10.6,5.2643,High(151-200),0,0,0,0,0,0
L,298.3,308.9,1695,30.7,174,0,0,0,0,0,0,0,10.6,5.4488,High(151-200),0,0,0,0,0,0
M,298.3,309.1,1488,40.6,176,0,0,0,0,0,0,1,10.8,6.3259,High(151-200),0,0,0,0,0,0
L,298.3,309.0,1657,32.2,179,0,0,0,0,0,0,0,10.7,5.587,High(151-200),0,0,0,0,0,0
H,298.3,309.0,1823,25.9,181,0,0,0,0,0,0,2,10.7,4.9441,High(151-200),0,0,0,0,0,0
M,298.2,309.1,1651,28.8,186,0,0,0,0,0,0,1,10.9,4.9789,High(151-200),0,0,0,0,0,0
M,298.1,309.0,1533,36.1,189,0,0,0,0,0,0,1,10.9,5.7949,High(151-200),0,0,0,0,0,0
M,298.2,309.0,1508,40.5,192,0,0,0,0,0,0,1,10.8,6.3952,High(151-200),0,0,0,0,0,0
L,298.3,309.1,1616,31.1,195,0,0,0,0,0,0,0,10.8,5.2626,High(151-200),0,0,0,0,0,0
L,298.2,309.0,1651,31.5,197,0,0,0,0,0,0,0,10.8,5.4457,High(151-200),0,0,0,0,0,0
L,298.2,309.1,1569,35.2,199,0,0,0,0,0,0,0,10.9,5.7831,High(151-200),0,0,0,0,0,0
M,298.3,309.1,1296,58.7,201,0,0,0,0,0,0,1,10.8,7.966,Critical(>200),1,1,1,1,0,0
H,298.3,309.0,1379,43.2,0,0,0,0,0,0,0,2,10.7,6.238,Fresh(0-50),0,0,1,0,0,0
M,298.2,309.0,1694,28.0,5,0,0,0,0,0,0,1,10.8,4.9667,Fresh(0-50),0,0,0,0,0,0
L,298.2,309.0,1377,57.8,8,0,0,0,0,0,0,0,10.8,8.3341,Fresh(0-50),0,1,1,1,0,0
H,298.3,309.0,1470,38.4,10,0,0,0,0,0,0,2,10.7,5.9108,Fresh(0-50),0,0,0,0,0,0
M,298.3,309.1,1404,47.0,15,0,0,0,0,0,0,1,10.8,6.9097,Fresh(0-50),0,1,1,1,0,0
L,298.3,309.1,1593,40.1,18,0,0,0,0,0,0,0,10.8,6.6889,Fresh(0-50),0,0,0,0,0,0
M,298.3,309.0,1526,36.9,20,0,0,0,0,0,0,1,10.7,5.8963,Fresh(0-50),0,0,0,0,0,0
M,298.3,308.9,1390,49.7,23,0,0,0,0,0,0,1,10.6,7.2338,Fresh(0-50),0,1,1,1,0,0
L,298.2,308.9,1737,25.5,26,0,0,0,0,0,0,0,10.7,4.6381,Fresh(0-50),0,0,0,0,0,0
L,298.2,308.8,1362,57.3,28,0,0,0,0,0,0,0,10.6,8.172,Fresh(0-50),0,1,1,1,0,0
L,298.2,308.8,1666,31.5,30,0,0,0,0,0,0,0,10.6,5.4952,Fresh(0-50),0,0,0,0,0,0
L,298.2,308.8,1354,60.9,32,0,0,0,0,0,0,0,10.6,8.6344,Fresh(0-50),0,1,1,1,0,0
L,298.2,308.8,1302,60.4,34,0,0,0,0,0,0,0,10.6,8.2346,Fresh(0-50),0,1,1,1,0,0
L,298.2,308.7,1991,20.5,36,0,0,0,0,0,0,0,10.5,4.2739,Fresh(0-50),0,0,0,0,0,0
L,298.2,308.6,1353,54.1,38,0,0,0,0,0,0,0,10.4,7.6646,Fresh(0-50),0,1,1,1,0,0
H,298.2,308.7,1520,35.7,40,0,0,0,0,0,0,2,10.5,5.6821,Fresh(0-50),0,0,0,0,0,0
L,298.2,308.7,1428,54.9,45,0,0,0,0,0,0,0,10.5,8.2091,Fresh(0-50),0,1,0,0,0,0
L,298.2,308.7,1605,29.4,47,0,0,0,0,0,0,0,10.5,4.941,Fresh(0-50),0,0,0,0,0,0
L,298.1,308.7,1691,30.3,49,0,0,0,0,0,0,0,10.6,5.3652,Fresh(0-50),0,0,0,0,0,0
L,298.2,308.7,1447,48.4,51,0,0,0,0,0,0,0,10.5,7.3335,Low(51-100),0,1,0,0,0,0
H,298.2,308.8,1606,39.9,53,0,0,0,0,0,0,2,10.6,6.7099,Low(51-100),0,0,0,0,0,0
M,298.2,308.8,1645,28.2,58,0,0,0,0,0,0,1,10.6,4.8575,Low(51-100),0,0,0,0,0,0
H,298.2,308.8,1470,43.3,61,0,0,0,0,0,0,2,10.6,6.665,Low(51-100),0,0,0,0,0,0
L,298.2,308.9,1336,45.0,66,0,0,0,0,0,0,0,10.7,6.2953,Low(51-100),0,0,1,0,0,0
M,298.2,308.9,1414,44.3,68,0,0,0,0,0,0,1,10.7,6.5592,Low(51-100),0,0,1,0,0,0
M,298.3,309.0,1802,27.5,71,0,0,0,0,0,0,1,10.7,5.189,Low(51-100),0,0,0,0,0,0
L,298.2,308.9,1683,31.7,74,0,0,0,0,0,0,0,10.7,5.5865,Low(51-100),0,0,0,0,0,0
M,298.2,309.0,1410,47.6,76,0,0,0,0,0,0,1,10.8,7.0279,Low(51-100),0,1,1,1,0,0
L,298.2,308.9,1605,32.0,79,0,0,0,0,0,0,0,10.7,5.378,Low(51-100),0,0,0,0,0,0
L,298.2,308.9,1709,28.1,81,0,0,0,0,0,0,0,10.7,5.0286,Low(51-100),0,0,0,0,0,0
L,298.2,308.9,1444,53.1,83,0,0,0,0,0,0,0,10.7,8.0289,Low(51-100),0,1,0,0,0,0
L,298.2,308.9,1367,45.0,85,0,0,0,0,0,0,0,10.7,6.4414,Low(51-100),0,0,1,0,0,0
L,298.2,309.0,1418,44.2,87,0,0,0,0,0,0,0,10.8,6.5629,Low(51-100),0,0,1,0,0,0
L,298.2,309.0,1353,57.8,89,0,0,0,0,0,0,0,10.8,8.1888,Low(51-100),0,1,1,1,0,0
L,298.2,309.0,1643,34.1,91,0,0,0,0,0,0,0,10.8,5.8666,Low(51-100),0,0,0,0,0,0
L,298.3,309.1,1437,38.0,93,0,0,0,0,0,0,0,10.8,5.7179,Low(51-100),0,0,0,0,0,0
L,298.1,309.0,1437,36.2,95,0,0,0,0,0,0,0,10.9,5.4471,Low(51-100),0,0,0,0,0,0
M,298.2,309.0,1413,47.9,97,0,0,0,0,0,0,1,10.8,7.0872,Low(51-100),0,1,1,1,0,0
H,298.2,309.0,1524,39.1,100,0,0,0,0,0,0,2,10.8,6.2396,Low(51-100),0,0,0,0,0,0
M,298.1,308.9,1479,43.4,105,0,0,0,0,0,0,1,10.8,6.7213,Medium(101-150),0,0,0,0,0,0
L,298.1,308.9,1313,50.6,108,0,0,0,0,0,0,0,10.8,6.9568,Medium(101-150),0,1,1,1,0,0
M,298.1,308.9,1335,50.4,110,0,0,0,0,0,0,1,10.8,7.0454,Medium(101-150),0,1,1,1,0,0
L,298.1,308.9,1367,41.9,113,0,0,0,0,0,0,0,10.8,5.9976,Medium(101-150),0,0,1,0,0,0
M,298.1,308.9,1459,50.3,115,0,0,0,0,0,0,1,10.8,7.6846,Medium(101-150),0,1,0,0,0,0
M,298.1,308.9,1804,25.1,118,0,0,0,0,0,0,1,10.8,4.7414,Medium(101-150),0,0,0,0,0,0
L,298.2,309.0,1491,38.3,121,0,0,0,0,0,0,0,10.8,5.9796,Medium(101-150),0,0,0,0,0,0
L,298.3,309.1,1537,43.0,123,0,0,0,0,0,0,0,10.8,6.9205,Medium(101-150),0,0,0,0,0,0
H,298.3,309.1,1646,30.2,125,0,0,0,0,0,0,2,10.8,5.2052,Medium(101-150),0,0,0,0,0,0
M,298.3,309.2,1783,28.3,130,0,0,0,0,0,0,1,10.9,5.2837,Medium(101-150),0,0,0,0,0,0
L,298.3,309.1,1395,49.8,133,0,0,0,0,0,0,0,10.8,7.2745,Medium(101-150),0,1,1,1,0,0
L,298.4,309.1,1423,48.0,135,0,0,0,0,0,0,0,10.7,7.1523,Medium(101-150),0,1,0,0,0,0
L,298.3,309.2,1562,37.6,137,0,0,0,0,0,0,0,10.9,6.1499,Medium(101-150),0,0,0,0,0,0
L,298.4,309.3,1549,40.8,139,0,0,0,0,0,0,0,10.9,6.6177,Medium(101-150),0,0,0,0,0,0
L,298.4,309.4,1540,43.2,141,0,0,0,0,0,0,0,11.0,6.9663,Medium(101-150),0,0,0,0,0,0
H,298.5,309.4,1573,33.6,143,0,0,0,0,0,0,2,10.9,5.5343,Medium(101-150),0,0,0,0,0,0
L,298.5,309.4,1418,45.1,148,0,0,0,0,0,0,0,10.9,6.6965,Medium(101-150),0,0,1,0,0,0
M,298.5,309.4,1565,33.7,150,0,0,0,0,0,0,1,10.9,5.5226,Medium(101-150),0,0,0,0,0,0
L,298.5,309.5,1569,41.0,153,0,0,0,0,0,0,0,11.0,6.736,High(151-200),0,0,0,0,0,0
H,298.5,309.4,1417,41.2,155,0,0,0,0,0,0,2,10.9,6.1131,High(151-200),0,0,1,0,0,0
L,298.5,309.5,1480,38.1,160,0,0,0,0,0,0,0,11.0,5.9045,High(151-200),0,0,0,0,0,0
L,298.5,309.4,1364,44.5,162,0,0,0,0,0,0,0,10.9,6.3558,High(151-200),0,0,1,0,0,0
L,298.5,309.4,1911,21.5,164,0,0,0,0,0,0,0,10.9,4.3023,High(151-200),0,0,0,0,0,0
L,298.4,309.3,1409,43.1,166,0,0,0,0,0,0,0,10.9,6.3589,High(151-200),0,0,1,0,0,0
L,298.4,309.2,1335,53.5,168,0,0,0,0,0,0,0,10.8,7.4788,High(151-200),0,1,1,1,0,0
M,298.5,309.3,1512,38.1,170,0,0,0,0,0,0,1,10.8,6.0322,High(151-200),0,0,0,0,0,0
L,298.6,309.4,1447,40.2,173,0,0,0,0,0,0,0,10.8,6.091,High(151-200),0,0,0,0,0,0
L,298.6,309.3,1537,37.6,175,0,0,0,0,0,0,0,10.7,6.0514,High(151-200),0,0,0,0,0,0
M,298.6,309.3,1510,40.8,177,0,0,0,0,0,0,1,10.7,6.4511,High(151-200),0,0,0,0,0,0
L,298.6,309.3,1677,31.2,180,0,0,0,0,0,0,0,10.7,5.4788,High(151-200),0,0,0,0,0,0
L,298.5,309.2,1504,33.7,182,0,0,0,0,0,0,0,10.7,5.3073,High(151-200),0,0,0,0,0,0
H,298.5,309.1,2051,19.0,184,0,0,0,0,0,0,2,10.6,4.0805,High(151-200),0,0,0,0,0,0
L,298.5,309.1,1474,41.3,189,0,0,0,0,0,0,0,10.6,6.3745,High(151-200),0,0,0,0,0,0
M,298.4,309.0,1507,36.1,191,0,0,0,0,0,0,1,10.6,5.6966,High(151-200),0,0,0,0,0,0
L,298.4,308.9,1496,37.9,194,0,0,0,0,0,0,0,10.5,5.937,High(151-200),0,0,0,0,0,0
M,298.5,309.0,1921,22.0,196,0,0,0,0,0,0,1,10.5,4.4253,High(151-200),0,0,0,0,0,0
L,298.5,309.0,1450,40.5,199,0,0,0,0,0,0,0,10.5,6.1492,High(151-200),0,0,0,0,0,0
L,298.4,308.9,1402,44.8,201,0,0,0,0,0,0,0,10.5,6.5769,Critical(>200),1,0,1,0,0,0
L,298.4,308.9,1501,50.0,203,0,0,0,0,0,0,0,10.5,7.8586,Critical(>200),1,1,0,0,0,0
L,298.5,308.9,1725,31.9,205,0,0,0,0,0,0,0,10.4,5.762,Critical(>200),1,0,0,0,0,0
H,298.5,308.9,1500,40.3,207,0,0,0,0,0,0,2,10.4,6.3298,Critical(>200),1,0,0,0,0,0
H,298.5,309.0,1531,30.8,212,0,0,0,0,0,0,2,10.5,4.9377,Critical(>200),1,0,0,0,0,0
L,298.5,309.0,1458,44.8,217,0,0,0,0,0,0,0,10.5,6.8396,Critical(>200),1,0,0,0,0,0
H,298.4,308.9,1577,37.1,0,0,0,0,0,0,0,2,10.5,6.1264,Fresh(0-50),0,0,0,0,0,0
M,298.3,308.9,1363,46.1,5,0,0,0,0,0,0,1,10.6,6.5795,Fresh(0-50),0,0,1,0,0,0
H,298.3,308.9,1706,31.8,8,0,0,0,0,0,0,2,10.6,5.6807,Fresh(0-50),0,0,0,0,0,0
M,298.3,308.8,1391,50.4,13,0,0,0,0,0,0,1,10.5,7.341,Fresh(0-50),0,1,1,1,0,0
L,298.2,308.8,1616,33.7,16,0,0,0,0,0,0,0,10.6,5.7025,Fresh(0-50),0,0,0,0,0,0
L,298.2,308.8,1442,47.0,18,0,0,0,0,0,0,0,10.6,7.0968,Fresh(0-50),0,1,0,0,0,0
M,298.2,308.8,1626,40.4,20,0,0,0,0,0,0,1,10.6,6.8786,Fresh(0-50),0,0,0,0,0,0
M,298.2,308.7,1426,42.6,23,0,0,0,0,0,0,1,10.5,6.361,Fresh(0-50),0,0,0,0,0,0
L,298.2,308.7,1436,49.1,26,0,0,0,0,0,0,0,10.5,7.383,Fresh(0-50),0,1,0,0,0,0
M,298.2,308.7,1599,36.2,28,0,0,0,0,0,0,1,10.5,6.0611,Fresh(0-50),0,0,0,0,0,0
L,298.2,308.7,2186,17.8,31,0,0,0,0,0,0,0,10.5,4.0744,Fresh(0-50),0,0,0,0,0,0
L,298.3,308.8,1645,30.4,33,0,0,0,0,0,0,0,10.5,5.2364,Fresh(0-50),0,0,0,0,0,0
L,298.2,308.7,1780,27.9,35,0,0,0,0,0,0,0,10.5,5.2002,Fresh(0-50),0,0,0,0,0,0
L,298.2,308.8,1345,44.3,37,0,0,0,0,0,0,0,10.6,6.2391,Fresh(0-50),0,0,1,0,0,0
M,298.2,308.8,1607,31.9,39,0,0,0,0,0,0,1,10.6,5.3679,Fresh(0-50),0,0,0,0,0,0
L,298.3,308.9,1708,28.0,42,0,0,0,0,0,0,0,10.6,5.0077,Fresh(0-50),0,0,0,0,0,0
L,298.3,308.9,1270,52.7,44,0,0,0,0,0,0,0,10.6,7.0083,Fresh(0-50),0,1,1,1,0,0
M,298.3,308.9,1646,25.4,46,0,0,0,0,0,0,1,10.6,4.3778,Fresh(0-50),0,0,0,0,0,0
L,298.2,308.7,1407,45.1,49,0,0,0,0,0,0,0,10.5,6.6446,Fresh(0-50),0,0,1,0,0,0
M,298.1,308.7,1581,47.4,51,0,0,0,0,0,0,1,10.6,7.8471,Low(51-100),0,1,0,0,0,0
L,298.0,308.6,1532,42.6,54,0,0,0,0,0,0,0,10.6,6.8338,Low(51-100),0,0,0,0,0,0
L,298.0,308.6,1610,33.1,56,0,0,0,0,0,0,0,10.6,5.5802,Low(51-100),0,0,0,0,0,0
M,298.0,308.5,1682,33.0,58,0,0,0,0,0,0,1,10.5,5.8121,Low(51-100),0,0,0,0,0,0
L,297.9,308.5,1519,34.3,61,0,0,0,0,0,0,0,10.6,5.4557,Low(51-100),0,0,0,0,0,0
L,297.9,308.5,1683,28.5,63,0,0,0,0,0,0,0,10.6,5.0226,Low(51-100),0,0,0,0,0,0
M,298.0,308.6,1254,55.8,65,0,0,0,0,0,0,1,10.6,7.327,Low(51-100),0,1,1,1,0,0
L,298.0,308.5,1461,48.0,68,0,0,0,0,0,0,0,10.5,7.3432,Low(51-100),0,1,0,0,0,0
L,297.9,308.5,1472,45.1,70,0,0,0,0,0,0,0,10.6,6.9515,Low(51-100),0,0,0,0,0,0
L,297.7,308.4,1510,38.6,72,0,0,0,0,0,0,0,10.7,6.1032,Low(51-100),0,0,0,0,0,0
M,297.7,308.3,1547,36.8,74,0,0,0,0,0,0,1,10.6,5.9612,Low(51-100),0,0,0,0,0,0
H,297.7,308.4,1418,51.9,77,0,0,0,0,0,0,2,10.7,7.7062,Low(51-100),0,1,1,1,0,0
L,297.7,308.4,1289,51.3,82,0,0,0,0,0,0,0,10.7,6.9242,Low(51-100),0,1,1,1,0,0
L,297.7,308.4,1487,41.4,84,0,0,0,0,0,0,0,10.7,6.4463,Low(51-100),0,0,0,0,0,0
L,297.7,308.5,1453,45.5,86,0,0,0,0,0,0,0,10.8,6.9227,Low(51-100),0,0,0,0,0,0
M,297.8,308.5,1466,44.7,88,0,0,0,0,0,0,1,10.7,6.8618,Low(51-100),0,0,0,0,0,0
H,297.7,308.4,1288,49.5,91,0,0,0,0,0,0,2,10.7,6.676,Low(51-100),0,1,1,1,0,0
H,297.7,308.4,1738,27.7,96,0,0,0,0,0,0,2,10.7,5.0411,Low(51-100),0,0,0,0,0,0
H,297.7,308.3,1488,41.0,101,0,0,0,0,0,0,2,10.6,6.3883,Medium(101-150),0,0,0,0,0,0
L,297.6,308.3,1816,28.8,106,0,0,0,0,0,0,0,10.7,5.4765,Medium(101-150),0,0,0,0,0,0
L,297.5,308.2,1419,48.5,108,0,0,0,0,0,0,0,10.7,7.2064,Medium(101-150),0,1,1,1,0,0
L,297.4,308.1,1435,45.7,110,0,0,0,0,0,0,0,10.7,6.867,Medium(101-150),0,0,0,0,0,0
M,297.5,308.1,1480,42.4,112,0,0,0,0,0,0,1,10.6,6.5709,Medium(101-150),0,0,0,0,0,0
L,297.5,308.2,1610,33.6,115,0,0,0,0,0,0,0,10.7,5.6645,Medium(101-150),0,0,0,0,0,0
H,297.5,308.1,1548,38.2,117,0,0,0,0,0,0,2,10.6,6.192,Medium(101-150),0,0,0,0,0,0
M,297.6,308.1,1379,57.4,122,0,0,0,0,0,0,1,10.5,8.2884,Medium(101-150),0,1,1,1,0,0
M,297.5,308.1,1907,23.5,125,0,0,0,0,0,0,1,10.6,4.6926,Medium(101-150),0,0,0,0,0,0
M,297.5,308.0,2033,16.7,128,0,0,0,0,0,0,1,10.5,3.5551,Medium(101-150),0,0,0,0,0,0
H,297.4,307.9,1390,52.0,131,0,0,0,0,0,0,2,10.5,7.5686,Medium(101-150),0,1,1,1,0,0
M,297.5,307.9,1544,37.9,136,0,0,0,0,0,0,1,10.4,6.1275,Medium(101-150),0,0,0,0,0,0
L,297.6,308.0,1258,57.4,139,0,0,0,0,0,0,0,10.4,7.5612,Medium(101-150),0,1,1,1,0,0
M,297.5,308.0,1560,39.0,141,0,0,0,0,0,0,1,10.5,6.3707,Medium(101-150),0,0,0,0,0,0
H,297.6,308.2,2071,18.5,144,0,0,0,0,0,0,2,10.6,4.0119,Medium(101-150),0,0,0,0,0,0
L,297.6,308.1,1437,46.3,149,0,0,0,0,0,0,0,10.5,6.9668,Medium(101-150),0,0,0,0,0,0
H,297.7,308.2,1489,43.0,151,0,0,0,0,0,0,2,10.5,6.7044,High(151-200),0,0,0,0,0,0
L,297.7,308.2,1334,53.0,156,0,0,0,0,0,0,0,10.5,7.4034,High(151-200),0,1,1,1,0,0
L,297.7,308.2,1500,39.9,158,0,0,0,0,0,0,0,10.5,6.267,High(151-200),0,0,0,0,0,0
L,297.8,308.3,1498,47.3,160,0,0,0,0,0,0,0,10.5,7.4194,High(151-200),0,1,0,0,0,0
M,297.7,308.2,1370,53.4,162,0,0,0,0,0,0,1,10.5,7.6605,High(151-200),0,1,1,1,0,0
H,297.7,308.2,1526,40.1,165,0,0,0,0,0,0,2,10.5,6.4076,High(151-200),0,0,0,0,0,0
L,297.8,308.3,1477,44.8,170,0,0,0,0,0,0,0,10.5,6.9288,High(151-200),0,0,0,0,0,0
L,297.7,308.2,1446,43.9,172,0,0,0,0,0,0,0,10.5,6.6471,High(151-200),0,0,0,0,0,0
M,297.7,308.2,1720,25.6,174,0,0,0,0,0,0,1,10.5,4.6107,High(151-200),0,0,0,0,0,0
L,297.7,308.1,1734,30.7,177,0,0,0,0,0,0,0,10.4,5.5742,High(151-200),0,0,0,0,0,0
L,297.7,308.1,1697,29.1,179,0,0,0,0,0,0,0,10.4,5.171,High(151-200),0,0,0,0,0,0
L,297.7,308.2,2007,19.3,181,0,0,0,0,0,0,0,10.5,4.056,High(151-200),0,0,0,0,0,0
M,297.7,308.1,1469,48.8,183,0,0,0,0,0,0,1,10.4,7.5065,High(151-200),0,1,0,0,0,0
M,297.7,308.1,2189,15.6,186,0,0,0,0,0,0,1,10.4,3.5757,High(151-200),0,0,0,0,0,0
L,297.8,308.3,1435,50.1,189,0,0,0,0,0,0,0,10.5,7.5281,High(151-200),0,1,0,0,0,0
H,297.9,308.4,1637,34.5,191,0,0,0,0,0,0,2,10.5,5.9138,High(151-200),0,0,0,0,0,0
L,298.0,308.5,1664,28.3,196,0,0,0,0,0,0,0,10.5,4.931,High(151-200),0,0,0,0,0,0
M,298.0,308.5,1666,31.0,198,0,0,0,0,0,0,1,10.5,5.408,High(151-200),0,0,0,0,0,0
L,298.0,308.5,1404,46.6,201,0,0,0,0,0,0,0,10.5,6.8509,Critical(>200),1,0,1,0,0,0
L,298.0,308.5,1702,26.7,203,0,0,0,0,0,0,0,10.5,4.7585,Critical(>200),1,0,0,0,0,0
L,298.1,308.6,1439,44.9,205,0,0,0,0,0,0,0,10.5,6.7656,Critical(>200),1,0,0,0,0,0
L,298.1,308.6,1354,53.9,207,1,0,0,0,1,0,0,10.5,7.6419,Critical(>200),1,1,1,1,0,1
M,298.2,308.7,1361,44.2,0,0,0,0,0,0,0,1,10.5,6.2991,Fresh(0-50),0,0,1,0,0,0
M,298.1,308.5,1463,45.9,3,0,0,0,0,0,0,1,10.4,7.0316,Fresh(0-50),0,0,0,0,0,0
H,298.1,308.4,1515,43.8,6,0,0,0,0,0,0,2,10.3,6.9484,Fresh(0-50),0,0,0,0,0,0
L,298.0,308.4,1432,46.2,11,0,0,0,0,0,0,0,10.4,6.9276,Fresh(0-50),0,0,0,0,0,0
L,298.0,308.4,1911,22.0,13,0,0,0,0,0,0,0,10.4,4.4023,Fresh(0-50),0,0,0,0,0,0
L,298.0,308.4,1472,42.0,15,0,0,0,0,0,0,0,10.4,6.4737,Fresh(0-50),0,0,0,0,0,0
M,298.1,308.5,1382,54.5,17,0,0,0,0,0,0,1,10.4,7.8868,Fresh(0-50),0,1,1,1,0,0
L,298.1,308.5,1665,29.6,20,0,0,0,0,0,0,0,10.4,5.1606,Fresh(0-50),0,0,0,0,0,0
L,298.1,308.5,1676,30.5,22,0,0,0,0,0,0,0,10.4,5.3527,Fresh(0-50),0,0,0,0,0,0
M,298.0,308.5,1585,33.0,24,0,0,0,0,0,0,1,10.5,5.477,Fresh(0-50),0,0,0,0,0,0
M,298.1,308.6,1415,46.3,27,0,0,0,0,0,0,1,10.5,6.8602,Fresh(0-50),0,0,1,0,0,0
L,298.1,308.7,1341,55.7,30,0,0,0,0,0,0,0,10.6,7.8213,Fresh(0-50),0,1,1,1,0,0
L,298.2,308.8,1540,34.8,32,0,0,0,0,0,0,0,10.6,5.6117,Fresh(0-50),0,0,0,0,0,0
H,298.2,308.8,1837,28.4,34,0,0,0,0,0,0,2,10.6,5.4629,Fresh(0-50),0,0,0,0,0,0
L,298.2,308.8,1498,36.0,39,0,0,0,0,0,0,0,10.6,5.6469,Fresh(0-50),0,0,0,0,0,0
L,298.1,308.7,1671,28.8,41,0,0,0,0,0,0,0,10.6,5.0392,Fresh(0-50),0,0,0,0,0,0
L,298.0,308.6,1430,57.0,43,0,0,0,0,0,0,0,10.6,8.5351,Fresh(0-50),0,1,0,0,0,0
L,298.0,308.7,1619,40.1,45,0,0,0,0,0,0,0,10.7,6.7981,Fresh(0-50),0,0,0,0,0,0
M,298.0,308.7,1430,51.9,47,0,0,0,0,0,0,1,10.7,7.7714,Fresh(0-50),0,1,0,0,0,0
L,298.0,308.6,1626,33.3,50,0,0,0,0,0,0,0,10.6,5.6697,Fresh(0-50),0,0,0,0,0,0
L,298.0,308.7,1443,49.3,52,0,0,0,0,0,0,0,10.7,7.4492,Low(51-100),0,1,0,0,0,0
L,298.0,308.6,1481,42.5,54,0,0,0,0,0,0,0,10.6,6.5908,Low(51-100),0,0,0,0,0,0
M,298.1,308.7,1527,43.0,56,0,0,0,0,0,0,1,10.6,6.8755,Low(51-100),0,0,0,0,0,0
M,298.1,308.7,1315,56.8,59,0,0,0,0,0,0,1,10.6,7.8212,Low(51-100),0,1,1,1,0,0
M,298.1,308.8,1433,48.2,62,0,0,0,0,0,0,1,10.7,7.2325,Low(51-100),0,1,0,0,0,0
M,298.1,308.8,1378,53.5,65,0,0,0,0,0,0,1,10.7,7.7197,Low(51-100),0,1,1,1,0,0
L,298.1,308.8,1432,43.4,68,0,0,0,0,0,0,0,10.7,6.5077,Low(51-100),0,0,0,0,0,0
M,298.1,308.8,1394,47.9,70,0,0,0,0,0,0,1,10.7,6.9919,Low(51-100),0,1,1,1,0,0
H,298.0,308.8,1411,53.8,73,0,0,0,0,0,0,2,10.8,7.9489,Low(51-100),0,1,1,1,0,0
L,298.1,308.9,2136,15.9,78,0,0,0,0,0,0,0,10.8,3.5563,Low(51-100),0,0,0,0,0,0
M,298.2,309.0,1446,45.8,80,0,0,0,0,0,0,1,10.8,6.9347,Low(51-100),0,0,0,0,0,0
H,298.1,308.9,1388,53.5,83,0,0,0,0,0,0,2,10.8,7.7757,Low(51-100),0,1,1,1,0,0
M,298.1,308.9,1323,51.7,88,0,0,0,0,0,0,1,10.8,7.1622,Low(51-100),0,1,1,1,0,0
L,298.2,309.0,1780,29.3,91,0,0,0,0,0,0,0,10.8,5.4612,Low(51-100),0,0,0,0,0,0
M,298.1,308.8,1434,41.8,93,0,0,0,0,0,0,1,10.7,6.2766,Low(51-100),0,0,0,0,0,0
M,298.0,308.7,1494,42.6,96,0,0,0,0,0,0,1,10.7,6.6643,Low(51-100),0,0,0,0,0,0
H,298.0,308.7,1536,39.6,99,0,0,0,0,0,0,2,10.7,6.3692,Low(51-100),0,0,0,0,0,0
M,298.0,308.7,1392,53.4,104,0,0,0,0,0,0,1,10.7,7.7835,Medium(101-150),0,1,1,1,0,0
H,298.2,309.0,1360,56.8,107,0,0,0,0,0,0,2,10.8,8.0888,Medium(101-150),0,1,1,1,0,0
L,298.4,309.2,1583,35.4,112,0,0,0,0,0,0,0,10.8,5.8679,Medium(101-150),0,0,0,0,0,0
L,298.5,309.2,1983,20.2,114,0,0,0,0,0,0,0,10.7,4.1944,Medium(101-150),0,0,0,0,0,0
L,298.5,309.3,1630,33.3,116,0,0,0,0,0,0,0,10.8,5.6837,Medium(101-150),0,0,0,0,0,0
M,298.5,309.3,1692,26.7,118,0,0,0,0,0,0,1,10.8,4.7305,Medium(101-150),0,0,0,0,0,0
L,298.4,309.1,1417,40.6,121,0,0,0,0,0,0,0,10.7,6.0241,Medium(101-150),0,0,1,0,0,0
L,298.4,309.1,1579,36.1,123,0,0,0,0,0,0,0,10.7,5.9688,Medium(101-150),0,0,0,0,0,0
M,298.4,309.2,1399,45.2,125,0,0,0,0,0,0,1,10.8,6.6214,Medium(101-150),0,0,1,0,0,0
M,298.4,309.2,1414,46.4,128,0,0,0,0,0,0,1,10.8,6.8701,Medium(101-150),0,0,1,0,0,0
L,298.5,309.3,1570,40.1,131,0,0,0,0,0,0,0,10.8,6.5924,Medium(101-150),0,0,0,0,0,0
M,298.5,309.3,1552,36.8,133,0,0,0,0,0,0,1,10.8,5.9805,Medium(101-150),0,0,0,0,0,0
L,298.6,309.4,1440,48.2,136,0,0,0,0,0,0,0,10.8,7.2679,Medium(101-150),0,1,0,0,0,0
M,298.6,309.4,1460,43.8,138,0,0,0,0,0,0,1,10.8,6.6961,Medium(101-150),0,0,0,0,0,0
L,298.6,309.4,1471,48.0,141,0,0,0,0,0,0,0,10.8,7.3935,Medium(101-150),0,1,0,0,0,0
L,298.6,309.3,1702,27.6,143,0,0,0,0,0,0,0,10.7,4.9189,Medium(101-150),0,0,0,0,0,0
L,298.6,309.4,1375,55.4,145,0,0,0,0,0,0,0,10.8,7.9764,Medium(101-150),0,1,1,1,0,0
L,298.6,309.4,1698,33.2,147,0,0,0,0,0,0,0,10.8,5.903,Medium(101-150),0,0,0,0,0,0
H,298.6,309.4,1439,47.1,149,0,0,0,0,0,0,2,10.8,7.0971,Medium(101-150),0,1,0,0,0,0
M,298.6,309.4,1774,27.5,154,0,0,0,0,0,0,1,10.8,5.1084,High(151-200),0,0,0,0,0,0
M,298.7,309.4,1375,48.3,157,0,0,0,0,0,0,1,10.7,6.9542,High(151-200),0,1,1,1,0,0
L,298.7,309.5,1446,40.0,160,0,0,0,0,0,0,0,10.8,6.0565,High(151-200),0,0,0,0,0,0
M,298.7,309.6,1455,46.8,162,0,0,0,0,0,0,1,10.9,7.1303,High(151-200),0,0,0,0,0,0
L,298.8,309.6,1523,41.9,165,0,0,0,0,0,0,0,10.8,6.6821,High(151-200),0,0,0,0,0,0
M,298.8,309.6,1692,31.9,167,0,0,0,0,0,0,1,10.8,5.6518,High(151-200),0,0,0,0,0,0
M,298.8,309.6,1693,33.3,170,0,0,0,0,0,0,1,10.8,5.9033,High(151-200),0,0,0,0,0,0
L,298.8,309.6,1890,24.0,173,0,0,0,0,0,0,0,10.8,4.7497,High(151-200),0,0,0,0,0,0
H,298.9,309.6,1600,33.5,175,0,0,0,0,0,0,2,10.7,5.6126,High(151-200),0,0,0,0,0,0
M,298.9,309.6,1434,43.8,180,0,0,0,0,0,0,1,10.7,6.5769,High(151-200),0,0,0,0,0,0
L,298.9,309.6,1365,50.9,183,0,0,0,0,0,0,0,10.7,7.2752,High(151-200),0,1,1,1,0,0
H,298.8,309.6,1309,57.4,185,0,0,0,0,0,0,2,10.8,7.8677,High(151-200),0,1,1,1,0,0
H,298.9,309.6,1546,35.3,190,0,0,0,0,0,0,2,10.7,5.7145,High(151-200),0,0,0,0,0,0
L,298.9,309.6,1663,33.7,195,0,0,0,0,0,0,0,10.7,5.8684,High(151-200),0,0,0,0,0,0
L,298.9,309.6,1589,34.2,197,0,0,0,0,0,0,0,10.7,5.6905,High(151-200),0,0,0,0,0,0
M,298.9,309.6,1472,46.0,199,0,0,0,0,0,0,1,10.7,7.0903,High(151-200),0,0,0,0,0,0
L,298.9,309.6,1583,39.8,202,0,0,0,0,0,0,0,10.7,6.5972,Critical(>200),1,0,0,0,0,0
M,298.9,309.6,1567,34.5,204,0,0,0,0,0,0,1,10.7,5.6609,Critical(>200),1,0,0,0,0,0
L,298.9,309.7,1407,41.9,207,0,0,0,0,0,0,0,10.8,6.1731,Critical(>200),1,0,1,0,0,0
M,299.0,309.7,1418,44.7,209,0,0,0,0,0,0,1,10.7,6.6371,Critical(>200),1,0,1,0,0,0
M,299.0,309.7,1489,40.7,212,0,0,0,0,0,0,1,10.7,6.3458,Critical(>200),1,0,0,0,0,0
L,299.1,309.9,1586,36.6,215,0,0,0,0,0,0,0,10.8,6.0783,Critical(>200),1,0,0,0,0,0
L,299.1,309.8,1398,55.4,217,1,0,0,0,1,0,0,10.7,8.1099,Critical(>200),1,1,1,1,0,1
L,299.2,309.9,1516,41.4,219,0,0,0,0,0,0,0,10.7,6.572,Critical(>200),1,0,0,0,0,0
H,299.3,310.0,1373,44.8,221,0,0,0,0,0,0,2,10.7,6.4409,Critical(>200),1,0,1,0,0,0
M,299.2,310.0,1349,50.4,226,0,0,0,0,0,0,1,10.8,7.1193,Critical(>200),1,1,1,1,0,0
H,299.1,309.9,1443,40.3,0,0,0,0,0,0,0,2,10.8,6.0893,Fresh(0-50),0,0,0,0,0,0
H,299.2,310.1,1542,36.1,5,0,0,0,0,0,0,2,10.9,5.8289,Fresh(0-50),0,0,0,0,0,0
L,299.2,310.1,1534,37.7,10,0,0,0,0,0,0,0,10.9,6.0557,Fresh(0-50),0,0,0,0,0,0
L,299.2,310.2,1697,30.6,12,0,0,0,0,0,0,0,11.0,5.4375,Fresh(0-50),0,0,0,0,0,0
L,299.3,310.3,1396,47.4,14,0,0,0,0,0,0,0,11.0,6.9288,Fresh(0-50),0,1,1,1,0,0
L,299.3,310.2,1495,49.2,16,0,0,0,0,0,0,0,10.9,7.702,Fresh(0-50),0,1,0,0,0,0
M,299.2,310.3,1551,44.8,18,0,0,0,0,0,0,1,11.1,7.2759,Fresh(0-50),0,0,0,0,0,0
L,299.2,310.3,1440,47.0,21,0,0,0,0,0,0,0,11.1,7.0869,Fresh(0-50),0,1,0,0,0,0
L,299.2,310.3,1429,40.1,23,0,0,0,0,0,0,0,11.1,6.0003,Fresh(0-50),0,0,0,0,0,0
H,299.3,310.4,1548,41.6,25,0,0,0,0,0,0,2,11.1,6.7431,Fresh(0-50),0,0,0,0,0,0
L,299.3,310.5,1505,38.8,30,0,0,0,0,0,0,0,11.2,6.1146,Fresh(0-50),0,0,0,0,0,0
L,299.2,310.4,1611,36.4,32,0,0,0,0,0,0,0,11.2,6.1404,Fresh(0-50),0,0,0,0,0,0
M,299.2,310.4,1502,39.8,34,0,0,0,0,0,0,1,11.2,6.2596,Fresh(0-50),0,0,0,0,0,0
M,299.2,310.4,1504,43.3,37,0,0,0,0,0,0,1,11.2,6.8192,Fresh(0-50),0,0,0,0,0,0
L,299.1,310.3,1449,40.7,40,0,0,0,0,0,0,0,11.2,6.1753,Fresh(0-50),0,0,0,0,0,0
L,299.0,310.2,1575,37.8,42,0,0,0,0,0,0,0,11.2,6.234,Fresh(0-50),0,0,0,0,0,0
M,299.0,310.2,1598,33.4,44,0,0,0,0,0,0,1,11.2,5.5888,Fresh(0-50),0,0,0,0,0,0
L,299.0,310.1,1416,45.9,47,0,0,0,0,0,0,0,11.1,6.8057,Fresh(0-50),0,0,1,0,0,0
L,299.0,310.2,1682,28.8,49,0,0,0,0,0,0,0,11.2,5.0724,Fresh(0-50),0,0,0,0,0,0
L,298.9,310.1,1341,54.5,51,0,0,0,0,0,0,0,11.2,7.6528,Low(51-100),0,1,1,1,0,0
L,298.9,310.1,1523,39.1,53,0,0,0,0,0,0,0,11.2,6.2355,Low(51-100),0,0,0,0,0,0
L,299.0,310.1,1580,41.9,55,0,0,0,0,0,0,0,11.1,6.9321,Low(51-100),0,0,0,0,0,0
L,299.0,310.1,1531,36.0,57,0,0,0,0,0,0,0,11.1,5.7713,Low(51-100),0,0,0,0,0,0
L,299.0,310.1,1375,48.9,59,0,0,0,0,0,0,0,11.1,7.0406,Low(51-100),0,1,1,1,0,0
M,298.9,310.1,1484,40.4,61,0,0,0,0,0,0,1,11.2,6.2779,Low(51-100),0,0,0,0,0,0
M,299.0,310.2,1657,32.3,64,0,0,0,0,0,0,1,11.2,5.6043,Low(51-100),0,0,0,0,0,0
L,299.0,310.2,1494,40.6,67,0,0,0,0,0,0,0,11.2,6.3515,Low(51-100),0,0,0,0,0,0
H,299.0,310.3,1658,27.6,69,0,0,0,0,0,0,2,11.3,4.7917,Low(51-100),0,0,0,0,0,0
L,299.1,310.3,1411,42.1,74,0,0,0,0,0,0,0,11.2,6.2202,Low(51-100),0,0,1,0,0,0
M,299.2,310.4,1395,55.4,76,0,0,0,0,0,0,1,11.2,8.0925,Low(51-100),0,1,1,1,0,0
L,299.1,310.4,1550,43.9,79,0,0,0,0,0,0,0,11.3,7.1251,Low(51-100),0,0,0,0,0,0
M,299.1,310.3,1233,59.0,81,0,0,0,0,0,0,1,11.2,7.6175,Low(51-100),0,1,1,1,0,0
L,299.1,310.3,1459,46.7,84,0,0,0,0,0,0,0,11.2,7.1346,Low(51-100),0,0,0,0,0,0
H,299.1,310.4,1405,53.6,86,0,0,0,0,0,0,2,11.3,7.8857,Low(51-100),0,1,1,1,0,0
L,299.2,310.5,1458,44.1,91,0,0,0,0,0,0,0,11.3,6.7328,Low(51-100),0,0,0,0,0,0
L,299.2,310.5,1384,48.7,93,0,0,0,0,0,0,0,11.3,7.0577,Low(51-100),0,1,1,1,0,0
L,299.2,310.5,1705,29.5,95,0,0,0,0,0,0,0,11.3,5.2668,Low(51-100),0,0,0,0,0,0
L,299.3,310.6,1443,45.7,97,0,0,0,0,0,0,0,11.3,6.9052,Low(51-100),0,0,0,0,0,0
M,299.3,310.6,1609,31.4,99,0,0,0,0,0,0,1,11.3,5.2903,Low(51-100),0,0,0,0,0,0
L,299.3,310.5,1818,26.0,102,0,0,0,0,0,0,0,11.2,4.9495,Medium(101-150),0,0,0,0,0,0
M,299.3,310.6,1457,42.1,104,0,0,0,0,0,0,1,11.3,6.423,Medium(101-150),0,0,0,0,0,0
L,299.3,310.6,1480,45.1,107,0,0,0,0,0,0,0,11.3,6.9893,Medium(101-150),0,0,0,0,0,0
L,299.4,310.8,1424,47.7,109,0,0,0,0,0,0,0,11.4,7.1125,Medium(101-150),0,1,0,0,0,0
M,299.4,310.8,1628,40.2,111,0,0,0,0,0,0,1,11.4,6.8529,Medium(101-150),0,0,0,0,0,0
M,299.5,310.8,1754,31.3,114,0,0,0,0,0,0,1,11.3,5.7487,Medium(101-150),0,0,0,0,0,0
L,299.6,310.9,1716,28.5,117,0,0,0,0,0,0,0,11.3,5.121,Medium(101-150),0,0,0,0,0,0
M,299.5,310.9,1378,48.7,119,0,0,0,0,0,0,1,11.4,7.0271,Medium(101-150),0,1,1,1,0,0
L,299.6,311.0,1708,31.0,122,0,0,0,0,0,0,0,11.4,5.5443,Medium(101-150),0,0,0,0,0,0
L,299.6,311.0,1430,38.3,124,0,0,0,0,0,0,0,11.4,5.735,Medium(101-150),0,0,0,0,0,0
M,299.7,311.2,1560,43.9,126,0,0,0,0,0,0,1,11.5,7.1711,Medium(101-150),0,0,0,0,0,0
L,299.6,311.1,1679,30.7,129,0,0,0,0,0,0,0,11.5,5.3974,Medium(101-150),0,0,0,0,0,0
L,299.6,311.1,1521,37.2,131,0,0,0,0,0,0,0,11.5,5.9247,Medium(101-150),0,0,0,0,0,0
M,299.6,311.1,1649,33.8,133,0,0,0,0,0,0,1,11.5,5.8363,Medium(101-150),0,0,0,0,0,0
M,299.5,311.0,1451,43.3,136,0,0,0,0,0,0,1,11.5,6.5789,Medium(101-150),0,0,0,0,0,0
L,299.4,310.8,1391,48.9,139,0,0,0,0,0,0,0,11.4,7.1225,Medium(101-150),0,1,1,1,0,0
M,299.3,310.8,1523,40.9,141,0,0,0,0,0,0,1,11.5,6.5226,Medium(101-150),0,0,0,0,0,0
L,299.3,310.7,1495,39.2,144,0,0,0,0,0,0,0,11.4,6.1365,Medium(101-150),0,0,0,0,0,0
M,299.3,310.7,1440,45.5,146,0,0,0,0,0,0,1,11.4,6.8607,Medium(101-150),0,0,0,0,0,0
H,299.4,310.8,1585,31.4,149,0,0,0,0,0,0,2,11.4,5.2114,Medium(101-150),0,0,0,0,0,0
L,299.5,310.8,1374,48.3,154,0,0,0,0,0,0,0,11.3,6.9491,High(151-200),0,1,1,1,0,0
M,299.5,310.8,1507,40.2,156,0,0,0,0,0,0,1,11.3,6.3436,High(151-200),0,0,0,0,0,0
M,299.5,310.9,1577,34.6,159,0,0,0,0,0,0,1,11.4,5.7135,High(151-200),0,0,0,0,0,0
L,299.5,310.9,1496,38.5,162,0,0,0,0,0,0,0,11.4,6.031,High(151-200),0,0,0,0,0,0
L,299.6,310.9,1487,42.5,164,0,0,0,0,0,0,0,11.3,6.6175,High(151-200),0,0,0,0,0,0
L,299.6,310.9,1853,26.3,166,0,0,0,0,0,0,0,11.3,5.103,High(151-200),0,0,0,0,0,0
M,299.7,311.0,1435,50.1,168,0,0,0,0,0,0,1,11.3,7.5281,High(151-200),0,1,0,0,0,0
M,299.8,311.1,1763,25.5,171,0,0,0,0,0,0,1,11.3,4.7075,High(151-200),0,0,0,0,0,0
L,299.8,311.1,1820,24.9,174,0,0,0,0,0,0,0,11.3,4.7453,High(151-200),0,0,0,0,0,0
M,299.8,311.1,1498,38.1,176,0,0,0,0,0,0,1,11.3,5.9763,High(151-200),0,0,0,0,0,0
L,299.8,311.1,1603,35.1,179,0,0,0,0,0,0,0,11.3,5.8917,High(151-200),0,0,0,0,0,0
L,299.8,311.1,1412,42.5,181,0,0,0,0,0,0,0,11.3,6.2838,High(151-200),0,0,1,0,0,0
L,299.8,311.1,1588,38.0,183,0,0,0,0,0,0,0,11.3,6.3187,High(151-200),0,0,0,0,0,0
M,299.8,311.0,1948,20.0,185,0,0,0,0,0,0,1,11.2,4.0796,High(151-200),0,0,0,0,0,0
L,299.7,310.9,1384,48.2,188,0,0,0,0,0,0,0,11.2,6.9852,High(151-200),0,1,1,1,0,0
L,299.7,310.8,1589,36.0,190,0,0,0,0,0,0,0,11.1,5.9899,High(151-200),0,0,0,0,0,0
M,299.7,310.8,1405,47.6,192,0,0,0,0,0,0,1,11.1,7.0029,High(151-200),0,1,1,1,0,0
L,299.7,310.9,1491,40.1,195,0,0,0,0,0,0,0,11.2,6.2606,High(151-200),0,0,0,0,0,0
H,299.7,310.8,1418,46.6,197,0,0,0,0,0,0,2,11.1,6.9192,High(151-200),0,0,1,0,0,0
M,299.6,310.8,1603,35.4,202,0,0,0,0,0,0,1,11.2,5.942,Critical(>200),1,0,0,0,0,0
L,299.6,310.7,1922,23.3,205,1,1,0,0,0,0,0,11.1,4.6893,Critical(>200),1,0,0,0,0,1
M,299.5,310.7,1364,49.5,0,0,0,0,0,0,0,1,11.2,7.0699,Fresh(0-50),0,1,1,1,0,0
L,299.4,310.7,1551,41.2,3,0,0,0,0,0,0,0,11.3,6.6912,Fresh(0-50),0,0,0,0,0,0
L,299.5,310.7,1589,33.5,5,0,0,0,0,0,0,0,11.2,5.574,Fresh(0-50),0,0,0,0,0,0
M,299.5,310.7,1423,56.5,7,0,0,0,0,0,0,1,11.2,8.4188,Fresh(0-50),0,1,0,0,0,0
L,299.4,310.6,1418,53.1,10,0,0,0,0,0,0,0,11.2,7.8844,Fresh(0-50),0,1,1,1,0,0
M,299.3,310.5,1404,47.5,12,0,0,0,0,0,0,1,11.2,6.9832,Fresh(0-50),0,1,1,1,0,0
L,299.3,310.5,1281,59.8,15,0,0,0,0,0,0,0,11.2,8.0213,Fresh(0-50),0,1,1,1,0,0
L,299.3,310.5,1529,41.3,17,0,0,0,0,0,0,0,11.2,6.6123,Fresh(0-50),0,0,0,0,0,0
M,299.3,310.5,1563,42.1,19,0,0,0,0,0,0,1,11.2,6.8903,Fresh(0-50),0,0,0,0,0,0
L,299.4,310.6,1348,54.5,22,0,0,0,0,0,0,0,11.2,7.6928,Fresh(0-50),0,1,1,1,0,0
M,299.3,310.5,1462,40.5,24,0,0,0,0,0,0,1,11.2,6.2001,Fresh(0-50),0,0,0,0,0,0
H,299.3,310.4,1510,45.5,27,0,0,0,0,0,0,2,11.1,7.1942,Fresh(0-50),0,0,0,0,0,0
L,299.2,310.4,1472,43.3,32,0,0,0,0,0,0,0,11.2,6.6741,Fresh(0-50),0,0,0,0,0,0
M,299.2,310.4,1325,52.0,34,0,0,0,0,0,0,1,11.2,7.2147,Fresh(0-50),0,1,1,1,0,0
L,299.2,310.4,1570,37.3,37,0,0,0,0,0,0,0,11.2,6.132,Fresh(0-50),0,0,0,0,0,0
L,299.2,310.4,1379,46.8,39,0,0,0,0,0,0,0,11.2,6.7578,Fresh(0-50),0,0,1,0,0,0
L,299.1,310.2,1352,52.8,41,0,0,0,0,0,0,0,11.1,7.4749,Fresh(0-50),0,1,1,1,0,0
L,299.1,310.3,1727,28.7,43,0,0,0,0,0,0,0,11.2,5.19,Fresh(0-50),0,0,0,0,0,0
H,299.0,310.1,1432,50.0,45,0,0,0,0,0,0,2,11.1,7.4974,Fresh(0-50),0,1,0,0,0,0
L,298.9,310.1,1466,43.4,50,0,0,0,0,0,0,0,11.2,6.6622,Fresh(0-50),0,0,0,0,0,0
L,298.9,310.1,1510,38.0,52,0,0,0,0,0,0,0,11.2,6.0084,Low(51-100),0,0,0,0,0,0
L,299.0,310.2,1490,41.1,54,0,0,0,0,0,0,0,11.2,6.4125,Low(51-100),0,0,0,0,0,0
L,299.0,310.1,1463,37.4,56,0,0,0,0,0,0,0,11.1,5.7294,Low(51-100),0,0,0,0,0,0
M,298.9,310.0,1561,45.3,58,0,0,0,0,0,0,1,11.1,7.4045,Low(51-100),0,0,0,0,0,0
L,298.9,310.1,2109,18.0,61,0,0,0,0,0,0,0,11.2,3.9751,Low(51-100),0,0,0,0,0,0
L,298.9,310.2,1705,32.5,63,0,0,0,0,0,0,0,11.3,5.8024,Low(51-100),0,0,0,0,0,0
M,298.9,310.1,1549,40.2,65,0,0,0,0,0,0,1,11.2,6.5204,Low(51-100),0,0,0,0,0,0
H,299.0,310.2,1637,38.0,68,0,0,0,0,0,0,2,11.2,6.5137,Low(51-100),0,0,0,0,0,0
M,298.9,310.1,1484,37.9,73,0,0,0,0,0,0,1,11.2,5.8894,Low(51-100),0,0,0,0,0,0
L,298.9,310.1,1401,44.4,76,0,0,0,0,0,0,0,11.2,6.5135,Low(51-100),0,0,1,0,0,0
L,298.9,310.1,1571,36.8,78,0,0,0,0,0,0,0,11.2,6.0537,Low(51-100),0,0,0,0,0,0
M,298.9,310.1,1513,41.5,80,0,0,0,0,0,0,1,11.2,6.5748,Low(51-100),0,0,0,0,0,0
L,299.0,310.1,1470,40.3,83,0,0,0,0,0,0,0,11.1,6.2032,Low(51-100),0,0,0,0,0,0
L,299.0,310.1,1505,41.3,85,0,0,0,0,0,0,0,11.1,6.5085,Low(51-100),0,0,0,0,0,0
L,299.0,310.2,1432,42.2,87,0,0,0,0,0,0,0,11.2,6.3278,Low(51-100),0,0,0,0,0,0
M,299.0,310.2,1625,31.8,89,0,0,0,0,0,0,1,11.2,5.411,Low(51-100),0,0,0,0,0,0
L,299.0,310.2,1377,62.5,92,1,0,0,1,0,0,0,11.2,9.0118,Low(51-100),0,1,1,1,0,1
M,299.1,310.3,1441,43.9,94,0,0,0,0,0,0,1,11.2,6.6241,Low(51-100),0,0,0,0,0,0
M,299.0,310.2,1564,39.9,97,0,0,0,0,0,0,1,11.2,6.5344,Low(51-100),0,0,0,0,0,0
L,298.9,310.1,1580,37.3,100,0,0,0,0,0,0,0,11.2,6.1711,Low(51-100),0,0,0,0,0,0
L,299.0,310.2,1516,35.3,102,0,0,0,0,0,0,0,11.2,5.6036,Medium(101-150),0,0,0,0,0,0
L,299.0,310.1,1447,42.8,104,0,0,0,0,0,0,0,11.1,6.485,Medium(101-150),0,0,0,0,0,0
M,298.9,310.0,1323,52.9,106,0,0,0,0,0,0,1,11.1,7.3285,Medium(101-150),0,1,1,1,0,0
L,298.9,310.0,1470,45.9,109,0,0,0,0,0,0,0,11.1,7.0652,Medium(101-150),0,0,0,0,0,0
M,299.0,310.0,2049,19.5,111,0,0,0,0,0,0,1,11.0,4.1838,Medium(101-150),0,0,0,0,0,0
L,298.9,310.0,1794,27.2,114,0,0,0,0,0,0,0,11.1,5.1096,Medium(101-150),0,0,0,0,0,0
L,298.9,310.1,1356,47.8,116,0,0,0,0,0,0,0,11.2,6.7871,Medium(101-150),0,1,1,1,0,0
H,299.0,310.1,1555,38.6,118,0,0,0,0,0,0,2,11.1,6.2851,Medium(101-150),0,0,0,0,0,0
M,299.0,310.1,1487,47.5,123,0,0,0,0,0,0,1,11.1,7.3961,Medium(101-150),0,1,0,0,0,0
M,299.0,310.0,1341,58.9,126,0,0,0,0,0,0,1,11.0,8.2707,Medium(101-150),0,1,1,1,0,0
M,298.9,310.0,1487,36.6,129,0,0,0,0,0,0,1,11.1,5.6989,Medium(101-150),0,0,0,0,0,0
H,299.0,310.0,1569,34.3,132,0,0,0,0,0,0,2,11.0,5.6353,Medium(101-150),0,0,0,0,0,0
H,299.0,310.1,2053,19.7,137,0,0,0,0,0,0,2,11.1,4.235,Medium(101-150),0,0,0,0,0,0
L,299.0,310.1,1583,35.8,142,0,0,0,0,0,0,0,11.1,5.9342,Medium(101-150),0,0,0,0,0,0
L,299.0,310.0,1672,33.2,144,0,0,0,0,0,0,0,11.0,5.8126,Medium(101-150),0,0,0,0,0,0
M,299.0,310.0,1337,57.4,146,0,0,0,0,0,0,1,11.0,8.036,Medium(101-150),0,1,1,1,0,0
H,299.1,310.1,1421,41.2,149,0,0,0,0,0,0,2,11.0,6.1304,Medium(101-150),0,0,1,0,0,0
L,299.1,310.2,1425,52.7,154,0,0,0,0,0,0,0,11.1,7.8636,High(151-200),0,1,0,0,0,0
L,299.2,310.2,1609,33.2,156,0,0,0,0,0,0,0,11.0,5.5936,High(151-200),0,0,0,0,0,0
L,299.2,310.3,1507,41.3,158,0,0,0,0,0,0,0,11.1,6.5172,High(151-200),0,0,0,0,0,0
L,299.2,310.3,1463,38.9,160,0,0,0,0,0,0,0,11.1,5.9592,High(151-200),0,0,0,0,0,0
H,299.3,310.4,1393,44.9,162,0,0,0,0,0,0,2,11.1,6.5493,High(151-200),0,0,1,0,0,0
L,299.3,310.4,1725,26.8,167,0,0,0,0,0,0,0,11.1,4.8408,High(151-200),0,0,0,0,0,0
L,299.4,310.5,1514,36.1,169,0,0,0,0,0,0,0,11.1,5.7231,High(151-200),0,0,0,0,0,0
L,299.3,310.4,1365,53.9,171,0,0,0,0,0,0,0,11.1,7.704,High(151-200),0,1,1,1,0,0
L,299.4,310.5,1372,46.3,173,0,0,0,0,0,0,0,11.1,6.6517,High(151-200),0,0,1,0,0,0
L,299.4,310.4,1509,40.6,175,0,0,0,0,0,0,0,11.0,6.4152,High(151-200),0,0,0,0,0,0
L,299.3,310.4,1629,32.6,177,0,0,0,0,0,0,0,11.1,5.5608,High(151-200),0,0,0,0,0,0
L,299.4,310.5,1749,28.1,179,0,0,0,0,0,0,0,11.1,5.1463,High(151-200),0,0,0,0,0,0
L,299.4,310.4,1582,31.7,181,0,0,0,0,0,0,0,11.0,5.2512,High(151-200),0,0,0,0,0,0
L,299.2,310.2,1458,47.0,183,0,0,0,0,0,0,0,11.0,7.1755,High(151-200),0,1,0,0,0,0
L,299.1,310.1,1416,41.2,185,0,0,0,0,0,0,0,11.0,6.1088,High(151-200),0,0,1,0,0,0
H,299.1,310.0,1657,33.1,187,0,0,0,0,0,0,2,10.9,5.7431,High(151-200),0,0,0,0,0,0
M,299.1,310.0,1437,41.1,192,0,0,0,0,0,0,1,10.9,6.1844,High(151-200),0,0,0,0,0,0
M,299.1,310.0,1580,36.0,195,0,0,0,0,0,0,1,10.9,5.956,High(151-200),0,0,0,0,0,0
M,299.0,310.0,1488,46.3,198,0,0,0,0,0,0,1,11.0,7.2141,High(151-200),0,0,0,0,0,0
L,299.0,309.9,1373,55.7,201,1,0,0,0,1,0,0,10.9,8.008,Critical(>200),1,1,1,1,0,1
L,299.1,310.0,1367,56.3,203,1,0,0,0,1,0,0,10.9,8.0589,Critical(>200),1,1,1,1,0,1
H,299.1,310.0,1431,49.5,205,0,0,0,0,0,0,2,10.9,7.4172,Critical(>200),1,1,0,0,0,0
L,299.0,310.1,1623,33.0,210,0,0,0,0,0,0,0,11.1,5.6083,Critical(>200),1,0,0,0,0,0
L,299.0,310.0,1484,39.6,212,0,0,0,0,0,0,0,11.0,6.1535,Critical(>200),1,0,0,0,0,0
L,299.0,309.9,1548,34.5,214,0,0,0,0,0,0,0,10.9,5.5923,Critical(>200),1,0,0,0,0,0
L,298.9,309.8,1287,61.9,216,1,0,0,0,1,0,0,10.9,8.3419,Critical(>200),1,1,1,1,0,1
M,298.9,309.8,1392,43.1,218,0,0,0,0,0,0,1,10.9,6.2822,Critical(>200),1,0,1,0,0,0
H,299.0,310.0,1458,44.9,221,0,0,0,0,0,0,2,11.0,6.8549,Critical(>200),1,0,0,0,0,0
M,299.1,310.1,1570,30.9,226,0,0,0,0,0,0,1,11.0,5.0799,Critical(>200),1,0,0,0,0,0
L,299.1,310.1,1435,48.8,229,1,0,0,0,1,0,0,11.0,7.3328,Critical(>200),1,1,0,0,0,1
L,299.1,310.2,1317,54.8,231,1,0,0,0,1,0,0,11.1,7.5572,Critical(>200),1,1,1,1,0,1
L,299.2,310.3,1610,33.3,233,0,0,0,0,0,0,0,11.1,5.6139,Critical(>200),1,0,0,0,0,0
M,299.1,310.3,1838,24.0,235,0,0,0,0,0,0,1,11.2,4.6191,Critical(>200),1,0,0,0,0,0
L,299.2,310.3,1352,48.9,238,1,0,0,0,1,0,0,11.1,6.9228,Critical(>200),1,1,1,1,0,1
L,299.1,310.3,1619,35.2,240,0,0,0,0,0,0,0,11.2,5.9674,Critical(>200),1,0,0,0,0,0
L,299.1,310.3,1619,31.1,242,0,0,0,0,0,0,0,11.2,5.2723,Critical(>200),1,0,0,0,0,0
L,299.0,310.2,1690,30.7,244,0,0,0,0,0,0,0,11.2,5.4328,Critical(>200),1,0,0,0,0,0
L,299.0,310.2,1412,44.1,246,0,0,0,0,0,0,0,11.2,6.5203,Critical(>200),1,0,1,0,0,0
H,299.0,310.2,1744,31.5,0,0,0,0,0,0,0,2,11.2,5.7525,Fresh(0-50),0,0,0,0,0,0
M,299.0,310.1,1593,35.4,5,0,0,0,0,0,0,1,11.1,5.9049,Fresh(0-50),0,0,0,0,0,0
L,299.1,310.2,1695,29.6,8,0,0,0,0,0,0,0,11.1,5.2536,Fresh(0-50),0,0,0,0,0,0
M,299.0,310.2,1298,57.2,10,0,0,0,0,0,0,1,11.2,7.7744,Fresh(0-50),0,1,1,1,0,0
L,299.0,310.1,1886,21.2,13,0,0,0,0,0,0,0,11.1,4.1867,Fresh(0-50),0,0,0,0,0,0
L,299.0,310.1,2033,19.3,15,0,0,0,0,0,0,0,11.1,4.1086,Fresh(0-50),0,0,0,0,0,0
M,299.1,310.2,1711,28.1,17,0,0,0,0,0,0,1,11.1,5.0345,Fresh(0-50),0,0,0,0,0,0
L,299.1,310.2,1598,33.4,20,0,0,0,0,0,0,0,11.1,5.5888,Fresh(0-50),0,0,0,0,0,0
L,299.1,310.1,1894,24.2,22,0,0,0,0,0,0,0,11.0,4.7995,Fresh(0-50),0,0,0,0,0,0
M,299.1,310.1,1412,44.4,24,0,0,0,0,0,0,1,11.0,6.5647,Fresh(0-50),0,0,1,0,0,0
L,299.1,310.0,1394,46.6,27,0,0,0,0,0,0,0,10.9,6.8021,Fresh(0-50),0,0,1,0,0,0
M,299.0,310.0,1338,56.4,29,0,0,0,0,0,0,1,11.0,7.9019,Fresh(0-50),0,1,1,1,0,0
H,298.9,309.9,1376,51.0,32,0,0,0,0,0,0,2,11.0,7.3483,Fresh(0-50),0,1,1,1,0,0
L,299.0,310.0,1360,48.1,37,0,0,0,0,0,0,0,11.0,6.8498,Fresh(0-50),0,1,1,1,0,0
L,299.1,310.1,1486,40.7,39,0,0,0,0,0,0,0,11.0,6.333,Fresh(0-50),0,0,0,0,0,0
M,299.1,310.1,1649,31.6,41,0,0,0,0,0,0,1,11.0,5.4564,Fresh(0-50),0,0,0,0,0,0
L,299.1,310.1,1367,45.6,44,0,0,0,0,0,0,0,11.0,6.5272,Fresh(0-50),0,0,1,0,0,0
L,299.0,310.1,1362,59.5,46,0,0,0,0,0,0,0,11.1,8.4858,Fresh(0-50),0,1,1,1,0,0
M,298.9,310.0,1520,35.6,48,0,0,0,0,0,0,1,11.1,5.6662,Fresh(0-50),0,0,0,0,0,0
L,299.0,310.0,1582,31.9,51,0,0,0,0,0,0,0,11.0,5.2844,Low(51-100),0,0,0,0,0,0
M,299.0,310.0,1667,30.0,53,0,0,0,0,0,0,1,11.0,5.2366,Low(51-100),0,0,0,0,0,0
L,298.9,310.0,1693,28.8,56,0,0,0,0,0,0,0,11.1,5.1056,Low(51-100),0,0,0,0,0,0
L,298.9,310.0,1559,33.4,58,0,0,0,0,0,0,0,11.1,5.4524,Low(51-100),0,0,0,0,0,0
L,298.9,309.9,1592,32.0,60,0,0,0,0,0,0,0,11.0,5.3345,Low(51-100),0,0,0,0,0,0
L,298.9,309.9,1404,39.8,62,0,0,0,0,0,0,0,11.0,5.8512,Low(51-100),0,0,1,0,0,0
M,298.8,309.8,1413,45.5,64,0,0,0,0,0,0,1,11.0,6.7321,Low(51-100),0,0,1,0,0,0
L,298.8,309.8,1663,28.2,67,0,0,0,0,0,0,0,11.0,4.9106,Low(51-100),0,0,0,0,0,0
L,298.8,309.8,1508,36.3,69,0,0,0,0,0,0,0,11.0,5.732,Low(51-100),0,0,0,0,0,0
M,298.9,309.8,1353,53.7,71,0,0,0,0,0,0,1,10.9,7.608,Low(51-100),0,1,1,1,0,0
L,298.8,309.8,1485,42.4,74,0,0,0,0,0,0,0,11.0,6.5931,Low(51-100),0,0,0,0,0,0
L,298.9,310.0,1633,31.2,76,0,0,0,0,0,0,0,11.1,5.335,Low(51-100),0,0,0,0,0,0
L,298.9,310.0,1422,43.6,78,0,0,0,0,0,0,0,11.1,6.4921,Low(51-100),0,0,1,0,0,0
L,298.9,310.1,1577,41.4,80,0,0,0,0,0,0,0,11.2,6.8364,Low(51-100),0,0,0,0,0,0
L,298.9,310.0,1482,41.1,82,0,0,0,0,0,0,0,11.1,6.378,Low(51-100),0,0,0,0,0,0
M,299.0,310.1,1705,30.1,84,0,0,0,0,0,0,1,11.1,5.3739,Low(51-100),0,0,0,0,0,0
L,299.0,310.1,1699,32.9,87,0,0,0,0,0,0,0,11.1,5.8531,Low(51-100),0,0,0,0,0,0
L,299.0,310.1,1664,29.7,89,0,0,0,0,0,0,0,11.1,5.175,Low(51-100),0,0,0,0,0,0
M,299.0,310.0,1486,34.6,91,0,0,0,0,0,0,1,11.0,5.3838,Low(51-100),0,0,0,0,0,0
L,299.1,310.1,1336,61.3,94,0,0,0,0,0,0,0,11.0,8.5756,Low(51-100),0,1,1,1,0,0
H,299.1,310.1,1429,42.9,96,0,0,0,0,0,0,2,11.0,6.4193,Low(51-100),0,0,0,0,0,0
M,299.1,310.2,1456,48.4,101,0,0,0,0,0,0,1,11.1,7.3791,Medium(101-150),0,1,0,0,0,0
L,299.1,310.2,1496,45.0,104,0,0,0,0,0,0,0,11.1,7.0492,Medium(101-150),0,0,0,0,0,0
L,299.1,310.1,1894,20.1,106,0,0,0,0,0,0,0,11.0,3.9863,Medium(101-150),0,0,0,0,0,0
L,299.1,310.1,1373,55.6,108,0,0,0,0,0,0,0,11.0,7.9936,Medium(101-150),0,1,1,1,0,0
H,299.0,310.0,1387,45.2,110,0,0,0,0,0,0,2,11.0,6.5646,Medium(101-150),0,0,1,0,0,0
L,298.9,309.9,1500,44.2,115,0,0,0,0,0,0,0,11.0,6.9424,Medium(101-150),0,0,0,0,0,0
L,298.9,309.9,1517,36.6,117,0,0,0,0,0,0,0,11.0,5.8138,Medium(101-150),0,0,0,0,0,0
L,298.9,309.9,1309,56.2,119,0,0,0,0,0,0,0,11.0,7.7032,Medium(101-150),0,1,1,1,0,0
M,298.9,309.9,1357,54.5,121,0,0,0,0,0,0,1,11.0,7.7441,Medium(101-150),0,1,1,1,0,0
L,298.8,309.8,1490,40.6,124,0,0,0,0,0,0,0,11.0,6.3345,Medium(101-150),0,0,0,0,0,0
H,298.8,309.8,1911,21.6,126,0,0,0,0,0,0,2,11.0,4.3223,Medium(101-150),0,0,0,0,0,0
L,298.8,309.8,1599,33.6,131,0,0,0,0,0,0,0,11.0,5.6258,Medium(101-150),0,0,0,0,0,0
M,298.8,309.7,2098,19.0,133,0,0,0,0,0,0,1,10.9,4.174,Medium(101-150),0,0,0,0,0,0
M,298.7,309.7,1629,27.9,136,0,0,0,0,0,0,1,11.0,4.7591,Medium(101-150),0,0,0,0,0,0
L,298.8,309.8,1557,37.2,139,0,0,0,0,0,0,0,11.0,6.065,Medium(101-150),0,0,0,0,0,0
L,298.8,309.8,1461,39.4,141,0,0,0,0,0,0,0,11.0,6.0276,Medium(101-150),0,0,0,0,0,0
L,298.8,309.8,1563,33.7,143,0,0,0,0,0,0,0,11.0,5.5155,Medium(101-150),0,0,0,0,0,0
L,298.7,309.8,1695,29.0,145,0,0,0,0,0,0,0,11.1,5.1471,Medium(101-150),0,0,0,0,0,0
L,298.8,310.0,1528,36.7,147,0,0,0,0,0,0,0,11.2,5.872,Medium(101-150),0,0,0,0,0,0
L,298.8,310.0,1389,49.6,149,0,0,0,0,0,0,0,11.2,7.2141,Medium(101-150),0,1,1,1,0,0
L,298.9,310.0,2231,17.4,151,0,0,0,0,0,0,0,11.1,4.0649,High(151-200),0,0,0,0,0,0
M,298.9,310.1,1442,42.9,153,0,0,0,0,0,0,1,11.2,6.4777,High(151-200),0,0,0,0,0,0
H,298.9,310.1,1458,44.3,156,0,0,0,0,0,0,2,11.2,6.7633,High(151-200),0,0,0,0,0,0
L,299.0,310.1,1444,47.7,161,0,0,0,0,0,0,0,11.1,7.2124,High(151-200),0,1,0,0,0,0
M,298.9,310.0,1348,58.2,163,0,0,0,0,0,0,1,11.1,8.215,High(151-200),0,1,1,1,0,0
L,298.9,310.0,1791,27.6,166,0,0,0,0,0,0,0,11.1,5.1761,High(151-200),0,0,0,0,0,0
L,299.0,310.0,1509,38.0,168,0,0,0,0,0,0,0,11.0,6.0044,High(151-200),0,0,0,0,0,0
L,298.9,310.0,1515,42.9,170,0,0,0,0,0,0,0,11.1,6.8056,High(151-200),0,0,0,0,0,0
M,298.9,310.1,1655,31.5,172,0,0,0,0,0,0,1,11.2,5.4589,High(151-200),0,0,0,0,0,0
L,298.9,310.1,1495,42.9,175,0,0,0,0,0,0,0,11.2,6.7158,High(151-200),0,0,0,0,0,0
L,298.9,310.2,1623,37.2,177,0,0,0,0,0,0,0,11.3,6.3221,High(151-200),0,0,0,0,0,0
L,298.9,310.2,1562,42.5,179,0,0,0,0,0,0,0,11.3,6.9513,High(151-200),0,0,0,0,0,0
L,298.8,310.1,1574,36.2,181,0,0,0,0,0,0,0,11.3,5.9664,High(151-200),0,0,0,0,0,0
L,298.8,310.0,1611,32.4,183,0,0,0,0,0,0,0,11.2,5.4656,High(151-200),0,0,0,0,0,0
L,298.8,310.0,1403,45.6,185,0,0,0,0,0,0,0,11.2,6.6991,High(151-200),0,0,1,0,0,0
L,298.8,310.1,1481,47.4,187,0,0,0,0,0,0,0,11.3,7.3507,High(151-200),0,1,0,0,0,0
M,298.9,310.1,1441,41.2,189,0,0,0,0,0,0,1,11.2,6.2167,High(151-200),0,0,0,0,0,0
H,298.8,310.1,1483,45.4,192,0,0,0,0,0,0,2,11.3,7.0501,High(151-200),0,0,0,0,0,0
L,298.7,310.0,1555,32.6,197,0,0,0,0,0,0,0,11.3,5.3082,High(151-200),0,0,0,0,0,0
L,298.6,309.9,1615,28.8,199,0,0,0,0,0,0,0,11.3,4.8704,High(151-200),0,0,0,0,0,0
L,298.6,309.8,1561,32.6,201,0,0,0,0,0,0,0,11.2,5.3286,Critical(>200),1,0,0,0,0,0
L,298.5,309.8,1593,35.1,203,0,0,0,0,0,0,0,11.3,5.8549,Critical(>200),1,0,0,0,0,0
M,298.5,309.7,1552,34.0,205,0,0,0,0,0,0,1,11.2,5.5254,Critical(>200),1,0,0,0,0,0
H,298.5,309.7,1561,35.3,208,0,0,0,0,0,0,2,11.2,5.77,Critical(>200),1,0,0,0,0,0
L,298.6,309.8,1597,35.9,213,0,0,0,0,0,0,0,11.2,6.0034,Critical(>200),1,0,0,0,0,0
M,298.6,309.9,1517,34.0,215,0,0,0,0,0,0,1,11.3,5.4008,Critical(>200),1,0,0,0,0,0
L,298.6,309.8,2271,16.2,218,1,1,0,0,0,0,0,11.2,3.8524,Critical(>200),1,0,0,0,0,1
L,298.5,309.7,1613,36.7,0,0,0,0,0,0,0,0,11.2,6.1986,Fresh(0-50),0,0,0,0,0,0
M,298.5,309.6,1509,47.3,2,0,0,0,0,0,0,1,11.1,7.4739,Fresh(0-50),0,1,0,0,0,0
L,298.6,309.7,1703,26.1,5,0,0,0,0,0,0,0,11.1,4.6543,Fresh(0-50),0,0,0,0,0,0
L,298.6,309.7,1925,22.1,7,0,0,0,0,0,0,0,11.1,4.4547,Fresh(0-50),0,0,0,0,0,0
M,298.6,309.6,1635,29.7,9,0,0,0,0,0,0,1,11.0,5.0848,Fresh(0-50),0,0,0,0,0,0
L,298.5,309.5,1294,66.7,12,1,0,0,1,0,0,0,11.0,9.0377,Fresh(0-50),0,1,1,1,0,1
L,298.6,309.6,1472,39.1,14,0,0,0,0,0,0,0,11.0,6.0267,Fresh(0-50),0,0,0,0,0,0
H,298.6,309.6,1449,42.5,16,0,0,0,0,0,0,2,11.0,6.4484,Fresh(0-50),0,0,0,0,0,0
L,298.6,309.6,1563,35.0,21,0,0,0,0,0,0,0,11.0,5.7283,Fresh(0-50),0,0,0,0,0,0
L,298.6,309.6,1611,35.7,23,0,0,0,0,0,0,0,11.0,6.0223,Fresh(0-50),0,0,0,0,0,0
L,298.6,309.6,1386,48.6,25,0,0,0,0,0,0,0,11.0,7.0534,Fresh(0-50),0,1,1,1,0,0
H,298.6,309.5,1584,31.8,27,0,0,0,0,0,0,2,10.9,5.2745,Fresh(0-50),0,0,0,0,0,0
M,298.7,309.6,1424,50.4,32,0,0,0,0,0,0,1,10.9,7.5151,Fresh(0-50),0,1,0,0,0,0
L,298.5,309.5,1561,34.8,35,0,0,0,0,0,0,0,11.0,5.6883,Fresh(0-50),0,0,0,0,0,0
L,298.5,309.4,1560,37.9,37,0,0,0,0,0,0,0,10.9,6.191,Fresh(0-50),0,0,0,0,0,0
H,298.6,309.5,1375,41.0,39,0,0,0,0,0,0,2,10.9,5.9031,Fresh(0-50),0,0,1,0,0,0
M,298.6,309.5,1684,27.8,44,0,0,0,0,0,0,1,10.9,4.9021,Fresh(0-50),0,0,0,0,0,0
M,298.6,309.6,1397,54.1,47,0,0,0,0,0,0,1,11.0,7.9139,Fresh(0-50),0,1,1,1,0,0
L,298.6,309.6,1387,57.6,50,0,0,0,0,0,0,0,11.0,8.3656,Fresh(0-50),0,1,1,1,0,0
H,298.7,309.7,1311,54.5,52,0,0,0,0,0,0,2,11.0,7.4816,Low(51-100),0,1,1,1,0,0
L,298.8,309.8,1509,36.2,57,0,0,0,0,0,0,0,11.0,5.72,Low(51-100),0,0,0,0,0,0
M,298.8,309.8,1477,46.7,59,0,0,0,0,0,0,1,11.0,7.2226,Low(51-100),0,0,0,0,0,0
L,298.8,309.9,1441,41.6,62,0,0,0,0,0,0,0,11.1,6.277,Low(51-100),0,0,0,0,0,0
L,298.7,309.9,1404,47.1,64,0,0,0,0,0,0,0,11.2,6.9244,Low(51-100),0,1,1,1,0,0
H,298.8,309.9,1466,44.6,66,0,0,0,0,0,0,2,11.1,6.8465,Low(51-100),0,0,0,0,0,0
M,298.7,309.8,1435,48.8,71,0,0,0,0,0,0,1,11.1,7.3328,Low(51-100),0,1,0,0,0,0
H,298.7,309.7,1697,29.8,74,0,0,0,0,0,0,2,11.0,5.2954,Low(51-100),0,0,0,0,0,0
M,298.7,309.6,1738,27.3,79,0,0,0,0,0,0,1,10.9,4.9683,Low(51-100),0,0,0,0,0,0
H,298.6,309.5,1420,50.4,82,0,0,0,0,0,0,2,10.9,7.494,Low(51-100),0,1,1,1,0,0
M,298.5,309.5,1535,39.8,87,0,0,0,0,0,0,1,11.0,6.3972,Low(51-100),0,0,0,0,0,0
L,298.6,309.6,1715,28.4,90,0,0,0,0,0,0,0,11.0,5.1001,Low(51-100),0,0,0,0,0,0
L,298.6,309.5,1483,43.2,92,0,0,0,0,0,0,0,10.9,6.7084,Low(51-100),0,0,0,0,0,0
M,298.5,309.4,1521,37.5,94,0,0,0,0,0,0,1,10.9,5.9725,Low(51-100),0,0,0,0,0,0
H,298.5,309.4,1573,36.0,97,0,0,0,0,0,0,2,10.9,5.9296,Low(51-100),0,0,0,0,0,0
H,298.5,309.4,1414,46.7,102,0,0,0,0,0,0,2,10.9,6.9145,Medium(101-150),0,0,1,0,0,0
L,298.5,309.3,1590,33.9,107,0,0,0,0,0,0,0,10.8,5.6441,Medium(101-150),0,0,0,0,0,0
L,298.5,309.3,1623,33.1,109,0,0,0,0,0,0,0,10.8,5.6253,Medium(101-150),0,0,0,0,0,0
H,298.4,309.3,1694,30.9,111,0,0,0,0,0,0,2,10.9,5.4811,Medium(101-150),0,0,0,0,0,0
M,298.4,309.2,1597,33.5,116,0,0,0,0,0,0,1,10.8,5.602,Medium(101-150),0,0,0,0,0,0
L,298.5,309.3,1471,44.7,119,0,0,0,0,0,0,0,10.8,6.8852,Medium(101-150),0,0,0,0,0,0
M,298.5,309.3,1551,34.7,121,0,0,0,0,0,0,1,10.8,5.6356,Medium(101-150),0,0,0,0,0,0
H,298.5,309.3,1421,50.3,124,0,0,0,0,0,0,2,10.8,7.4844,Medium(101-150),0,1,1,1,0,0
M,298.4,309.3,1496,45.6,129,0,0,0,0,0,0,1,10.9,7.1432,Medium(101-150),0,0,0,0,0,0
H,298.4,309.3,1984,19.2,132,0,0,0,0,0,0,2,10.9,3.9888,Medium(101-150),0,0,0,0,0,0
L,298.4,309.2,1692,29.8,137,0,0,0,0,0,0,0,10.8,5.2797,Medium(101-150),0,0,0,0,0,0
L,298.4,309.1,1467,42.5,139,0,0,0,0,0,0,0,10.7,6.5285,Medium(101-150),0,0,0,0,0,0
L,298.4,309.2,1651,28.5,141,0,0,0,0,0,0,0,10.8,4.9271,Medium(101-150),0,0,0,0,0,0
L,298.3,309.1,1417,60.5,143,0,0,0,0,0,0,0,10.8,8.9768,Medium(101-150),0,1,1,1,0,0
L,298.2,309.0,1413,55.0,145,0,0,0,0,0,0,0,10.8,8.1377,Medium(101-150),0,1,1,1,0,0
M,298.2,309.0,1441,44.2,147,0,0,0,0,0,0,1,10.8,6.6693,Medium(101-150),0,0,0,0,0,0
M,298.2,309.0,1353,50.3,150,0,0,0,0,0,0,1,10.8,7.1263,Medium(101-150),0,1,1,1,0,0
L,298.1,309.0,1502,40.9,153,0,0,0,0,0,0,0,10.9,6.4326,High(151-200),0,0,0,0,0,0
L,298.2,309.0,1610,31.7,155,0,0,0,0,0,0,0,10.8,5.3442,High(151-200),0,0,0,0,0,0
M,298.2,309.1,1411,45.8,157,0,0,0,0,0,0,1,10.9,6.7669,High(151-200),0,0,1,0,0,0
L,298.3,309.1,1387,52.3,160,0,0,0,0,0,0,0,10.8,7.5958,High(151-200),0,1,1,1,0,0
H,298.3,309.1,1430,40.9,162,0,0,0,0,0,0,2,10.8,6.1243,High(151-200),0,0,0,0,0,0
M,298.4,309.1,1576,38.8,167,0,0,0,0,0,0,1,10.7,6.403,High(151-200),0,0,0,0,0,0
M,298.5,309.2,1721,29.4,170,0,0,0,0,0,0,1,10.7,5.2982,High(151-200),0,0,0,0,0,0
M,298.5,309.3,1465,42.4,173,0,0,0,0,0,0,1,10.8,6.5043,High(151-200),0,0,0,0,0,0
M,298.6,309.4,1407,45.1,176,0,0,0,0,0,0,1,10.8,6.6446,High(151-200),0,0,1,0,0,0
M,298.6,309.4,1464,36.9,179,0,0,0,0,0,0,1,10.8,5.6567,High(151-200),0,0,0,0,0,0
M,298.6,309.5,1568,36.7,182,0,0,0,0,0,0,1,10.9,6.0257,High(151-200),0,0,0,0,0,0
L,298.6,309.4,1667,35.6,185,0,0,0,0,0,0,0,10.8,6.2142,High(151-200),0,0,0,0,0,0
L,298.5,309.4,1360,60.9,187,1,0,0,0,1,0,0,10.9,8.6727,High(151-200),0,1,1,1,0,1
M,298.5,309.3,1488,43.7,189,0,0,0,0,0,0,1,10.8,6.809,High(151-200),0,0,0,0,0,0
L,298.4,309.3,1504,39.3,192,0,0,0,0,0,0,0,10.9,6.1892,High(151-200),0,0,0,0,0,0
L,298.4,309.2,1610,32.4,194,0,0,0,0,0,0,0,10.8,5.4622,High(151-200),0,0,0,0,0,0
L,298.4,309.2,1345,52.7,196,0,0,0,0,0,0,0,10.8,7.4221,High(151-200),0,1,1,1,0,0
M,298.3,309.3,1376,57.0,198,0,0,0,0,0,0,1,11.0,8.2128,High(151-200),0,1,1,1,0,0
L,298.4,309.4,1385,50.0,201,0,0,0,0,0,0,0,11.0,7.2513,Critical(>200),1,1,1,1,0,0
M,298.4,309.4,1429,41.8,203,0,0,0,0,0,0,1,11.0,6.2547,Critical(>200),1,0,0,0,0,0
L,298.3,309.3,1337,56.1,206,1,0,0,0,1,0,0,11.0,7.854,Critical(>200),1,1,1,1,0,1
L,298.4,309.3,1542,35.4,208,0,0,0,0,0,0,0,10.9,5.7159,Critical(>200),1,0,0,0,0,0
L,298.4,309.2,2118,17.7,210,0,0,0,0,0,0,0,10.8,3.9255,Critical(>200),1,0,0,0,0,0
L,298.3,309.1,1386,45.3,212,0,0,0,0,0,0,0,10.8,6.5744,Critical(>200),1,0,1,0,0,0
M,298.3,309.1,1632,32.7,0,0,0,0,0,0,0,1,10.8,5.5881,Fresh(0-50),0,0,0,0,0,0
L,298.4,309.3,1545,36.9,3,0,0,0,0,0,0,0,10.9,5.9697,Fresh(0-50),0,0,0,0,0,0
M,298.4,309.3,1390,53.6,5,0,0,0,0,0,0,1,10.9,7.8015,Fresh(0-50),0,1,1,1,0,0
M,298.4,309.3,1355,50.6,8,0,0,0,0,0,0,1,10.9,7.1794,Fresh(0-50),0,1,1,1,0,0
L,298.4,309.2,1425,45.5,11,0,0,0,0,0,0,0,10.8,6.7893,Fresh(0-50),0,0,0,0,0,0
M,298.4,309.2,1491,51.2,13,0,0,0,0,0,0,1,10.8,7.9936,Fresh(0-50),0,1,0,0,0,0
H,298.3,309.2,1486,42.4,16,0,0,0,0,0,0,2,10.9,6.5975,Fresh(0-50),0,0,0,0,0,0
M,298.3,309.2,1359,51.4,21,0,0,0,0,0,0,1,10.9,7.3144,Fresh(0-50),0,1,1,1,0,0
L,298.4,309.3,1395,47.6,24,0,0,0,0,0,0,0,10.9,6.9531,Fresh(0-50),0,1,1,1,0,0
L,298.3,309.2,1383,52.1,26,0,0,0,0,0,0,0,10.9,7.545,Fresh(0-50),0,1,1,1,0,0
H,298.3,309.1,1484,37.0,28,0,0,0,0,0,0,2,10.8,5.7495,Fresh(0-50),0,0,0,0,0,0
L,298.3,309.1,1421,47.4,33,0,0,0,0,0,0,0,10.8,7.0529,Fresh(0-50),0,1,1,1,0,0
L,298.3,309.0,1339,58.8,35,0,0,0,0,0,0,0,10.7,8.2443,Fresh(0-50),0,1,1,1,0,0
L,298.4,309.1,1362,46.1,37,0,0,0,0,0,0,0,10.7,6.5747,Fresh(0-50),0,0,1,0,0,0
H,298.5,309.2,1568,40.6,39,0,0,0,0,0,0,2,10.7,6.6661,Fresh(0-50),0,0,0,0,0,0
L,298.6,309.4,2312,15.5,44,0,0,0,0,0,0,0,10.8,3.7525,Fresh(0-50),0,0,0,0,0,0
M,298.5,309.3,1498,34.6,46,0,0,0,0,0,0,1,10.8,5.4273,Fresh(0-50),0,0,0,0,0,0
M,298.5,309.3,1761,27.2,49,0,0,0,0,0,0,1,10.8,5.0156,Fresh(0-50),0,0,0,0,0,0
L,298.6,309.4,1316,51.4,52,0,0,0,0,0,0,0,10.8,7.083,Low(51-100),0,1,1,1,0,0
L,298.6,309.4,1525,37.8,54,0,0,0,0,0,0,0,10.8,6.0361,Low(51-100),0,0,0,0,0,0
H,298.6,309.4,1362,45.3,56,0,0,0,0,0,0,2,10.8,6.4606,Low(51-100),0,0,1,0,0,0
L,298.7,309.6,1516,38.5,61,0,0,0,0,0,0,0,10.9,6.1116,Low(51-100),0,0,0,0,0,0
L,298.6,309.5,1450,44.2,63,0,0,0,0,0,0,0,10.9,6.711,Low(51-100),0,0,0,0,0,0
M,298.6,309.5,1366,55.0,65,0,0,0,0,0,0,1,10.9,7.867,Low(51-100),0,1,1,1,0,0
L,298.5,309.5,1547,33.1,68,0,0,0,0,0,0,0,11.0,5.3619,Low(51-100),0,0,0,0,0,0
M,298.6,309.5,1580,33.9,70,0,0,0,0,0,0,1,10.9,5.6086,Low(51-100),0,0,0,0,0,0
H,298.7,309.6,1755,26.9,73,0,0,0,0,0,0,2,10.9,4.9434,Low(51-100),0,0,0,0,0,0
M,298.7,309.6,1800,24.8,78,0,0,0,0,0,0,1,10.9,4.6743,Low(51-100),0,0,0,0,0,0
M,298.8,309.7,1439,45.8,81,0,0,0,0,0,0,1,10.9,6.9012,Low(51-100),0,0,0,0,0,0
L,298.9,309.8,1411,56.3,84,0,0,0,0,0,0,0,10.9,8.3183,Low(51-100),0,1,1,1,0,0
M,298.9,309.9,1645,31.4,86,0,0,0,0,0,0,1,11.0,5.4087,Low(51-100),0,0,0,0,0,0
M,298.9,309.8,2450,13.9,89,0,0,0,0,0,0,1,10.9,3.566,Low(51-100),0,0,0,0,0,0
L,299.0,309.9,1630,34.0,92,0,0,0,0,0,0,0,10.9,5.8031,Low(51-100),0,0,0,0,0,0
L,299.0,309.9,1411,44.7,94,0,0,0,0,0,0,0,10.9,6.6044,Low(51-100),0,0,1,0,0,0
L,298.9,309.9,1526,35.4,96,0,0,0,0,0,0,0,11.0,5.6566,Low(51-100),0,0,0,0,0,0
L,298.9,309.9,1590,31.3,98,0,0,0,0,0,0,0,11.0,5.2112,Low(51-100),0,0,0,0,0,0
H,299.0,309.9,1884,25.6,100,0,0,0,0,0,0,2,10.9,5.0503,Low(51-100),0,0,0,0,0,0
M,298.9,309.8,1947,21.7,105,0,0,0,0,0,0,1,10.9,4.4241,Medium(101-150),0,0,0,0,0,0
L,298.9,309.9,1373,52.1,108,0,0,0,0,0,0,0,11.0,7.4904,Medium(101-150),0,1,1,1,0,0
L,298.9,309.8,1616,36.5,110,0,0,0,0,0,0,0,10.9,6.1763,Medium(101-150),0,0,0,0,0,0
M,298.9,309.9,1449,44.1,112,0,0,0,0,0,0,1,11.0,6.6912,Medium(101-150),0,0,0,0,0,0
M,298.9,309.8,1363,50.6,115,0,0,0,0,0,0,1,10.9,7.2218,Medium(101-150),0,1,1,1,0,0
H,298.8,309.7,1461,55.1,118,0,0,0,0,0,0,2,10.9,8.4294,Medium(101-150),0,1,0,0,0,0
L,298.8,309.7,1374,58.6,123,0,0,0,0,0,0,0,10.9,8.431,Medium(101-150),0,1,1,1,0,0
L,298.7,309.7,1293,59.1,125,0,0,0,0,0,0,0,11.0,8.0017,Medium(101-150),0,1,1,1,0,0
M,298.8,309.8,1490,38.6,127,0,0,0,0,0,0,1,11.0,6.0224,Medium(101-150),0,0,0,0,0,0
L,298.8,309.8,1753,27.5,130,0,0,0,0,0,0,0,11.0,5.0479,Medium(101-150),0,0,0,0,0,0
L,298.8,309.8,1493,38.5,132,0,0,0,0,0,0,0,11.0,6.0189,Medium(101-150),0,0,0,0,0,0
L,298.8,309.8,1895,22.0,134,0,0,0,0,0,0,0,11.0,4.3654,Medium(101-150),0,0,0,0,0,0
H,298.7,309.6,1654,34.3,136,0,0,0,0,0,0,2,10.9,5.9405,Medium(101-150),0,0,0,0,0,0
L,298.7,309.5,1673,30.8,141,0,0,0,0,0,0,0,10.8,5.3956,Medium(101-150),0,0,0,0,0,0
L,298.8,309.6,1613,27.7,143,0,0,0,0,0,0,0,10.8,4.6785,Medium(101-150),0,0,0,0,0,0
L,298.8,309.6,1903,22.3,145,0,0,0,0,0,0,0,10.8,4.4437,Medium(101-150),0,0,0,0,0,0
L,298.8,309.5,1368,44.7,147,0,0,0,0,0,0,0,10.7,6.4031,Medium(101-150),0,0,1,0,0,0
M,298.8,309.6,1575,34.4,149,0,0,0,0,0,0,1,10.8,5.6733,Medium(101-150),0,0,0,0,0,0
H,298.8,309.6,1516,40.2,152,0,0,0,0,0,0,2,10.8,6.3815,High(151-200),0,0,0,0,0,0
L,298.8,309.5,1645,32.8,157,0,0,0,0,0,0,0,10.7,5.6498,High(151-200),0,0,0,0,0,0
L,298.8,309.5,1374,48.1,159,0,0,0,0,0,0,0,10.7,6.9204,High(151-200),0,1,1,1,0,0
H,298.9,309.7,1407,48.6,161,0,0,0,0,0,0,2,10.8,7.1602,High(151-200),0,1,1,1,0,0
M,298.9,309.6,1284,55.3,166,0,0,0,0,0,0,1,10.7,7.4351,High(151-200),0,1,1,1,0,0
L,298.9,309.5,1645,31.1,169,0,0,0,0,0,0,0,10.6,5.357,High(151-200),0,0,0,0,0,0
L,298.8,309.4,1387,54.1,171,0,0,0,0,0,0,0,10.6,7.8572,High(151-200),0,1,1,1,0,0
M,298.8,309.3,1618,35.1,173,0,0,0,0,0,0,1,10.5,5.9468,High(151-200),0,0,0,0,0,0
L,298.8,309.3,1357,47.1,176,0,0,0,0,0,0,0,10.5,6.6926,High(151-200),0,1,1,1,0,0
L,298.7,309.2,1396,44.8,178,0,0,0,0,0,0,0,10.5,6.5488,High(151-200),0,0,1,0,0,0
L,298.7,309.2,1586,31.4,180,0,0,0,0,0,0,0,10.5,5.2147,High(151-200),0,0,0,0,0,0
H,298.7,309.2,1449,42.3,182,0,0,0,0,0,0,2,10.5,6.4181,High(151-200),0,0,0,0,0,0
M,298.7,309.2,1423,48.9,187,0,0,0,0,0,0,1,10.5,7.2864,High(151-200),0,1,0,0,0,0
H,298.7,309.3,1402,45.3,190,0,0,0,0,0,0,2,10.6,6.6503,High(151-200),0,0,1,0,0,0
M,298.7,309.2,1437,45.7,195,0,0,0,0,0,0,1,10.5,6.8765,High(151-200),0,0,0,0,0,0
L,298.6,309.1,1537,35.7,198,0,0,0,0,0,0,0,10.5,5.7456,High(151-200),0,0,0,0,0,0
M,298.7,309.1,1423,49.5,200,0,0,0,0,0,0,1,10.4,7.3758,High(151-200),0,1,0,0,0,0
M,298.6,309.1,1587,37.3,203,0,0,0,0,0,0,1,10.5,6.1984,Critical(>200),1,0,0,0,0,0
M,298.6,309.1,1487,43.2,206,0,0,0,0,0,0,1,10.5,6.7265,Critical(>200),1,0,0,0,0,0
L,298.6,309.0,1456,47.7,0,0,0,0,0,0,0,0,10.4,7.2724,Fresh(0-50),0,1,0,0,0,0
L,298.7,309.1,1607,32.7,2,0,0,0,0,0,0,0,10.4,5.5025,Fresh(0-50),0,0,0,0,0,0
L,298.6,309.0,1469,46.0,4,0,0,0,0,0,0,0,10.4,7.0758,Fresh(0-50),0,0,0,0,0,0
M,298.6,309.0,1481,40.8,6,0,0,0,0,0,0,1,10.4,6.3272,Fresh(0-50),0,0,0,0,0,0
L,298.6,308.9,1327,58.8,9,0,0,0,0,0,0,0,10.3,8.1704,Fresh(0-50),0,1,1,1,0,0
L,298.5,308.8,1589,30.6,11,0,0,0,0,0,0,0,10.3,5.0915,Fresh(0-50),0,0,0,0,0,0
L,298.5,308.8,1670,29.6,13,0,0,0,0,0,0,0,10.3,5.1761,Fresh(0-50),0,0,0,0,0,0
M,298.5,308.7,1662,28.3,15,0,0,0,0,0,0,1,10.2,4.9251,Fresh(0-50),0,0,0,0,0,0
M,298.5,308.8,1553,34.9,18,0,0,0,0,0,0,1,10.3,5.6754,Fresh(0-50),0,0,0,0,0,0
M,298.5,308.8,1557,36.0,21,0,0,0,0,0,0,1,10.3,5.8693,Fresh(0-50),0,0,0,0,0,0
L,298.4,308.8,1352,56.7,24,0,0,0,0,0,0,0,10.4,8.0271,Fresh(0-50),0,1,1,1,0,0
L,298.5,308.8,1305,58.7,26,0,0,0,0,0,0,0,10.3,8.0213,Fresh(0-50),0,1,1,1,0,0
H,298.5,308.7,1450,43.9,28,0,0,0,0,0,0,2,10.2,6.6654,Fresh(0-50),0,0,0,0,0,0
M,298.5,308.7,1347,48.5,33,0,0,0,0,0,0,1,10.2,6.8408,Fresh(0-50),0,1,1,1,0,0
H,298.6,308.8,1566,39.1,36,0,0,0,0,0,0,2,10.2,6.4116,Fresh(0-50),0,0,0,0,0,0
M,298.5,308.7,1615,33.3,41,0,0,0,0,0,0,1,10.2,5.6314,Fresh(0-50),0,0,0,0,0,0
M,298.5,308.6,1384,54.4,44,0,0,0,0,0,0,1,10.1,7.8837,Fresh(0-50),0,1,1,1,0,0
M,298.5,308.7,1367,47.3,47,0,0,0,0,0,0,1,10.2,6.7706,Fresh(0-50),0,1,1,1,0,0
M,298.5,308.6,1897,20.2,50,0,0,0,0,0,0,1,10.1,4.0125,Fresh(0-50),0,0,0,0,0,0
L,298.5,308.6,1522,36.9,53,0,0,0,0,0,0,0,10.1,5.8808,Low(51-100),0,0,0,0,0,0
M,298.4,308.5,1576,27.4,55,0,0,0,0,0,0,1,10.1,4.5217,Low(51-100),0,0,0,0,0,0
H,298.4,308.4,1479,39.2,58,0,0,0,0,0,0,2,10.0,6.0709,Low(51-100),0,0,0,0,0,0
L,298.3,308.3,1452,45.5,63,0,0,0,0,0,0,0,10.0,6.9179,Low(51-100),0,0,0,0,0,0
L,298.3,308.3,1432,46.9,65,0,0,0,0,0,0,0,10.0,7.0325,Low(51-100),0,1,0,0,0,0
L,298.3,308.2,1663,28.4,67,0,0,0,0,0,0,0,9.9,4.9455,Low(51-100),0,0,0,0,0,0
L,298.3,308.3,1597,32.4,69,0,0,0,0,0,0,0,10.0,5.4181,Low(51-100),0,0,0,0,0,0
L,298.3,308.2,1472,44.3,71,0,0,0,0,0,0,0,9.9,6.8282,Low(51-100),0,0,0,0,0,0
L,298.4,308.3,1452,48.5,73,0,0,0,0,0,0,0,9.9,7.374,Low(51-100),0,1,0,0,0,0
H,298.3,308.2,1534,33.2,75,0,0,0,0,0,0,2,9.9,5.3329,Low(51-100),0,0,0,0,0,0
L,298.3,308.1,1505,46.1,80,0,0,0,0,0,0,0,9.8,7.265,Low(51-100),0,0,0,0,0,0
L,298.3,308.1,1528,33.9,82,0,0,0,0,0,0,0,9.8,5.424,Low(51-100),0,0,0,0,0,0
H,298.3,308.1,2636,12.8,84,0,0,0,0,0,0,2,9.8,3.5331,Low(51-100),0,0,0,0,0,0
M,298.3,308.1,1722,28.6,89,0,0,0,0,0,0,1,9.8,5.157,Low(51-100),0,0,0,0,0,0
L,298.4,308.1,1395,44.0,92,0,0,0,0,0,0,0,9.7,6.4272,Low(51-100),0,0,1,0,0,0
L,298.4,308.1,1375,50.8,94,0,0,0,0,0,0,0,9.7,7.3141,Low(51-100),0,1,1,1,0,0
M,298.3,308.0,1766,26.0,96,0,0,0,0,0,0,1,9.7,4.808,Low(51-100),0,0,0,0,0,0
L,298.3,307.9,1399,47.8,99,0,0,0,0,0,0,0,9.6,7.0023,Low(51-100),0,1,1,1,0,0
L,298.3,308.0,1578,37.8,101,0,0,0,0,0,0,0,9.7,6.2459,Medium(101-150),0,0,0,0,0,0
L,298.3,307.9,1502,42.0,103,0,0,0,0,0,0,0,9.6,6.6057,Medium(101-150),0,0,0,0,0,0
M,298.2,307.9,1529,36.6,105,0,0,0,0,0,0,1,9.7,5.8598,Medium(101-150),0,0,0,0,0,0
L,298.2,307.8,1804,25.1,108,0,0,0,0,0,0,0,9.6,4.7414,Medium(101-150),0,0,0,0,0,0
M,298.2,307.8,1411,53.4,110,0,0,0,0,0,0,1,9.6,7.8898,Medium(101-150),0,1,1,1,0,0
L,298.1,307.8,1413,54.1,113,0,0,0,0,0,0,0,9.7,8.0045,Medium(101-150),0,1,1,1,0,0
L,298.2,307.8,1355,59.4,115,0,0,0,0,0,0,0,9.6,8.428,Medium(101-150),0,1,1,1,0,0
L,298.2,307.8,1429,46.9,117,0,0,0,0,0,0,0,9.6,7.0178,Medium(101-150),0,1,0,0,0,0
L,298.1,307.8,1565,35.3,119,0,0,0,0,0,0,0,9.7,5.7848,Medium(101-150),0,0,0,0,0,0
M,298.1,307.9,1446,42.8,121,0,0,0,0,0,0,1,9.8,6.4805,Medium(101-150),0,0,0,0,0,0
M,298.2,307.9,1462,38.8,124,0,0,0,0,0,0,1,9.7,5.9399,Medium(101-150),0,0,0,0,0,0
M,298.2,307.8,1578,34.5,127,0,0,0,0,0,0,1,9.6,5.7006,Medium(101-150),0,0,0,0,0,0
L,298.1,307.8,1606,33.0,130,0,0,0,0,0,0,0,9.7,5.5495,Medium(101-150),0,0,0,0,0,0
M,298.1,307.8,1525,35.9,132,0,0,0,0,0,0,1,9.7,5.7327,Medium(101-150),0,0,0,0,0,0
L,298.1,307.8,1379,49.1,135,0,0,0,0,0,0,0,9.7,7.0899,Medium(101-150),0,1,1,1,0,0
L,298.2,307.8,1575,35.0,137,0,0,0,0,0,0,0,9.6,5.7723,Medium(101-150),0,0,0,0,0,0
L,298.2,307.9,1399,54.9,139,0,0,0,0,0,0,0,9.7,8.0424,Medium(101-150),0,1,1,1,0,0
L,298.2,307.9,1429,49.4,141,0,0,0,0,0,0,0,9.7,7.3919,Medium(101-150),0,1,0,0,0,0
L,298.3,307.9,1435,39.9,143,0,0,0,0,0,0,0,9.6,5.9954,Medium(101-150),0,0,0,0,0,0
L,298.3,307.9,1766,26.5,145,0,0,0,0,0,0,0,9.6,4.9004,Medium(101-150),0,0,0,0,0,0
L,298.3,307.9,1703,28.9,147,0,0,0,0,0,0,0,9.6,5.1536,Medium(101-150),0,0,0,0,0,0
L,298.3,307.9,1507,41.2,149,0,0,0,0,0,0,0,9.6,6.5014,Medium(101-150),0,0,0,0,0,0
M,298.3,307.9,1609,32.4,151,0,0,0,0,0,0,1,9.6,5.4588,High(151-200),0,0,0,0,0,0
L,298.4,308.0,1605,32.4,154,0,0,0,0,0,0,0,9.6,5.4452,High(151-200),0,0,0,0,0,0
L,298.4,308.1,1491,50.0,156,0,0,0,0,0,0,0,9.7,7.8063,High(151-200),0,1,0,0,0,0
H,298.4,308.1,1891,24.7,158,0,0,0,0,0,0,2,9.7,4.8909,High(151-200),0,0,0,0,0,0
H,298.5,308.2,1563,44.6,163,0,0,0,0,0,0,2,9.7,7.2995,High(151-200),0,0,0,0,0,0
L,298.6,308.2,1390,51.4,168,0,0,0,0,0,0,0,9.6,7.4813,High(151-200),0,1,1,1,0,0
L,298.5,308.2,1444,40.5,170,0,0,0,0,0,0,0,9.7,6.1238,High(151-200),0,0,0,0,0,0
L,298.6,308.2,1361,68.2,172,1,0,0,1,1,0,0,9.6,9.7194,High(151-200),0,1,1,1,0,2
M,298.6,308.3,1589,34.1,174,0,0,0,0,0,0,1,9.7,5.6738,High(151-200),0,0,0,0,0,0
L,298.6,308.2,1705,26.3,177,0,0,0,0,0,0,0,9.6,4.6954,High(151-200),0,0,0,0,0,0
L,298.6,308.3,1422,40.4,179,0,0,0,0,0,0,0,9.7,6.0156,High(151-200),0,0,1,0,0,0
H,298.6,308.3,1377,52.1,181,0,0,0,0,0,0,2,9.7,7.5122,High(151-200),0,1,1,1,0,0
L,298.5,308.3,1334,49.8,186,0,0,0,0,0,0,0,9.8,6.9564,High(151-200),0,1,1,1,0,0
L,298.6,308.4,1559,36.6,188,0,0,0,0,0,0,0,9.8,5.9748,High(151-200),0,0,0,0,0,0
L,298.7,308.5,1353,47.0,190,0,0,0,0,0,0,0,9.8,6.6587,High(151-200),0,1,1,1,0,0
M,298.7,308.4,1507,45.7,192,0,0,0,0,0,0,1,9.7,7.2115,High(151-200),0,0,0,0,0,0
L,298.7,308.4,1694,28.7,195,0,0,0,0,0,0,0,9.7,5.0909,High(151-200),0,0,0,0,0,0
H,298.7,308.4,1432,42.8,197,0,0,0,0,0,0,2,9.7,6.4178,High(151-200),0,0,0,0,0,0
H,298.7,308.5,1572,35.6,202,0,0,0,0,0,0,2,9.8,5.86,Critical(>200),1,0,0,0,0,0
M,298.8,308.6,1507,42.3,207,0,0,0,0,0,0,1,9.8,6.675,Critical(>200),1,0,0,0,0,0
M,298.8,308.6,1500,37.1,210,0,0,0,0,0,0,1,9.8,5.8272,Critical(>200),1,0,0,0,0,0
L,298.9,308.6,1771,24.1,213,0,0,0,0,0,0,0,9.7,4.4692,Critical(>200),1,0,0,0,0,0
M,298.8,308.5,1577,33.2,0,0,0,0,0,0,0,1,9.7,5.4823,Fresh(0-50),0,0,0,0,0,0
L,298.8,308.5,1527,36.2,3,0,0,0,0,0,0,0,9.7,5.7882,Fresh(0-50),0,0,0,0,0,0
M,298.9,308.4,1827,26.1,5,0,0,0,0,0,0,1,9.5,4.9932,Fresh(0-50),0,0,0,0,0,0
L,298.8,308.4,1484,39.2,8,0,0,0,0,0,0,0,9.6,6.0914,Fresh(0-50),0,0,0,0,0,0
L,298.8,308.4,1401,47.3,10,0,0,0,0,0,0,0,9.6,6.939,Fresh(0-50),0,1,1,1,0,0
L,298.8,308.3,1634,27.9,12,0,0,0,0,0,0,0,9.5,4.7737,Fresh(0-50),0,0,0,0,0,0
M,298.8,308.4,1604,29.5,14,0,0,0,0,0,0,1,9.6,4.9548,Fresh(0-50),0,0,0,0,0,0
H,298.9,308.4,1632,31.8,17,0,0,0,0,0,0,2,9.5,5.4343,Fresh(0-50),0,0,0,0,0,0
M,299.0,308.6,1645,33.4,22,0,0,0,0,0,0,1,9.6,5.7532,Fresh(0-50),0,0,0,0,0,0
H,299.0,308.7,1408,48.5,25,0,0,0,0,0,0,2,9.7,7.1506,Fresh(0-50),0,1,1,1,0,0
M,299.0,308.7,1500,40.2,30,0,0,0,0,0,0,1,9.7,6.3141,Fresh(0-50),0,0,0,0,0,0
